A4,A4,
API Endpoint,نقطة وصولAPI,
API Key,مفتاح API,
Access Token,رمز وصول,
Account,حساب,
Accounts Manager,مدير حسابات,
Accounts User,حسابات المستخدم,
Action,اجراء,
Actions,الإجراءات,
Active,فعال,
Add,إضافة,
Add Comment,أضف تعليق,
Add Row,اضف سطر,
Address,العنوان,
Address Line 2,العنوان رقم 2,
Address Title,إسم العنوان,
Address Type,نوع العنوان,
Administrator,المسئوول,
All Day,كل اليوم,
Allow Delete,السماح بالحذف,
Amended From,معدل من,
Amount,المبلغ,
Applicable For,قابل للتطبيق ل,
Approval Status,حالة الموافقة,
Assign,احالة الى,
Assign To,احالة الى ,
Attachment,المرفق,
Attachments,المرفقات,
Author,المؤلف,
Auto Repeat,تكرار تلقائي,
Base URL,الرابط الأساسي,
Based On,بناء على,
Beginner,مبتدئ,
Billing,الفواتير,
Cancel,إلغاء,
Category,الفئة,
Category Name,اسم التصنيف,
City,المدينة,
City/Town,المدينة / البلدة,
Client,المواطن,
Client ID,رقم المواطن,
Client Secret,سر المواطن,
Closed,مغلق,
Code,الكود,
Collapse All,انتهاء الكل,
Color,اللون,
Company Name,اسم الشركة,
Condition,الحالة,
Contact,جهة اتصال,
Contact Details,تفاصيل الاتصال,
Content,المحتوى,
Content Type,نوع المحتوى,
Create,انشاء,
Created By,منشئه بواسطه,
Current,الحالي,
Custom HTML,مخصصة HTML,
Custom?,مخصص؟,
Date Format,تنسيق التاريخ,
Datetime,التاريخ والوقت,
Day,اليوم,
Default Letter Head,ترويسة التقارير الأفتراضية,
Defaults,القيم الافتراضية,
Delivery Status,حالة التسليم,
Department,الادارة,
Details,التفاصيل,
Document Name,اسم الوثيقة,
Document Status,حالة الوثيقة,
Document Type,نوع الوثيقة,
Domain,مجال العمل,
Domains,المجالات,
Draft,مسودة,
Edit,تعديل,
Email Account,حساب البريد الإلكتروني,
Email Address,البريد الالكتروني,
Email ID,عنوان الايميل,
Email Sent,إرسال البريد الإلكتروني,
Email Template,قالب البريد الإلكتروني,
Enable,تمكين,
Enabled,تم التمكين,
End Date,نهاية التاريخ,
Error Code: {0},خطاء في الكود: {0},
Error Log,سجل الأخطاء,
Event,اجراء,
Expand All,توسيع الكل,
Fail,فشل,
Failed,باءت بالفشل,
Fax,فاكس,
Feedback,Feedback,
Female,أنثى,
Field Name,اسم الحقل,
Fieldname,اسم الحقل,
Fields,الحقول,
First Name,الاسم الأول,
Frequency,متكرر,
Friday,الجمعة,
From,من,
Full,ممتلئ,
Full Name,الاسم الكامل,
Further nodes can be only created under 'Group' type nodes,العقد الإضافية يمكن أن تنشأ فقط في ظل العقد نوع ' المجموعة ',
Gender,الجنس,
GitHub Sync ID,معرف مزامنة GitHub,
Guest,الضيف,
Half Day,نصف يوم,
Half Yearly,نصف سنوي,
High,مستوى عالي,
Hourly,كل ساعة,
Hub Sync ID,معرف مزامنة المحور,
IP Address,عنوان IP,
Image,الصورة,
Image View,عرض الصورة,
Import Data,استيراد البيانات,
Import Log,سجل الاستيراد,
Inactive,غير فعال,
Insert,إدراج,
Interests,الإهتمامات,
Introduction,مقدمة,
Is Active,هل هو فعال,
Is Completed,هل قد اكتمل,
Is Default,هل هو افتراضي,
Kanban Board,لوح كانبان,
Label,الملصق,
Language Name,اسم اللغة,
Last Name,اسم العائلة,
Leaderboard,المتصدرين,
Letter Head,ترئيس الرسالة,
Level,المستوى,
Limit,الحد,
Log,السجل,
Logs,السجلات,
Low,منخفض,
Maintenance Manager,مدير الصيانة,
Maintenance User,عضو الصيانة,
Male,ذكر,
Mandatory,إلزامي,
Mapping,رسم الخرائط,
Mapping Type,نوع رسم الخرائط,
Medium,متوسط,
Meeting,اجتماع,
Message Examples,أمثلة الرسالة,
Method,طريقة,
Middle Name,الاسم الأوسط,
Middle Name (Optional),الاسم الأوسط (اختياري),
Monday,يوم الاثنين,
Monthly,شهريا,
More,أكثر,
More Information,المزيد من المعلومات,
More...,المزيد...,
Move,حرك,
My Account,حسابي,
New Address,عنوان جديد,
New Contact,جهة اتصال جديدة,
Next,التالي,
No Data,لا توجد بيانات,
No address added yet.,لم تتم إضافة أي عنوان حتى الآن.,
No contacts added yet.,لم تتم إضافة أي جهات اتصال حتى الآن.,
No items found.,لم يتم العثور على العناصر.,
None,لا شيء,
Not Permitted,لا يسمح,
Not active,غير فعالة,
Notes,الملاحظات,
Number,الرقم,
Online,متصل بالسيرفر,
Operation,العملية,
Options,الخيارات,
Other,آخر,
Owner,المالك,
Page Missing or Moved,الصفحة مفقودة أو تم نقلها,
Parameter,المتغير,
Password,كلمة السر,
Payment Gateway,بوابة الدفع,
Payment Gateway Name,اسم بوابة الدفع,
Payments,المدفوعات,
Period,الفترة,
Pincode,رمز Pin,
Plan Name,اسم الخطة,
Please enable pop-ups,يرجى تمكين النوافذ المنبثقة,
Please select Company,الرجاء اختيار شركة \n<br>\nPlease select Company,
Please set Email Address,يرجى وضع عنوان البريد الإلكتروني,
Portal,البوابة,
Portal Settings,إعدادات البوابة,
Preview,معاينة,
Primary,أساسي,
Print Format,تنسيق الطباعة,
Print Settings,إعدادات الطباعة,
Print taxes with zero amount,طباعة الضرائب بقيمة صفر,
Private,خاص,
Property,ممتلكات,
Public,عام,
Published,تم النشر,
Purchase Manager,مدير المشتريات,
Purchase Master Manager,المدير الرئيسي للمشتريات,
Purchase User,مستخدم مشتريات,
Query Options,خيارات الاستعلام,
Rating,تقييم,
Received,استلمت,
Recipients,المستلمين,
Redirect URL,إعادة توجيه URL,
Reference,المرجع,
Reference Date,المرجع تاريخ,
Reference Document,وثيقة مرجعية,
Reference Document Type,مرجع نوع الوثيقة,
Reference Owner,مرجع المالك,
Reference Type,نوع المرجع,
Refresh Token,تحديث رمز,
Region,منطقة,
Rejected,مرفوض,
Reopen,إعادة فتح,
Replied,تم الرد,
Report,تقرير,
Report Builder,انشاء تقرير,
Report Type,نوع التقرير,
Reports,تقارير,
Response,الإستجابة,
Role,صلاحية,
Route,المسار,
Sales Manager,مدير المبيعات,
Sales Master Manager,المدير الرئيسي للمبيعات,
Sales User,مستخدم مبيعات,
Salutation,البيان,
Sample,عينة,
Saturday,يوم السبت,
Saved,حفظ,
Scan Barcode,مسح الباركود,
Scheduled,مجدول,
Search,البحث,
Secret Key,المفتاح السري,
Select,حدد,
Select DocType,حدد نوع الوثيقة,
Send Now,أرسل الآن,
Sent,تم الارسال,
Series {0} already used in {1},الترقيم المتسلسل {0} مستخدم بالفعل في {1},
Service,خدمة,
Set as Default,تعيين كافتراضي,
Settings,إعدادات,
Shipping,الشحن,
Short Name,الاسم المختصر,
Slideshow,عرض الشرائح,
Some information is missing,بعض المعلومات مفقودة,
Source,المصدر,
Source Name,اسم المصدر,
Standard,الاساسي,
Start Date,تاريخ البدء,
Start Import,بدء الاستيراد,
State,الحالة,
Stopped,متوقف,
Subject,الموضوع,
Submit,تأكيد,
Successful,ناجح,
Summary,الملخص,
Sunday,يوم الأحد,
System Manager,مدير النظام,
Target,الهدف,
Task,المهمة,
Tax Category,الفئة الضريبية,
Test,اختبار,
Thank you,شكرا,
The page you are looking for is missing. This could be because it is moved or there is a typo in the link.,الصفحة التي تبحث عنها مفقوده. قد يكون هذا اما بسبب نقله أو أن هناك خطأ مطبعي في الارتباط.,
Timespan,الفترة الزمنية,
To,إلى,
To Date,إلى تاريخ,
Tools,أدوات,
Traceback,Traceback,
URL,رابط الانترنت,
Unsubscribed,إلغاء اشتراكك,
Use Sandbox,استخدام ساندبوكس,
User,المستخدم,
User ID,تعريف المستخدم,
Users,المستخدمين,
Validity,الصلاحية,
Warning,تحذير,
Website,الموقع,
Website Manager,مدير الموقع,
Website Settings,إعدادات الموقع,
Wednesday,يوم الأربعاء,
Week,الأسبوع,
Weekdays,أيام الأسبوع,
Weekly,الأسبوعية,
Welcome email sent,رسالة الترحيب تم أرسالها,
Workflow,سير العمل,
You need to be logged in to access this page,تحتاج إلى تسجيل الدخول للوصول إلى هذه الصفحة,
old_parent,old_parent,
{0} is mandatory,{0} إلزامي,
 to your browser,لمتصفحك,
"""Company History""","""نبذة عن الشركة""",
"""Parent"" signifies the parent table in which this row must be added","""الاصل"" يشير الى الجدول الأصلي الذي يجب اضافة هذا الصف اليه",
"""Team Members"" or ""Management""","""أعضاء الفريق"" أو ""الإدارة""",
&lt;head&gt; HTML,HTML,
'In Global Search' not allowed for type {0} in row {1},"""في البحث العالمي"" غير مسموح للنوع {0} في الصف {1}",
'In List View' not allowed for type {0} in row {1},'في عرض القائمة' غير مسموح للنوع {0} في الصف {1},
'Recipients' not specified,لم يتم تحديد &quot;المستلمين&quot;,
(Ctrl + G),(كنترول + G),
** Failed: {0} to {1}: {2},** فشل: {0} إلى {1}: {2},
**Currency** Master,سجل  **العملات**,
0 - Draft; 1 - Submitted; 2 - Cancelled,0 - مسودّة؛ 1 - تأكيد؛ 2 - ملغي,
0 is highest,0 أعلى قيمة,
1 Currency = [?] Fraction\nFor e.g. 1 USD = 100 Cent,وحدة واحدة من العملة = ؟ أجزاء صغيرة من العملة. على سبيل المثال : 1 ريال سعودي = 100 هللة.,
1 comment,تعليق واحد,
1 hour ago,منذ 1 ساعة,
1 minute ago,منذ 1 دقيقة,
1 month,شهر واحد,
1 month ago,قبل شهر,
1 week,أسبوع 1,
1 year,1 سنة,
1 year ago,منذ سنة,
3 months,3 اشهر,
6 months,6 اشهر,
; not allowed in condition,; غير مسموح به في حالة,
"<h4>Default Template</h4>\n<p>Uses <a href=""http://jinja.pocoo.org/docs/templates/"">Jinja Templating</a> and all the fields of Address (including Custom Fields if any) will be available</p>\n<pre><code>{{ address_line1 }}&lt;br&gt;\n{% if address_line2 %}{{ address_line2 }}&lt;br&gt;{% endif -%}\n{{ city }}&lt;br&gt;\n{% if state %}{{ state }}&lt;br&gt;{% endif -%}\n{% if pincode %} PIN:  {{ pincode }}&lt;br&gt;{% endif -%}\n{{ country }}&lt;br&gt;\n{% if phone %}Phone: {{ phone }}&lt;br&gt;{% endif -%}\n{% if fax %}Fax: {{ fax }}&lt;br&gt;{% endif -%}\n{% if email_id %}Email: {{ email_id }}&lt;br&gt;{% endif -%}\n</code></pre>","<h4> افتراضي قالب <!-- H4--> \n <p> ويستخدم <a href=""http://jinja.pocoo.org/docs/templates/""> جينجا قالبي templating </a> وجميع مجالات عنوان ( بما في ذلك الحقول المخصصة إن وجدت) سوف تكون متاحة <!-- P--> \n &lt;قبل&gt; &lt;كود&gt; {{address_line1}} العلامة &amp; lt؛ BR &amp; GT؛ \n {٪ إذا address_line2٪} {{address_line2}} العلامة &amp; lt؛ BR &amp; GT؛ { ENDIF٪ -٪} \n {{مدينة}} العلامة &amp; lt؛ BR &amp; GT؛ \n {٪ إذا الدولة٪} {{دولة}} العلامة &amp; lt؛ BR &amp; GT؛ {٪ ENDIF -٪} \n {٪ إذا كان الرقم السري٪} PIN: {{الرقم السري}} العلامة &amp; lt؛ BR &amp; GT؛ {٪ ENDIF -٪} \n {{البلاد}} العلامة &amp; lt؛ BR &amp; GT؛ \n {٪ إذا كان الهاتف٪} الهاتف: {{هاتف}} العلامة &amp; lt؛ BR &amp; GT؛ { ٪ ENDIF -٪} \n {٪ إذا الفاكس٪} فاكس: {{الفاكس}} العلامة &amp; lt؛ BR &amp; GT؛ {٪ ENDIF -٪} \n {٪ إذا٪ email_id} البريد الإلكتروني: {{email_id}} العلامة &amp; lt؛ BR &amp; GT ؛ {٪ ENDIF -٪} \n <!-- الرمز--> <!-- PRE--></p></h4>",
A Lead with this Email Address should exist,يجب أن يوجد عميل رسمي مع عنوان البريد الإلكتروني هذا,
A list of resources which the Client App will have access to after the user allows it.<br> e.g. project,قائمة الموارد التي تسمح بوصول تطبيق العميل اليها بعد سماح المستخدم بذلك. <br> على سبيل المثال مشروع,
A log of request errors,سجل من الاخطاء المطالب بها,
A new account has been created for you at {0},تم إنشاء حساب جديد لك في {0},
A symbol for this currency. For e.g. $,رمز لهذه العملة. ر.س مثلاً,
A word by itself is easy to guess.,كلمة في حد ذاتها هي سهلة التخمين.,
API Endpoint Args,نقطة وصول API Args,
API Key cannot be  regenerated,لا يمكن إعادة إنشاء مفتاح API,
API Password,API كلمة مرور,
API Secret,كلمة مرور API,
API Username,اسم مستخدم API,
ASC,تصاعدي,
About,حول,
About Us Settings,إعدادات صفحة من نحن,
About Us Team Member,أعضاء فريق صفحة من نحن,
Accept Payment,يوافق على الدفع,
Access Key ID,معرف مفتاح الوصول,
Access Token URL,رابط رمز الدخول,
Action Failed,فشل العمل,
Action Timeout (Seconds),مهلة الإجراء (ثانية),
"Actions for workflow (e.g. Approve, Cancel).","اجراءات سير العمل مثال : الموافقة,الرفض",
Active Domains,المجالات الفعالة,
Active Sessions,الجلسات الفعالة,
Activity Log,سجل النشاط,
Activity log of all users.,سجل النشاط لجميع المستخدمين.,
Add / Manage Email Domains.,إضافة / إدارة مجالات البريد الإلكتروني.,
Add / Update,إضافة / تحديث,
Add A New Rule,إضافة قاعدة جديدة,
Add Another Comment,إضافة تعليق آخر,
Add Attachment,إضافة مرفق,
Add Column,إضافة عمود,
Add Contact,إضافة جهة اتصال,
Add Contacts,اضف جهات اتصال,
Add Filter,إضافة تصفية (فلترة),
Add Google Analytics ID: eg. UA-89XXX57-1. Please search help on Google Analytics for more information.,(UA-89XXX57-1)اضافة رقم تعريفي لتحليلات \nمن فضلك ابحث في المساعدة لتحليلات جوجل لمزيد من المعلومات,
Add Group,إضافة مجموعة,
Add New Permission Rule,إضافة قاعدة صلاحية جديدة,
Add Review,إضافة مراجعة,
Add Signature,إضافة التوقيع,
Add Subscribers,إضافة مشتركين,
Add Total Row,إضافة صف الإجمالي,
Add Unsubscribe Link,إضافة رابط إلغاء الاشتراك,
Add User Permissions,إضافة صلاحيات المستخدم,
Add a New Role,إضافة دور جديد,
Add a column,إضافة عمود,
Add a comment,إضافة تعليق,
Add a new section,إضافة قسم جديد,
Add a tag ...,أضف علامة دلائلية ...,
Add all roles,إضافة كافة الأدوار,
Add code as &lt;script&gt;,إضافة التعليمات البرمجية كما &lt;script&gt;,
Add custom forms.,إضافة نماذج مخصصة.,
Add custom javascript to forms.,إضافة جافا سكريبت مخصص الى النماذج,
Add fields to forms.,إضافة حقول إلى النماذج.,
Add meta tags to your web pages,أضف علامات التعريف إلى صفحات الويب الخاصة بك,
Add script for Child Table,إضافة نص للجدول التابع,
Add to To Do,إضافة إلى المهام,
Add to table,إضافة إلى الجدول,
Add your own Tag Categories,إضافة تصنيف العلامة الدلائلية الخاصة بك,
Add your own translations,أضف الترجمة  الخاصة بك,
"Added HTML in the &lt;head&gt; section of the web page, primarily used for website verification and SEO",وأضاف HTML في القسم &lt;head&gt; من صفحة الويب، تستخدم في المقام الأول للتحقق من الموقع وSEO,
Added {0},تمت الإضافة {0},
Adding System Manager to this User as there must be atleast one System Manager,لابد من إضافة صلاحية مدير النظام لهذا المستخدم لانه لابد أن يكون هناك على الأقل مستخدم واحد لهذه الصلاحية,
Additional Permissions,ضوابط إضافية,
Address Template,نموذج العنوان,
Address Title is mandatory.,اسم العنوان إلزامي.,
Address and other legal information you may want to put in the footer.,العنوان وغيرها من المعلومات القانونية قد تحتاج لوضعها في تذييل الصفحة.,
Addresses And Contacts,العناوين و جهات الاتصال,
Adds a client custom script to a DocType,إضافة نص مخصص لعميل إلى DocType,
Adds a custom field to a DocType,DocType  اضافة حقل مخصص ل,
Admin,المشرف,
Administrator Logged In,تسجيل دخول مسؤول النظام,
Administrator accessed {0} on {1} via IP Address {2}.,.{2} المسؤول سمح له بالدخول  {0} في {1} عبر عنوان IP,
Advanced,متقدم,
Advanced Control,تحكم متقدم,
Advanced Search,البحث المتقدم,
Align Labels to the Right,محاذاة التسميات إلى اليمين,
Align Value,محاذاة القيمة,
All Images attached to Website Slideshow should be public,يجب أن تكون جميع الصور الملحقة لموقع معرض الصور على العام,
All customizations will be removed. Please confirm.,سيتم إزالة كافة التخصيصات. يرجى التأكيد.,
All fields are necessary to submit the comment.,جميع الحقول ضرورية لتقديم التعليق.,
"All possible Workflow States and roles of the workflow. Docstatus Options: 0 is""Saved"", 1 is ""Submitted"" and 2 is ""Cancelled""","جميع حالات سير العمل الممكنة وأدوار سير العمل. خيارات Docstatus: 0  ""محفوظ"" (1)،  ""مقدم"" و 2  ""ألغي""",
All-uppercase is almost as easy to guess as all-lowercase.,جميع الأحرف الكبيرة تكون سهلة التخمين تقريبا كالأحرف الصغيرة,
Allocated To,المخصصة ل,
Allow,السماح,
Allow Bulk Edit,السماح بتحرير المجلد,
Allow Comments,السماح بالتعليقات,
Allow Consecutive Login Attempts ,المحاولات المسموح به لتسجبل الدخول,
Allow Dropbox Access,السماح بدخول Droopbox,
Allow Edit,السماح بالتعديل,
Allow Guest to View,السماح للزائر بالعرض,
Allow Import (via Data Import Tool),السماح بالاستيراد (عبر أداة استيراد البيانات),
Allow Incomplete Forms,السماح للنماذج الغير مكتمله,
Allow Login After Fail,السماح بتسجيل الدخول بعد الفشل,
Allow Login using Mobile Number,السماح بتسجيل الدخول باستخدام رقم الجوال,
Allow Login using User Name,السماح بتسجيل الدخول باستخدام اسم المستخدم,
Allow Modules,السماح للوحدات النمطية,
Allow Multiple,السماح بالتعدد,
Allow Print,السماح للطباعة,
Allow Print for Cancelled,السماح بالطباعة للملغي,
Allow Print for Draft,السماح بالطباعة للمسودة,
Allow Read On All Link Options,السماح للقراءة على كل خيارات الارتباط,
Allow Rename,السماح بإعادة التسمية,
Allow Roles,الصلاحيات المسموح بها,
Allow Self Approval,السماح بالموافقة الذاتية,
Allow approval for creator of the document,السماح بالموافقة على منشئ الوثيقة,
Allow events in timeline,السماح للأحداث في المخطط الزمني,
Allow in Quick Entry,السماح لأدخال سريع,
Allow on Submit,السماح بالإعتماد,
Allow only one session per user,السماح لجلسة واحدة فقط لكل مستخدم,
Allow page break inside tables,السماح بفواصل الصفحات داخل الجداول,
Allow saving if mandatory fields are not filled,يسمح بحفظ البيانات في حالة عدم ملئ الحقول الإلزامية,
Allow user to login only after this hour (0-24),تسمح للمستخدم لتسجيل الدخول فقط بعد هذه الساعة (0-24),
Allow user to login only before this hour (0-24),تسمح للمستخدم لتسجيل الدخول فقط قبل هذه الساعة (0-24),
Allowed,مسموح,
Allowed In Mentions,السماح في التذكير,
"Allowing DocType, DocType. Be careful!",السماح DOCTYPE ، DOCTYPE . كن حذرا!,
Already Registered,مسجل بالفعل,
Already in user's To Do list,موجود بالفعل في قائمة المهام الواجبة للمستخدم,
Also adding the dependent currency field {0},إضافة حقل العملة التابعة {0},
"Always add ""Draft"" Heading for printing draft documents","دائما إضافة راس لصفحة""المسودة"" عند طباعة المسودات",
Always use Account's Email Address as Sender,استخدم دائماً حساب البريد الألكتروني كمرسل,
Always use Account's Name as Sender's Name,استخدم دائمًا اسم الحساب كاسم المرسل,
Amend,تعديل,
Amending,المعدل,
Amount Based On Field,المبلغ استنادا إلى الحقل,
Amount Field,حقل المبلغ,
Amount must be greater than 0.,يجب أن يكون المبلغ أكبر من 0.,
An error occured during the payment process. Please contact us.,حدث خطأ أثناء عملية الدفع. الرجاء التواصل معنا.,
An icon file with .ico extension. Should be 16 x 16 px. Generated using a favicon generator. [favicon-generator.org],ملف أيقونة بصيغة ico.  يجب أن تكون 16 × 16 بكسل. تم إنشاؤها باستخدام مولد أيقونات. [favicon-generator.org],
Ancestors Of,أجداد ل,
Another transaction is blocking this one. Please try again in a few seconds.,معاملة أخرى بتحظر هذه الاولى. يرجى المحاولة مرة أخرى في بضع ثوان.,
"Another {0} with name {1} exists, select another name",آخر {0} مع اسم {1} موجودا، حدد اسم آخر,
Any string-based printer languages can be used. Writing raw commands requires knowledge of the printer's native language provided by the printer manufacturer. Please refer to the developer manual provided by the printer manufacturer on how to write their native commands. These commands are rendered on the server side using the Jinja Templating Language.,يمكن استخدام أي لغة الطابعة الوثيقةة إلى سلسلة. تتطلب كتابة الأوامر الأولية معرفة اللغة الأصلية للطابعة التي توفرها الشركة المصنعة للطابعة. يرجى الرجوع إلى دليل المطور الذي توفره الشركة المصنعة للطابعة حول كيفية كتابة الأوامر الأصلية. يتم تقديم هذه الأوامر على جانب الخادم باستخدام Jinja Templating Language.,
"Apart from System Manager, roles with Set User Permissions right can set permissions for other users for that Document Type.",بصرف النظر عن مدير النظام ، مجموعة أذونات وصلاحيات المستخدم  يمكن تعيينها  لمستخدمين اخرين لنفس نوع الوثيقة .,
Api Access,الوصول إلى Api,
App,تطبيق,
App Access Key,مفتاح وصول التطبيق,
App Client ID,هوية تعريف عميل التطبيق,
App Client Secret,كلمة مرور التطبيق الثانوي,
App Name,اسم التطبيق,
App Secret Key,المفتاح السري للتطبيق,
App not found,لم يتم العثور على التطبيق,
App {0} already installed,التطبيق {0} مثبت مسبقا,
App {0} is not installed,لم يتم تثبيت التطبيق {0},
Append To,أرفق ل,
Append To can be one of {0},أرفق ل يمكن أن يكون واحدا من {0},
Append To is mandatory for incoming mails,أرفق ل يفتبرإلزامي للايميلات الواردة,
"Append as communication against this DocType (must have fields, ""Status"", ""Subject"")","إضافة كإتصال ضد نوع الوثيقة ( يجب أن يتضمن على الحقول ، ""الحالة"" ، ""الموضوع"")",
Applicable Document Types,أنواع الوثائق القابلة للتطبيق,
Apply,تطبيق,
Apply Strict User Permissions,تطبيق صلاحيات المستخدم المحدودة,
Apply To All Document Types,تنطبق على جميع أنواع الوثائق,
Apply this rule if the User is the Owner,تطبيق هذا الشرط إذا كان المستخدم هو المالك,
Apply to all Documents Types,تنطبق على جميع أنواع الوثائق,
Appreciate,يقدر,
Appreciation,تقدير,
Archive,الأرشيف,
Archived,أرشفة,
Archived Columns,أعمدة من الأرشيف,
Are you sure you want to delete the attachment?,هل أنت متأكد أنك تريد حذف المرفق؟,
Are you sure you want to relink this communication to {0}?,هل أنت متأكد أنك تريد إعادة ربط هذه الاتصالات إلى {0}؟,
Are you sure?,هل أنت متاكد؟,
Arial,Arial,
"As a best practice, do not assign the same set of permission rule to different Roles. Instead, set multiple Roles to the same User.",كافضل ممارسة ، لا تعين نفس شرط دور الصلاحيه لأدوار مختلفة. بدلا من ذلك ، عين أدوار متعددة لنفس العضو,
Assign Condition,تعيين الشرط,
Assign To Users,احالة للمستخدمين,
"Assign one by one, in sequence",تعيين واحد تلو الآخر ، في التسلسل,
Assign to me,محالة لي,
Assign to the one who has the least assignments,تكلف للشخص الذي لديه أقل المهام,
Assigned,تمت الاحالة,
Assigned By,احيل بواسطة,
Assigned By Full Name,محالة بواسطة الاسم كامل,
Assigned By Me,محالة لي,
Assigned To,احالة الى كل من,
Assigned To/Owner,احالة الى / المصدر,
Assignment,المهمة,
Assignment Complete,اكتمال المهمة,
Assignment Completed,تم إنجاز المهمة,
Assignment Rule,شرط المهمة,
Assignment Rule User,مستخدم شرط المهمة,
Assignment Rules,شروط التعيين ,
Assignment closed by {0},المهمه اغلقت من قبل {0},
Assignment for {0} {1},احالة لـ {0} {1},
Atleast one field of Parent Document Type is mandatory,على الأقل حقل واحد من &quot;نوع الوثيقة الأصل&quot; إلزامي,
Attach,إرفاق,
Attach Document Print,إرفاق طباعة الوثيقة,
Attach Image,إرفاق صورة,
Attach Print,إرفق طباعة,
Attach Your Picture,إرفاق صورتك,
Attach file for Import,إرفاق ملف للاستيراد,
Attach files / urls and add in table.,إرفاق الملفات / عناوين واضافة في الجدول.,
Attached To DocType,مرفق لDocType,
Attached To Field,مرفق إلى حقل,
Attached To Name,أرفقت للأسم,
Attachment Limit (MB),الحجم المسموح للمرفق (MB),
Attachment Removed,تم حذف المرفق,
Attempting Connection to QZ Tray...,محاولة الاتصال بـ QZ Tray ...,
Attempting to launch QZ Tray...,محاولة إطلاق QZ Tray ...,
Auth URL Data,بيانات عنوان المصادقة,
Authenticating...,مصادقة ...,
Authentication,المصادقة,
Authentication Apps you can use are: ,تطبيقات المصادقة التي يمكنك استخدامها هي:,
Authentication Credentials,مصادقة بيانات الاعتماد,
Authentication failed while receiving emails from Email Account {0}. Message from server: {1},فشل المصادقة في حين تلقي رسائل البريد الإلكتروني من البريد الإلكتروني حساب {0}. رسالة من الخادم: {1},
Authorization Code,رمز الترخيص,
Authorize URL,مصادقة عنوان URL,
Authorized,مصدق,
Auto,تلقائى,
Auto Email Report,ارسال التقارير عبر البريد الالكتروني الياً,
Auto Name,الإسم التلقائي,
Auto Reply Message,رد تلقائي على الرسائل,
Auto assignment failed: {0},فشلت الاحالة التلقائية: {0},
Automatically Assign Documents to Users,احالة الوثائق تلقائيًا للمستخدمين,
Automation,التشغيل الآلي,
Avatar,الصورة الرمزية,
Average,المتوسط,
Average of {0},متوسط {0},
Avoid dates and years that are associated with you.,تجنب التواريخ والسنوات التي ترتبط معك.,
Avoid recent years.,تجنب السنوات الأخيرة.,
Avoid sequences like abc or 6543 as they are easy to guess,تجنب تسلسل مثل abc أو 6543 كما أنها سهلة لتخمين,
Avoid years that are associated with you.,تجنب السنوات التي ترتبط معك.,
Awaiting Password,في انتظار كلمة المرور,
Away,بالخارج,
BCC,BCC,
Back to Desk,العودة الى المكتب,
Back to Login,العودة إلى تسجيل الدخول,
Background Color,لون الخلفية,
Background Email Queue,قائمة معالجة البريد الإلكتروني,
Background Jobs,خلفية عن الخبرات السابقة,
Background Workers,خلفية عن العمال,
Backup,النسخ الاحتياطي,
Backup Frequency,معدل النسخ الاحتياطي,
Backup Limit,الحد للنسخ الاحتياطي,
Backup job is already queued. You will receive an email with the download link,وظيفة النسخ الاحتياطي بالفعل في قائمة الانتظار. سوف تتلقى رسالة بريد إلكتروني مع رابط التحميل,
Backups,النسخ الاحتياطية,
Banner,شعار ,
Banner HTML,شعار HTML,
Banner Image,شعار صورة,
Banner is above the Top Menu Bar.,لافته فوق أعلى شريط القوائم.,
Bar,شريط,
Base Distinguished Name (DN),قاعدة الاسم المعرف (DN),
Based on Permissions For User,اعتماداً على صلاحيات المستخدم,
Beta,Beta,
Better add a few more letters or another word,من الأفضل إضافة بضعة أحرف أو كلمة أخرى,
Between,ما بين,
Bio,نبذة,
Birth Date,تاريخ الميلاد,
Block Module,حظر الوحدة,
Block Modules,حظر وحدات,
Blocked,محجوب,
Blog,مدونة,
Blog Category,تصنيف المدونة,
Blog Intro,بدايه المدونه,
Blog Introduction,مقدمة المدونه,
Blog Post,منشور المدونه,
Blog Settings,إعدادات المدونه,
Blog Title,عنوان المدونه,
Blogger,مدون,
Bot,آلي,
Both DocType and Name required,كل ال DOCTYPE والاسم مطلوبة,
Both login and password required,كل من تسجيل الدخول وكلمة المرور مطلوبة,
Bounced,رد,
Braintree Settings,إعدادات Braintree,
Braintree payment gateway settings,إعدادات بوابة الدفع Braintree,
Brand HTML,العلامة التجارية HTML,
Brand Image,صورة العلامة التجارية,
Breadcrumbs,مسار التصفح,
Browser not supported,المتصفح غير مدعوم,
Brute Force Security,امن القوة الغاشمة,
Bucket,Bucket,
Build Report,بناء تقرير,
Bulk Delete,حذف حقل,
Bulk Edit {0},تعديل حقل {0},
Bulk Rename,إعادة تسمية حقل,
Bulk Update,تحديث الحقول,
Busy,مشغول,
Button,زر,
Button Help,زر المساعدة,
Button Label,زر ملصق,
Bypass Two Factor Auth for users who login from restricted IP Address,تجاوز عامل المصادقة الثنائيه للمستخدمين الذين عملوا تسجيل الدخول من عنوان IP مقيدة,
Bypass restricted IP Address check If Two Factor Auth Enabled,تجاوز عنوان IP المقيد تحقق اذا عامل المصادقة الثنائيه في حالة تمكين,
CC,CC,
"CC, BCC & Email Template",CC ، BCC وقالب البريد الإلكتروني,
CSS,CSS,
CSV,CSV,
Cache Cleared,تحديث الصفحة,
Calculate,إحتسب,
Calendar Name,اسم التقويم,
Calendar View,عرض التقويم,
Call,إتصال,
Can Read,يمكنه القراءة,
Can Share,يمكن مشاركة,
Can Write,يمكن كتابة,
Can't identify open {0}. Try something else.,لا يمكن تحديد {0} المفتوح. جرب شيئا آخر.,
Can't save the form as data import is in progress.,لا يمكن حفظ النموذج اثناء استيراد البيانات.,
Cancel {0} documents?,إلغاء {0} وثائق؟,
Cancelled Document restored as Draft,تم استعادة الوثيقة الملغى كمسودة,
Cancelling,إلغاء,
Cancelling {0},الغاء {0},
Cannot Remove,لا يمكن الحذف,
Cannot cancel before submitting. See Transition {0},لا يمكن الإلغاء قبل تاكيدالإرسال. انظر التغيير {0},
Cannot change docstatus from 0 to 2,لا يمكن تغيير docstatus 0-2,
Cannot change docstatus from 1 to 0,لا يمكن تغيير docstatus من 1 إلى 0,
Cannot change header content,لا يمكن تغيير محتوى الرأس,
Cannot change state of Cancelled Document. Transition row {0},لا يمكن تغيير حالة الوثيقة ملغاة .صف التغيير,
Cannot change user details in demo. Please signup for a new account at https://erpnext.com,لا يمكن تغيير تفاصيل المستخدم في العرض التوضيحي. يرجى الاشتراك للحصول على حساب جديد في https://erpnext.com,
Cannot connect: {0},لا يمكن الاتصال: {0},
Cannot create a {0} against a child document: {1},لا يمكن إنشاء {0} ضد وثيقة تابع: {1},
Cannot delete Home and Attachments folders,لا يمكن حذف المجلدات الرئيسية والمرفقات,
Cannot delete file as it belongs to {0} {1} for which you do not have permissions,لا يمكن حذف الملف لأنه ينتمي إلى {0} {1} الذي ليس لديك أذونات,
Cannot delete or cancel because {0} {1} is linked with {2} {3} {4},لا يمكن الحذف أو الإلغاء لأن {0} {1} مرتبط مع {2} {3} {4},
Cannot delete standard field. You can hide it if you want,لا يمكنك حذف الحقول القياسية. يمكنك إخفاءها فقط إذا كنت تريد,
Cannot delete {0},لا يمكن حذف {0},
Cannot delete {0} as it has child nodes,لا يمكن حذف {0} لأن لديها عُقد تابعة,
"Cannot edit Standard Notification. To edit, please disable this and duplicate it",لا يمكن تحرير الإشعار القياسي. للتعديل ، يرجى تعطيله وتكراره,
Cannot edit a standard report. Please duplicate and create a new report,لا يمكنك التعديل على التقارير القياسية. يرجى نسخ التقريرالقياسي و  التعديل على النسخة الجديدة,
Cannot edit cancelled document,لا يمكنك التعديل على وثيقة ملغية,
Cannot edit standard fields,لا تستطيع تعديل الحقول القياسية,
Cannot have multiple printers mapped to a single print format.,لا يمكن تعيين طابعات متعددة على تنسيق طباعة واحد.,
Cannot link cancelled document: {0},لا يمكن ربط وثيقة ملغيه: {0},
Cannot map because following condition fails: ,لا يمكن تعيين بسبب فشل الشرط التالي:,
Cannot move row,لا يمكن نقل الصف,
Cannot open instance when its {0} is open,لا يمكن فتح النموذج عندما ه {0} مفتوح,
Cannot open {0} when its instance is open,لا يمكن فتح {0} عندما مثيله مفتوح,
Cannot remove ID field,لا يمكن إزالة معرف الحقل,
Cannot set Notification on Document Type {0},لا يمكن تعيين الإعلام على نوع الوثيقة {0},
Cannot update {0},لا يمكن تحديث {0},
Cannot use sub-query in order by,لا يمكن استخدام طلب البحث الفرعي بالترتيب,
Cannot {0} {1},لا يمكن {0} {1},
Capitalization doesn't help very much.,القيمة لا يساعد كثيرا جدا.,
Card Details,معلومات البطاقة,
Categorize blog posts.,تصنيف تدوينات المدونة,
Category Description,وصف الفئة,
Cent,سنت,
"Certain documents, like an Invoice, should not be changed once final. The final state for such documents is called Submitted. You can restrict which roles can Submit.",وثائق معينة ، مثل الفاتورة ، لا ينبغي تغييره مرة واحدة نهائية . الحالة النهائية ل هذه الوثائق المقدمة . يمكنك تقييد الأدوار التي يمكن إرسال.,
Chain Integrity,سلسلة الاستقامه,
Chaining Hash,تسلسل هاش,
Change Label (via Custom Translation),تغيير الملصق (عبر الترجمة المخصصة),
Change Password,تغيير كلمة المرور,
"Change field properties (hide, readonly, permission etc.)",تغيير خصائص الحقل (إخفاء ، للقراءة فقط ، إذن الخ ),
Channel,قناة,
Chart Name,اسم المخطط,
Chart Options,خيارات الرسم البياني,
Chart Source,مصدر الرسم البياني,
Chart Type,نوع الرسم البياني,
Charts,الرسوم البيانية,
Chat,الدردشة,
Chat Background,خلفية الدردشة,
Chat Message,رسالة دردشة,
Chat Operators,مشغلي الدردشة,
Chat Profile,الملف الشخصي للدردشة,
Chat Profile for User {0} exists.,يوجد ملف تعريف المستخدم {0}.,
Chat Room,غرفة الدردشة,
Chat Room Name,اسم غرفة الدردشة,
Chat Room User,دردشة غرفة المستخدم,
Chat Token,رمز دردشة,
Chat Type,نوع الدردشة,
Chat messages and other notifications.,.رسائل الدردشة والإخطارات الأخرى,
Check,التحقق من,
Check Request URL,تحقق من عنوان الرابط المطلوب,
"Check columns to select, drag to set order.",تحقق الأعمدة لتحدد، اسحب لضبط الطلب.,
Check this if you are testing your payment using the Sandbox API,تحقق من ذلك إذا كنت تختبر دفعك باستخدام واجهة برمجة تطبيقات ساندبوكس,
Check this to pull emails from your mailbox,التحقق من ذلك لسحب رسائل البريد الإلكتروني من صندوق البريد,
Check which Documents are readable by a User,تحقق من الوثائق قابلة للقراءة من قبل العضو,
Checking one moment,فحص لحظة واحدة,
Checksum Version,إصدار المجموع الاختباري,
Child Table Mapping,جدول رسم التابع,
Child Tables are shown as a Grid in other DocTypes,يتم عرض الجداول الفرعية كشبكة في DocTypes الأخرى,
Choose authentication method to be used by all users,اختر طريقة المصادقة لاستخدامها من قبل جميع المستخدمين,
Clear Error Logs,مسح سجلات الاخطاء,
Clear User Permissions,مسح أذونات المستخدم,
Clear all roles,مسح كافة الأدوار,
"Clearing end date, as it cannot be in the past for published pages.",تصفية تاريخ انتهاء ، لأنه لا يمكن أن يكون في الماضي للصفحات المنشورة.,
Click here to post bugs and suggestions,انقر هنا لنشر الخلل والاقتراحات,
Click here to verify,انقر هنا للتأكيد,
Click on the link below to complete your registration and set a new password,انقر على الرابط أدناه لإكمال التسجيل وتعيين كلمة مرور جديدة,
Click on the link below to download your data,انقر على الرابط أدناه لتنزيل بياناتك,
Click on the link below to verify your request,انقر على الرابط أدناه للتحقق من طلبك,
Click table to edit,انقر الجدول لتعديل,
Click to Set Filters,انقر لضبط المرشحات,
Clicked,النقر,
Client Credentials,وثائق تفويض العميل,
Client Information,معلومات العميل,
Client Script,تخصيص نص للعميل ,
Client URLs,الروابط للعميل,
Client side script extensions in Javascript,ملحقات النصا المخصص للعميل الجانبي  في جافا سكريبت,
Collapsible,منهار,
Collapsible Depends On,الانهيار يعتمد على,
Column,عمود,
Column <b>{0}</b> already exist.,عمود <b>{0}</b> موجودة بالفعل.,
Column Break,فاصل عمودي,
Column Labels:,ملصقات العمود:,
Column Name,اسم العمود,
Column Name cannot be empty,اسم العمود لا يمكن أن يكون فارغا\n<br>\nColumn Name cannot be empty,
Columns,الأعمدة,
Columns based on,أعمدة بناء على,
Combination of Grant Type (<code>{0}</code>) and Response Type (<code>{1}</code>) not allowed,الجمع بين نوع المنحة ( <code>{0}</code> ) ونوع الاستجابة ( <code>{1}</code> ) غير مسموح به,
Comment By,تعليق من جانب,
Comment Email,تعليق البريد الإلكتروني,
Comment Should be atleast 10 characters,يجب أن يكون التعليق على الأقل 10 أحرف,
Comment Type,نوع التعليق,
Comment can only be edited by the owner,لا يمكن تعديل التعليق إلا بواسطة المالك,
Commented on {0}: {1},علق على {0}: {1},
Comments and Communications will be associated with this linked document,سيتم ربط التعليقات والاتصالات مع هذه الوثيقة المرتبطة,
Comments cannot have links or email addresses,لا يمكن أن تحتوي التعليقات على روابط أو عناوين بريد إلكتروني,
Common names and surnames are easy to guess.,الأسماء الشائعة والألقاب سهلة التخمين.,
Communicated via {0} on {1}: {2},تتواصل عن طريق {0} على {1}: {2},
Communication Type,نوع الإتصال,
Company History,نبذة عن تاريخ الشركة,
Company Introduction,مقدمة الشركة,
Compiled Successfully,جمعت بنجاح,
Complete By,انتهاء التفيذ قبل تاريخ,
Complete Registration,أكمال التسجيل,
Complete Setup,أكمال الإعداد,
Completed By,انتهاء التفيذ قبل تاريخ,
Compose Email,انشاء رسالة الكترونية,
Condition Detail,تفاصيل الحالة,
Conditions,الظروف,
Configure Chart,تكوين المخطط,
Configure Charts,تكوين المخططات البيانية,
Confirm,أكد,
Confirm Deletion of Data,تأكيد حذف البيانات,
Confirm Request,تأكيد الطلب,
Confirm Your Email,تأكيد البريد الإلكتروني الخاص بك,
Confirmed,مؤكد,
Connected to QZ Tray!,متصلا بعلبة QZ!,
Connection Name,اسم الاتصال,
Connection Success,نجاح الاتصال,
Connection lost. Some features might not work.,فقد الاتصال، بعض الميزات قد لا تعمل.,
Connector Name,اسم الموصل,
Connector Type,نوع الموصل,
Contact Us Settings,إعدادات الاتصال بنا,
"Contact options, like ""Sales Query, Support Query"" etc each on a new line or separated by commas.",خيارات الاتصال، مثل &quot;الاستعلام المبيعات واستعلام الدعم &quot; الخ كل على سطر جديد أو مفصولة بفواصل.,
Contacts,جهات الاتصال,
Content (HTML),المحتوى (HTML),
Content (Markdown),المحتوى (تخفيض السعر),
Content Hash,تجزئة المحتوى,
Content web page.,محتوى الويب الصفحة.,
Conversation Tones,نغمات المحادثة,
Copyright,حق النشر,
Core,الاساس,
Core DocTypes cannot be customized.,لا يمكن تخصيص DocTypes الأساسية.,
Could not connect to outgoing email server,لا يمكن الاتصال بخادم البريد الإلكتروني المنتهية ولايته,
Could not find {0},لا يمكن أن تجد {0},
Could not find {0} in {1},لا يمكن أن تجد {0} في {1},
Could not identify {0},لا يمكن تحديد {0},
Count,العدد,
Country Name,اسم الدولة,
County,الدولة,
Create Chart,إنشاء مخطط,
Create New,انشاء جديد,
Create Post,انشاء منشور,
Create User Email,انشاء بريد إلكتروني,
Create a New Format,انشاء شكل جديد,
Create a new record,إنشاء سجل جديد,
Create a new {0},انشاء جديد {0},
Create and Send Newsletters,إنشاء وإرسال النشرات الإخبارية,
Create and manage newsletter,استحداث وإدارة نشرة إخبارية,
Created,أنشأ,
Created Custom Field {0} in {1},إنشاء الحقل المخصص {0} في {1},
Created On,منشئه في,
Criticism,نقد,
Criticize,ينتقد,
Ctrl + Down,CTRL + Down,
Ctrl + Up,CTRL + Up,
Ctrl+Enter to add comment,على Ctrl + Enter لإضافة تعليق,
Currency Name,اسم العملة,
Currency Precision,دقة العملة,
Current Mapping,التخطيط الحالي,
Current Mapping Action,إجراء رسم الخرائط الحالي,
Current Mapping Delete Start,جار حذف تعيين الخريطة الحالية,
Current Mapping Start,بدء تعيين الخرائط الحالية,
Current Mapping Type,نوع التعيين الحالي,
Currently Viewing,يطلع عليها حاليا,
Currently updating {0},جار تحديث {0},
Custom,مخصص,
Custom Base URL,عنوان URL لقاعدة مخصصة,
Custom CSS,مخصصةCSS,
Custom DocPerm,DocPerm مخصص,
Custom Field,حقل مخصص,
Custom Fields can only be added to a standard DocType.,يمكن إضافة الحقول المخصصة فقط إلى نوع DocType قياسي.,
Custom Fields cannot be added to core DocTypes.,لا يمكن إضافة الحقول المخصصة إلى DocTypes الأساسية.,
Custom Format,تنسيق مخصص,
Custom HTML Help,مخصصةHTML المساعدة,
Custom JS,تطوير JS,
Custom Menu Items,تطوير قوائم الاصناف,
Custom Report,تطوير تقرير,
Custom Reports,تطوير تقارير,
Custom Role,تطوير دور صلاحيات,
Custom Script,تطوير برمجي,
Custom Sidebar Menu,تطوير قائمة الشريط الجانبي,
Custom Tags,اشارات دلائلية اضافية,
Custom Translations,تعديل الترجمة,
Customization,التطوير,
Customizations Reset,اعادة تعيين التخصيصات,
Customizations for <b>{0}</b> exported to:<br>{1},تم تصدير التطويرات ل <b>{0}</b> إلى: <br> {1},
Customize Form,تطوير واجهة,
Customize Form Field,تطوير حقول واجهة,
"Customize Label, Print Hide, Default etc.",تطوير تسمية ملصق، إخفاء طباعة، الخ الافتراضي,
Customize...,تطوير ...,
"Customized Formats for Printing, Email",تنسيقات مطورة لطباعة البريد الإلكتروني,
Customized HTML Templates for printing transactions.,قوالب HTML مطورة لطباعة المعاملات,
Cut,قطع,
DESC,تنازلي,
Daily Event Digest is sent for Calendar Events where reminders are set.,يتم إرسال ملخص الأحداث اليومي لأحداث التقويم حيث تم ضبط المنبهات,
Danger,خطر,
Dark Color,لون غامق,
Dashboard Chart,مخطط لوحة القيادة,
Dashboard Chart Link,رابط لوحة الرسم البياني,
Dashboard Chart Source,مصدر مخطط لوحة القيادة,
Dashboard Name,اسم لوحة القيادة,
Dashboards,لوحات,
Data,البيانات,
Data Export,تصدير البيانات,
Data Import,استيراد البيانات,
Data Import Template,قالب ادخال البيانات,
Data Migration,ترحيل البيانات,
Data Migration Connector,موصل ترحيل البيانات,
Data Migration Mapping,تعيين ترحيل البيانات,
Data Migration Mapping Detail,تفاصيل تعيين البيانات المرحلة,
Data Migration Plan,خطة ترحيل البيانات,
Data Migration Plan Mapping,تخطيط خطة ترحيل البيانات,
Data Migration Run,تشغيل ترحيل البيانات,
Data missing in table,البيانات الناقصة في الجدول,
Database Engine,محرك قاعدة البيانات,
Database Name,اسم قاعدة البيانات,
Date and Number Format,صيغة التاريخ و الرقم,
Date {0} must be in format: {1},يجب أن يكون التاريخ {0} بالشكل: {1},
Dates are often easy to guess.,التواريخ غالبا ما تكون سهلة التخمين.,
Day of Week,يوم من الأسبوع,
Days After,أيام بعد,
Days Before,أيام قبل,
Days Before or After,أيام قبل أو بعد,
"Dear System Manager,",عزيزي مدير النظام،,
"Dear User,",عزيزي المستخدم،,
Dear {0},عزيزي {0},
Default Address Template cannot be deleted,لا يمكن حذف القالب الافتراضي العنوان,
Default Inbox,علبة الوارد الافتراضية,
Default Incoming,الايرادات الافتراضية,
Default Outgoing,الافتراضي الصادر,
Default Print Format,شكل الطباعةالافتراضي,
Default Print Language,لغة الطباعة الافتراضية,
Default Redirect URI,رابط اعادة التوجيه الافتراضي,
Default Role at Time of Signup,الصلاحية الافتراضية وقت الاشتراك,
Default Sending,إرسال الافتراضي,
Default Sending and Inbox,صندوق الوارد و الصادر الافتراضي,
Default Sort Field,حقل التصنيف الافتراضي,
Default Sort Order,ترتيب الافتراضي,
Default Value,القيمة الافتراضية,
Default for 'Check' type of field must be either '0' or '1',"يجب أن يكون الخيار الافتراضي لنوع ""التحقق"" إما ""0"" أو ""1""",
"Default: ""Contact Us""",الافتراضي: &quot;اتصل بنا&quot;,
DefaultValue,القيمة الافتراضية,
Define workflows for forms.,تحديد سير العمل للنماذج,
Defines actions on states and the next step and allowed roles.,يحدد الإجراءات على الحالات والخطوة التالية والصلاحيات المسموح بها.,
Defines workflow states and rules for a document.,تحديد حالات و قواعد سير العمل للوثيقة,
Delayed,مؤجل,
Delete Data,حذف البيانات,
Delete comment?,حذف التعليق؟,
Delete this record to allow sending to this email address,احذف هذا السجل للسماح بالإرسال إلى عنوان البريد الإلكتروني هذا,
Delete {0} items permanently?,حذف {0} العناصر نهائيا؟,
Deleted,حذف,
Deleted DocType,DocType المحذوفة,
Deleted Document,الوثيقة المحذوف,
Deleted Documents,الوثائق المحذوفة,
Deleted Name,الاسم المحذوف,
Deleting {0},حذف {0},
Depends On,يعتمد على,
Descendants Of,أحفاد من,
"Description for listing page, in plain text, only a couple of lines. (max 140 characters)",وصف لصفحة القائمة، في نص عادي، فقط بضعة أسطر. (حد أقصى 140 حرف),
Desk,سطح المكتب,
Desk Access,الوصول للمكتب,
Desktop Icon,أيقونة سطح المكتب,
Desktop Icon already exists,رمز سطح المكتب موجود بالفعل,
Developer,مطور,
Did not add,لم تضف,
Did not cancel,لم يتم الإلغاء,
Did not find {0} for {0} ({1}),لم يتم العثور  على {0} لـ {0} ( {1} ),
Did not remove,لم تقم بإزالة,
"Different ""States"" this document can exist in. Like ""Open"", ""Pending Approval"" etc.","مختلف ""الحالات"" في هذه الوثيقة يمكن أن تكون موجودة في. مثل ""فتح"" أو ""في انتظار الموافقة"" الخ.",
Direct,مباشرة,
Direct room with {0} already exists.,توجد غرفة مباشرة بها {0} بالفعل.,
Disable Auto Refresh,تعطيل التحديث التلقائي,
Disable Count,تعطيل العد,
Disable Customer Signup link in Login page,تعطيل رابط تسجيل العملاء في صفحة تسجيل الدخول,
Disable Prepared Report,تعطيل التقرير المعد,
Disable Report,تعطيل تقرير,
Disable SMTP server authentication,تعطيل مصادقة خادم SMTP,
Disable Sidebar Stats,تعطيل إحصائيات الشريط الجانبي,
Disable Signup,تعطيل الاشتراك,
Disable Standard Email Footer,تعطيل تذييل البريد الإلكتروني الافتراضي,
Discard,تجاهل,
Display,عرض,
Display Depends On,العرض يعتمد على,
Do not allow user to change after set the first time,لا تسمح للمستخدم للتغيير بعد التعيين أول مرة,
Do not edit headers which are preset in the template,لا تقم بتحرير الرؤوس التي يتم ضبطها مسبقا في القالب,
Do not send Emails,لا ترسل رسائل البريد الإلكتروني,
Doc Event,حالة DOC,
Doc Events,حالاتDOC,
Doc Status,حالة الوثيقة,
DocField,DocField,
DocPerm,DocPerm,
DocShare,DocShare,
DocType <b>{0}</b> provided for the field <b>{1}</b> must have atleast one Link field,يجب أن يحتوي DocType <b>{0}</b> المتوفر للحقل <b>{1}</b> على حقل ارتباط واحد على الأقل,
DocType can not be merged,لا يمكن دمج DOCTYPE,
DocType can only be renamed by Administrator,DOCTYPE لا يمكن اعادة تسميتها الا من قبل المسؤول,
DocType is a Table / Form in the application.,DOCTYPE هو الجدول / نموذج في التطبيق.,
DocType must be Submittable for the selected Doc Event,يجب تقديم الوثيقة لحالة الDOCالمحدد,
DocType on which this Workflow is applicable.,DOCTYPE على سير العمل هذا الذي ينطبق.,
DocType or Field,DOCTYPE أو حقل,
"DocType's name should start with a letter and it can only consist of letters, numbers, spaces and underscores",يجب أن يبدأ اسم الوثيقة بحرف ويمكن أن يتكون فقط من الحروف والأرقام والمسافات والشرطات السفلية,
Doctype required,Doctype المطلوبة,
Document,وثيقة,
Document Follow,متابعة الوثيقة,
Document Follow Notification,اشعار بمتابعة الوثيقة,
Document Queued,الوثيقة في قائمة الانتظار,
Document Restored,تمت استعادة الوثيقة,
Document Share Report,وثيقة حصة تقرير,
Document States,حالات الوثيقة,
Document Type is not importable,نوع الوثيقة غير قابل للاستيراد,
Document Type is not submittable,نوع الوثيقة غير قابل للتقديم,
Document Type to Track,نوع الوثيقة لتعقب,
Document can't saved.,لا يمكن حفظ الوثيقة.,
Document {0} has been set to state {1} by {2},تم تعيين الوثيقة {0} على الحالة {1} بواسطة {2},
Documents,وثائق,
Documents assigned to you and by you.,وثائق احيلت اليك ولك.,
Domain Settings,إعدادات النطاق,
Domains HTML,النطاقات HTML,
"Don't HTML Encode HTML tags like &lt;script&gt; or just characters like &lt; or &gt;, as they could be intentionally used in this field",لا علامات HTML شفر HTML مثل &lt;script&gt; أو مجرد شخصيات مثل &lt;أو&gt;، لأنها يمكن أن تستخدم عمدا في هذا المجال,
Don't Override Status,لا تتجاوز الحالة,
Don't create new records,لا تنشئ سجلات جديدة,
Don't have an account? Sign up,ليس لديك حساب ؟ تسجيل الدخول,
"Don't know, ask 'help'",لا أعرف، اسأل &quot;للمساعدة&quot;,
Download Data,تحميل البيانات,
Download Files Backup,تحميل ملفات النسخ الاحتياطي,
Download Link,رابط التحميل,
Download Report,تحميل التقرير,
Download Your Data,قم بتنزيل بياناتك,
Download link for your backup will be emailed on the following email address: {0},سوف تكون عبر البريد الالكتروني رابط التحميل للنسخ الاحتياطي الخاص بك على عنوان البريد الإلكتروني التالي: {0},
Download with Data,تحميل مع البيانات,
Drag and Drop tool to build and customize Print Formats.,سحب وإسقاط أداة لبناء وتخصيص تنسيقات طباعة.,
Drag elements from the sidebar to add. Drag them back to trash.,سحب العناصر  من الشريط الجانبي لإضافة. جرهامرة اخرى  إلى سلة المهملات.,
Dropbox Access Key,Dropbox مفتاح الوصول,
Dropbox Access Secret,Dropbox الدخول السرية,
Dropbox Access Token,Dropbox رمز الوصول,
Dropbox Settings,إعدادات Dropbox,
Dropbox Setup,إعداد Dropbox,
Dropbox access is approved!,تمت الموافقة لوصول Dropbox!,
Dropbox backup settings,إعدادات النسخ الاحتياطي Dropbox,
Duplicate Filter Name,تكرار اسم الفلتر,
Duplicate name {0} {1},تكرار اسم {0} {1},
Dynamic Link,الارتباط الحيوي,
Dynamic Report Filters,مرشحات تقرير ديناميكي,
ESC,زر ESC فى الكيبورد,
Edit Auto Email Report Settings,تحرير إعدادات تقرير البريد الإلكتروني الآلي,
Edit Custom HTML,تحرير مخصص HTML,
Edit DocType,تعديل القائمة,
Edit Filter,تحرير تصفية (فلترة),
Edit Format,تحرير تنسيق,
Edit HTML,تحرير HTML,
Edit Heading,تحرير العنوان,
Edit Properties,تحرير خصائص,
Edit to add content,تعديل لإضافة محتوى,
Edit {0},تحرير {0},
Editable Grid,شبكة قابلة للتعديل ,
Editing Row,تحرير صف,
Eg. smsgateway.com/api/send_sms.cgi,على سبيل المثال، smsgateway.com / API / send_sms.cgi,
Email Account Name,اسم حساب البريد الإلكتروني ,
Email Account added multiple times,تمت إضافة حساب البريد الإلكتروني عدة مرات,
Email Addresses,عناوين البريد الإلكتروني,
Email By Document Field,البريد الإلكتروني بواسطة حقل الوثيقة,
Email By Role,البريد الالكتروني بواسطة الدور,
Email Domain,مجال البريد الإلكتروني,
"Email Domain not configured for this account, Create one?","عنوان مجال البريد الألكتروني غير معرف لهذا الحساب, إنشيء واحد ؟",
Email Flag Queue,علم البريد الإلكتروني في قائمة الانتظار,
Email Footer Address,تذييل البريد الإلكتروني,
Email Group,مجموعة البريد الإلكتروني ,
Email Group List,قائمة محموعةالبريد الإلكتروني ,
Email Group Member,أرسل عضو المجموعة,
Email Login ID,معرف تسجيل الدخول إلى البريد الإلكتروني,
Email Queue,قائمة إنتظار البريد الإلكتروني,
Email Queue Recipient,البريد الإلكتروني المستلم مرصوصه,
Email Queue records.,سجلات البريد الإلكتروني مرصوصه.,
Email Reply Help,رد المساعدة للبريد الالكتروني,
Email Rule,قاعدة البريد الإلكتروني ,
Email Server,خادم البريد الإلكتروني,
Email Settings,إعدادات البريد الإلكتروني,
Email Signature,توقيع البريد الالكترونى,
Email Status,حالة البريد الإلكتروني,
Email Sync Option,خيارات مزامنة البريد الإلكتروني ,
Email Templates for common queries.,قوالب البريد الإلكتروني للاستعلامات المشتركة.,
Email To,البريد الإلكتروني الى,
Email Unsubscribe,إلغاء الاشتراك للبريد الإلكتروني ,
Email has been marked as spam,تم وضع علامة على البريد الإلكتروني كغير مرغوب فيه,
Email has been moved to trash,تم نقل البريد الإلكتروني إلى المهملات,
Email not sent to {0} (unsubscribed / disabled),البريد الإلكتروني لم يرسل إلى {0} (غير مشترك / غيرمفعل),
Email not verified with {0},البريد الإلكتروني غير معرف من {0},
Emails are muted,رسائل البريد الإلكتروني  صامتة,
Emails will be sent with next possible workflow actions,سيتم إرسال رسائل البريد الإلكتروني مع إجراءات سير العمل التالية المحتملة,
Embed image slideshows in website pages.,تضمين عرض شرائح للصورة في صفحات الموقع.,
Enable / Disable Domains,تمكين / تعطيل النطاقات,
Enable Auto Reply,تمكين الرد التلقائي,
Enable Automatic Backup,تمكين النسخ الاحتياطي التلقائي,
Enable Chat,تمكين الدردشة,
Enable Comments,تمكين تعليقات,
Enable Incoming,تمكين الوارد,
Enable Outgoing,تمكين البريد الصادر,
Enable Password Policy,تمكين سياسة كلمة المرور,
Enable Print Server,تمكين خادم الطباعة,
Enable Raw Printing,تمكين الطباعة الخام,
Enable Report,تمكين تقرير,
Enable Scheduled Jobs,تمكين المهام المجدولة,
Enable Social Login,تمكين تسجيل الدخول الاجتماعي,
Enable Two Factor Auth,تمكين عامل المصادقة الثنائية,
Enabled email inbox for user {0},صندوق الوارد للبريد الإلكتروني المُمكّن للمستخدم {0},
"Encryption key is invalid, Please check site_config.json",مفتاح التشفير غير صالح، يرجى التحقق من site_config.json,
End Date Field,تاريخ انتهاء الحقل,
End Date cannot be before Start Date!,لا يمكن أن يكون تاريخ الانتهاء قبل تاريخ البدء!,
Endpoint URL,عنوان نقطة النهاية,
Energy Point Log,سجل نقطة الطاقة,
Energy Point Rule,قاعدة نقطة الطاقة,
Energy Point Settings,إعدادات نقطة الطاقة,
Energy Points,نقاط الطاقة,
Enter Email Recipient(s),أدخل البريد الإلكتروني المستلم,
Enter Form Type,أدخل نوع النموذج,
"Enter default value fields (keys) and values. If you add multiple values for a field, the first one will be picked. These defaults are also used to set ""match"" permission rules. To see list of fields, go to ""Customize Form"".",إدخال الحقول القيمة الافتراضية (مفاتيح) والقيم. إذا قمت بإضافة قيم متعددة للحقل، وسيتم اختيار أول واحد. وتستخدم هذه الافتراضات أيضا إلى وضع قواعد إذن &quot;مباراة&quot;. لمشاهدة قائمة من المجالات، انتقل إلى &quot;نموذج تخصيص&quot;.,
Enter folder name,أدخل اسم المجلد,
"Enter keys to enable login via Facebook, Google, GitHub.",أدخل مفاتيح لتمكين تسجيل الدخول عبر الفيسبوك ، وجوجل، GitHub .,
Enter python module or select connector type,أدخل وحدة الثعبان أو حدد نوع الموصل,
"Enter static url parameters here (Eg. sender=ERPNext, username=ERPNext, password=1234 etc.)",أدخل متغيرات URL ثابت هنا (مثلا المرسل = ERPNext، اسم المستخدم = ERPNext، كلمة المرور = 1234 الخ),
Enter url parameter for message,ادخل متغير العنوان للرسالة,
Enter url parameter for receiver nos,ادخل متغير العنوان URL لرقم المستلم,
Enter your password,ادخل رقمك السري,
Entity Name,اسم الكيان,
Equals,تساوي,
Error Message,رسالة خطأ,
Error Report,أبلغ عن مشكلة,
Error Snapshot,لقطة الخطأ,
Error in Custom Script,خطأ في سيناريو مخصص,
Error in Notification,خطأ في الإشعار,
Error in Notification: {},خطأ في الإشعار: {},
Error while connecting to email account {0},حدث خطأ أثناء الاتصال بحساب البريد الإلكتروني {0},
Error while evaluating Notification {0}. Please fix your template.,خطأ أثناء تقييم الإشعار {0}. يرجى تصحيح القالب الخاص بك.,
Error: Document has been modified after you have opened it,تم تعديل الوثيقة بعد أن كنت قد فتحته: خطأ,
Error: Value missing for {0}: {1},خطأ: قيمة مفقودة ل {0}: {1},
Errors in Background Events,أخطاء في خلفية الأحداث,
Event Category,فئة الحدث,
Event Participants,المشاركون في الحدث,
Event Type,نوع الحدث,
Event and other calendars.,الحدث والتقويمات الأخرى.,
Events in Today's Calendar,الأحداث في تقويم اليوم,
Everyone,كل شخص,
Example,مثال,
Example Email Address,مثال عنوان البريد الإلكتروني,
Example:,على سبيل المثال:,
Example: {{ subject }},مثال: {{topic}},
Excel,Excel,
Exception,استثناء,
Exception Type,نوع الاستثناء,
Execution Time: {0} sec,وقت التنفيذ: {0} ثانية,
Expert,خبير,
Expiration time,وقت انتهاء الصلاحية,
Expire Notification On,تنتهي الإشعار على,
Expires In,ينتهي في,
Expiry time of QR Code Image Page,وقت انتهاء صلاحية رمز الاستجابة السريعة لصورة الصفحة,
Export All {0} rows?,تصدير كل الصفوف {0}؟,
Export Custom Permissions,تصدير ضوابط مخصص,
Export Customizations,تصدير تطويرات,
Export Data,تصدير البيانات,
Export Data in CSV / Excel format.,تصدير البيانات بتنسيق CSV / Excel.,
Export Report: {0},تصدير التقرير: {0},
Expose Recipients,كشف المستلمين,
"Expression, Optional",التعبير والاختياري,
Facebook,الفيسبوك,
Failed to complete setup,فشل في إكمال الإعداد,
Failed to connect to server,فشل الاتصال بالخادم,
Failed while amending subscription,فشل أثناء تعديل الاشتراك,
FavIcon,أيقونة المفضلة,
Feedback Request,طلب التعليق,
Fetch From,إحضار من,
Fetch If Empty,إحضار إذا كانت فارغة,
Fetch Images,جلب الصور,
Fetch attached images from document,إحضار الصور المرفقة من الوثيقة,
"Field ""route"" is mandatory for Web Views",حقل &quot;الطريق&quot; إلزامي للويب المشاهدات,
"Field ""value"" is mandatory. Please specify value to be updated","حقل ""قيمة"" إلزامي. يرجى تحديد قيمة ليتم تحديثها",
Field Description,وصف الحقل,
Field Maps,خرائط ميدانية,
Field Type,نوع الحقل,
"Field that represents the Workflow State of the transaction (if field is not present, a new hidden Custom Field will be created)",الحقل الذي يمثل حالة سير العمل للصفقة (إذا حقل غير موجود، سيتم إنشاء حقل مخصص جديد مخفي),
Field to Track,حقل لتعقب,
Field type cannot be changed for {0},لا يمكن تغيير نوع الحقل ل {0},
Field {0} is not selectable.,الحقل {0} ليس اختيار.,
Field {0} not found.,الحقل {0} غير موجود.,
Fieldname is limited to 64 characters ({0}),اسم الحقل محدد ب 64 حرف<br>Fieldname is limited to 64 characters ({0}),
Fieldname not set for Custom Field,أسم الحقل لم يتم تعيينه لحقل مخصص,
Fieldname which will be the DocType for this link field.,أسم الحقل الذي سيكون DOCTYPE لهذا الحقل المرتبط.,
Fieldname {0} cannot have special characters like {1},FIELDNAME {0} لا يمكن أن يكون أحرف خاصة مثل {1},
Fieldname {0} conflicting with meta object,أسم الحقل {0} متعارض مع الكلمات الدلائلية,
Fields Multicheck,الحقول متعددة الفحص,
"Fields separated by comma (,) will be included in the ""Search By"" list of Search dialog box","سيتم تضمين الحقول المفصولة بفواصل (،) في قائمة ""البحث حسب"" من مربع حوار البحث",
Fieldtype,نوع الحقل,
Fieldtype cannot be changed from {0} to {1} in row {2},لا يمكن تغيير نوع الحقل من {0} إلى {1} في الصف {2},
File '{0}' not found,ملف '{0}' لم يتم العثور,
File Backup,ملف النسخ الاحتياطي,
File Name,اسم الملف,
File Size,حجم الملف,
File Type,نوع الملف,
File URL,ملف URL,
File Upload,تحميل الملف,
File Upload Disconnected. Please try again.,تم إلغاء تحميل الملف. حاول مرة اخرى.,
File Upload in Progress. Please try again in a few moments.,تحميل الملف قيد التقدم. يرجى المحاولة مرة أخرى في بضع لحظات.,
File backup is ready,ملف النسخ الاحتياطي جاهز,
File not attached,الملف غير مرفق,
File size exceeded the maximum allowed size of {0} MB,تجاوز حجم الملف الحد الأقصى المسموح به لحجم {0} ميغابايت,
File too big,الملف كبير جدا,
File {0} does not exist,الملف {0} غير موجود,
Files,الملفات,
Filter,مفلتر,
Filter Data,تصفية البيانات,
Filter List,قائمة تصفية,
Filter Meta,تصفية ميتا,
Filter Name,اسم الفلتر,
Filter Values,قيم التصفية,
Filter must be a tuple or list (in a list),يجب أن يكون الفلتر عبارة عن قائمة أو قائمة (في قائمة),
"Filter must have 4 values (doctype, fieldname, operator, value): {0}",يجب أن يحتوي الفلتر على 4 قيم (doctype، fieldname، operator، value): {0},
Filter {0} missing,مرشح {0} مفقود,
Filter...,تصفية ...,
"Filtered by ""{0}""",تمت تصفيتها من قبل &quot;{0}&quot;,
Filters Display,عرض المرشحات,
Filters JSON,مرشحات JSON,
Filters saved,مرشحات حفظت,
Find {0} in {1},البحث عن {0} في {1},
First Level,المستوى الأول,
First Success Message,رسالة النجاح الأولى,
First Transaction,أول معاملة,
First data column must be blank.,يجب أن يكون عمود البيانات الأولى فارغة.,
First set the name and save the record.,أولا قم بتعيين الإسم وحفظ السجل.,
Flag,علم,
Float,رقم عشري,
Float Precision,دقة الرقم  العشري,
Fold,المرن,
Fold can not be at the end of the form,لا يمكن أن يكون المرن في نهاية النموذج,
Fold must come before a Section Break,يجب أن تأتي أضعاف قبل فاصل القسم,
Folder,مجلد,
Folder name should not include '/' (slash),يجب ألا يتضمن اسم المجلد &#39;/&#39; (شرطة مائلة),
Folder {0} is not empty,المجلد {0} غير فارغ,
Follow,إتبع,
Followed by,تليها,
Following fields are missing:,الحقول التالية مفقودة:,
Following fields have missing values:,الحقول التالية لها قيم مفقودة:,
Font,الخط,
Font Size,حجم الخط,
Fonts,الخطوط,
Footer,تذييل الصفحة,
Footer HTML,تذييل HTML,
Footer Item,تذييل البند,
Footer Items,تذييل العناصر,
Footer will display correctly only in PDF,سيعرض تذييل الصفحة بشكل صحيح في PDF فقط,
For Document Type,لنوع الوثيقة,
"For Links, enter the DocType as range.\nFor Select, enter list of Options, each on a new line.",للارتباطات ، أدخل نوع الوثيقة كنطاق. للتحديد ، ادخل قائمه الخيارات ، كل ادخال في سطر جديد.,
For User,للمستخدم,
For Value,للقيمة,
"For currency {0}, the minimum transaction amount should be {1}",للعملة {0} ، يجب أن يكون الحد الأدنى لمبلغ المعاملة {1},
For example if you cancel and amend INV004 it will become a new document INV004-1. This helps you to keep track of each amendment.,على سبيل المثال إذا قمت بإلغاء وتعديل INV004 أنها سوف تصبح وثيقة INV004-1 جديدة. هذا يساعدك على تتبع كل تعديل.,
"For example: If you want to include the document ID, use {0}",على سبيل المثال: إذا كنت تريد تضمين الوثيقة ID، استخدم {0},
"For help see <a href=""https://frappe.io/docs/user/en/guides/portal-development/web-forms"" target=""_blank"">Client Script API and Examples</a>","للحصول على مساعدة ، راجع <a href=""https://frappe.io/docs/user/en/guides/portal-development/web-forms"" target=""_blank"">Client Script API and Examples</a>",
For top bar,للشريط الأعلى,
"For updating, you can update only selective columns.",للتحديث، يمكنك تحديث الأعمدة المحددة فقط.,
For {0} at level {1} in {2} in row {3},ل {0} في {1} مستوى في {2} في {3} الصف,
Force,فرض,
Force Show,عرض ألزامي,
Forgot Password,نسيت كلمة المرور,
Forgot Password?,هل نسيت كلمة المرور؟,
Form Customization,تطوير النموذج,
Form Settings,إعدادات النموذج,
Format,شكل,
Format Data,تنسيق البيانات,
Forward To Email Address,انتقل إلى عنوان البريد الإلكتروني,
Fraction,جزء,
Fraction Units,جزء الوحدات,
Frames,إطارات,
Frappe,Frappe,
Frappe Framework,الإطار Frappe,
Friendly Title,عنوان لطيف,
From Date Field,من حقل التاريخ,
From Document Type,من نوع الوثيقة,
From Full Name,من الاسم الكامل,
Full Page,صفحة كاملة,
Fw: {0},FW: {0},
GCalendar Sync ID,GCalendar Sync ID,
GMail,بريد جوجل,
Gantt,جانت,
Gateway,بوابة,
Gateway Controller,بوابة المراقب,
Gateway Settings,إعدادات البوابة,
Generate Keys,توليد مفاتيح,
Generate New Report,توليد تقرير جديد,
Generated File,الملف الذي تم إنشاؤه,
Geo,الجغرافية,
Geolocation,تحديد الموقع الجغرافي,
Get Alerts for Today,الحصول على تنبيهات لهذا اليوم,
Get Contacts,الحصول على اتصالات,
Get Fields,احصل على الحقول,
Get your globally recognized avatar from Gravatar.com,الحصول على الرمزية الخاص بك المعترف بها عالميا من Gravatar.com,
GitHub,جت هب (GITHUB),
Give Review Points,إعطاء نقاط مراجعة,
Global Unsubscribe,إلغاء الاشتراك العالمية,
Go to the document,انتقل إلى الوثيقة,
Go to this URL after completing the form (only for Guest users),انتقل إلى عنوان URL هذا بعد إكمال النموذج (فقط لمستخدمي الضيف),
Go to {0},اذهب إلى {0},
Go to {0} List,انتقل إلى قائمة {0},
Go to {0} Page,انتقل إلى صفحة {0},
Google,جوجل,
Google Analytics ID,جوجل تحليلات ID,
Google Calendar ID,معرف تقويم Google,
Google Font,خط جوجل,
Google Services,خدمات جوجل,
Grant Type,نوع المنحة,
Group Label,تسمية مجموعة,
Group Name,أسم المجموعة,
Group name cannot be empty.,لا يمكن أن يكون اسم المجموعة فارغا.,
Groups of DocTypes,مجموعات من DocTypes,
HTML,HTML,
HTML Editor,محرر HTML,
"HTML Header, Robots and Redirects",HTML رأس والروبوتات وإعادة التوجيه,
HTML for header section. Optional,HTML لرأس القسم. اختياري,
Half,نصف,
Has  Attachment,لديها مرفق,
Has Attachments,يحتوي على مرفقات,
Has Domain,لديه نطاق,
Has Role,له صلاحية,
Has Web View,لديه عرض الويب,
Have an account? Login,هل لديك حساب ؟ تسجيل الدخول,
Header,العنوان الرأسي,
Header HTML,رأس HTML,
Header HTML set from attachment {0},تعيين HTML رأس من المرفق {0},
Header Image,صورة رأس,
Headers,الترويسات,
Heading,الترويسة,
Hello {0},مرحبا {0},
Hello!,مرحبا!,
Help Articles,مقالات المساعدة,
Help Category,فئة المساعدة,
Help on Search,المساعدة في البحث,
"Help: To link to another record in the system, use ""#Form/Note/[Note Name]"" as the Link URL. (don't use ""http://"")","مساعدة: لربط إلى سجل آخر في النظام، إستخدم ""# نموذج / ملاحظة / [اسم الملاحظة]""، كرابط URL. (لا تستخدم ""http://"")",
Helvetica,HELVETICA,
Hi {0},أهلا{0},
Hide Copy,إخفاء النسخة,
Hide Footer Signup,إخفاء التذييل,
Hide Sidebar and Menu,إخفاء الشريط الجانبي والقائمة,
Hide Standard Menu,إخفاء القائمة الرئيسية,
Hide Weekends,إخفاء عطلة نهاية الأسبوع,
Hide details,إخفاء التفاصيل,
Hide footer in auto email reports,إخفاء تذييل الصفحة في تقارير البريد الإلكتروني التلقائية,
Higher priority rule will be applied first,سيتم تطبيق قاعدة الأولوية الأعلى أولاً,
Highlight,Highlight,
"Hint: Include symbols, numbers and capital letters in the password",تلميح: تضمين الرموز والأرقام والأحرف الكبيرة في كلمة المرور,
Home Page,الصفحة الرئيسية,
Home Settings,الإعدادات الرئيسية,
Home/Test Folder 1,الصفحة الرئيسية / اختبار المجلد 1,
Home/Test Folder 1/Test Folder 3,مجلد الوطن / اختبار 1 / مجلد اختبار 3,
Home/Test Folder 2,الصفحة الرئيسية / مجلد اختبار 2,
Host,مضيف,
Hostname,اسم المضيف,
"How should this currency be formatted? If not set, will use system defaults",كيف ينبغي أن يتم تنسيق هذه العملة؟ إذا لم يتم تعيين و، استخدم افتراضيات النظام,
I found these: ,لقد وجدت هذه:,
ID,هوية شخصية,
ID (name) of the entity whose property is to be set,ID (اسم) للكيان الذي هو الملكية التي سيتم تحديدها,
Icon will appear on the button,سيظهر الرمز على الزر,
Identity Details,تفاصيل الهوية,
Idx,IDX,
"If Apply Strict User Permission is checked and User Permission is defined for a DocType for a User, then all the documents where value of the link is blank, will not be shown to that User",إذا تم تحديد تطبيق تصريح المستخدم الصارم ويتم تعريف إذن المستخدم لنوع DocTypeي للمستخدم، فإن جميع الوثائق التي تكون فيها قيمة الرابط فارغة، لن يتم عرضها على هذا المستخدم,
If Checked workflow status will not override status in list view,إذا تم التحق من حالة سير العمل  لن يتجاوز الحالة في عرض القائمة,
If Owner,إذا المالك,
"If a Role does not have access at Level 0, then higher levels are meaningless.",إذا لم يكن لديك الوصول لصلاحية في المستوى 0، ثم مستويات أعلى لا معنى لها.,
"If checked, all other workflows become inactive.",إذا تم، جميع مهام سير العمل الأخرى تصبح خاملة.,
"If checked, this field will be not overwritten based on Fetch From if a value already exists.",إذا تم تحديده ، فلن تتم الكتابة فوق هذا الحقل استنادًا إلى ميزة &quot;الجلب من&quot; إذا كانت القيمة موجودة بالفعل.,
"If checked, users will not see the Confirm Access dialog.",إذا تم تحديدها، فلن يرى المستخدمون مربع حوار تأكيد الوصول.,
"If disabled, this role will be removed from all users.",إذا تعطيل، ستتم إزالة هذه الصلاحية من كافة المستخدمين.,
"If enabled,  user can login from any IP Address using Two Factor Auth, this can also be set for all users in System Settings",في حالة التمكين ، يمكن للمستخدم تسجيل الدخول من أي عنوان IP باستخدام المصادقة الثنائية ، كما يمكن تعيين ذلك لجميع المستخدمين في إعدادات النظام,
"If enabled, all users can login from any IP Address using Two Factor Auth. This can also be set only for specific user(s) in User Page",إذا تم تمكينه ، يمكن لكافة المستخدمين تسجيل الدخول من أي عنوان IP باستخدام &quot;عامل عامل&quot;. يمكن أيضًا تعيين ذلك لمستخدمين محددين في صفحة المستخدم,
"If enabled, changes to the document are tracked and shown in timeline",في حالة التمكين ، يتم تعقب التغييرات في الوثيقة وعرضها في المخطط الزمني,
"If enabled, document views are tracked, this can happen multiple times",في حالة التمكين ، يتم تعقب طرق عرض الوثائق ، وقد يحدث ذلك عدة مرات,
"If enabled, the document is marked as seen, the first time a user opens it",في حالة التمكين ، يتم تمييز الوثيقة على أنه مرئي ، وهي المرة الأولى التي يقوم فيها المستخدم بفتحها,
"If enabled, the password strength will be enforced based on the Minimum Password Score value. A value of 2 being medium strong and 4 being very strong.",إذا تم تمكينه، سيتم فرض قوة كلمة المرور استنادا إلى قيمة الحد الأدنى لقيمة كلمة المرور. قيمة 2 كونها متوسطة قوية و 4 قوية جدا.,
"If enabled, users who login from Restricted IP Address, won't be prompted for Two Factor Auth",في حالة التمكين ، لن تتم مطالبة المستخدمين الذين يقومون بتسجيل الدخول من عنوان IP المقيد بـ Two Factor Auth,
"If enabled, users will be notified every time they login. If not enabled, users will only be notified once.",إذا تم تمكينه، فسيتم إشعار المستخدمين في كل مرة يسجلون فيها الدخول. إذا لم يتم تمكينه، فسيتم إشعار المستخدمين مرة واحدة فقط.,
If non standard port (e.g. 587),إذا غير المنفذ الرئيسي (على سبيل المثال 587),
"If non standard port (e.g. 587). If on Google Cloud, try port 2525.",إذا كان المنفذ غير قياسي (على سبيل المثال 587). إذا كنت على Google Cloud ، فجرّب المنفذ 2525.,
"If not set, the currency precision will depend on number format",إذا لم يتم تعيينها، فإن دقة العملة تعتمد على تنسيق الأرقام,
If the condition is satisfied user will be rewarded with the points. eg. doc.status == 'Closed'\n,إذا كانت الحالة راضية ، فسيتم مكافأة المستخدم بالنقاط. على سبيل المثال. doc.status == &#39;مغلق&#39;,
"If the user has any role checked, then the user becomes a ""System User"". ""System User"" has access to the desktop","إذا كان المستخدم لديه أي دور تم اختياره، فسيصبح المستخدم ""مستخدم النظام"". ""مستخدم النظام"" لديه حق الوصول إلى سطح المكتب",
"If these instructions where not helpful, please add in your suggestions on GitHub Issues.",إذا هذه التعليمات حيث لم تكن مفيدة ، يرجى إضافة في اقتراحاتكم بشأن قضايا جيثب .,
"If this is checked, rows with valid data will be imported and invalid rows will be dumped into a new file for you to import later.",إذا تم تحديد ذلك ، فسيتم استيراد الصفوف التي تحتوي على بيانات صالحة وسيتم طرح صفوف غير صالحة في ملف جديد يمكنك استيراده لاحقًا.,
If user is the owner,إذا كان المستخدم هو المالك,
"If you are updating, please select ""Overwrite"" else existing rows will not be deleted.","إذا كنت تقوم بتحديث، يرجى تحديد ""الكتابة"" لن يتم حذف الصفوف الموجودة آخر.",
If you are updating/overwriting already created records.,إذا كنت تقوم بتحديث / استبدال السجلات التي تم إنشاؤها,
"If you are uploading new records, ""Naming Series"" becomes mandatory, if present.","إذا كنت تحميل سجلات جديدة، ""تسمية السلسلة"" تصبح إلزامية، إذا كان موجودا.",
"If you are uploading new records, leave the ""name"" (ID) column blank.","إذا كنت تحميل سجلات جديدة، وترك ""اسم"" (ID) العمود فارغا.",
If you don't want to create any new records while updating the older records.,إذا كنت لا تريد إنشاء أي سجلات جديدة أثناء تحديث السجلات القديمة.,
"If you set this, this Item will come in a drop-down under the selected parent.",إذا قمت بتعيين هذا ، فإن هذا البند تأتي في قائمة منسدلة تحت الأصل المحدد .,
"If you think this is unauthorized, please change the Administrator password.",إذا كنت تعتقد أن هذا غير المصرح به، الرجاء تغيير كلمة مرور المسؤول.,
"If your data is in HTML, please copy paste the exact HTML code with the tags.",إذا كانت البيانات في HTML، يرجى نسخ لصق رمز HTML المحدد مع العلامات.,
Ignore User Permissions,تجاهل صلاحيات المستخدم,
Ignore XSS Filter,تجاهل فلتر XSS,
Ignore attachments over this size,تجاهل إرفاق ملفات أكثر من هذا الحجم,
Ignore encoding errors,تجاهل أخطاء الترميز,
Ignored: {0} to {1},تجاهل: {0} إلى {1},
Illegal Access Token. Please try again,وصول رمز غير قانوني. حاول مرة اخرى,
Illegal Document Status for {0},حالة الوثيقة غير القانوني لـ {0},
Image Field,حقل الصورة,
Image Link,رابط الصورة,
Image field must be a valid fieldname,يجب أن يكون حقل الصورة اسم حقل صالحا,
Image field must be of type Attach Image,يجب أن يكون حقل الصورة من النوع إرفاق صورة,
Images,صور,
Implicit,ضمني,
Import,استيراد,
Import Email From,استيراد البريد الإلكتروني من,
Import Status,حالة الاستيراد,
Import Subscribers,استيراد المشتركون ,
Import Zip,استيراد الرمز البريدي,
In Filter,في تصفية,
In Global Search,في البحث العالمية,
In Grid View,في شبكة عرض,
In Hours,في ساعات,
In List View,في عرض القائمة,
In Preview,في المعاينة,
In Reply To,في ردا على,
In Standard Filter,في التصفية الرئيسية,
In Valid Request,في طلب صالح,
In points. Default is 9.,في نقطة. الافتراضي هو 9.,
In seconds,في ثوان,
Include Search in Top Bar,اضافة البحث في الشريط العلوي,
"Include symbols, numbers and capital letters in the password",تضمين الرموز والأرقام والأحرف الكبيرة في كلمة المرور,
Incoming email account not correct,حساب البريد الإلكتروني الوارد غير صحيح,
Incomplete login details,تفاصيل تسجيل الدخول غير مكتملة,
Incorrect User or Password,المستخدم او كلمة المرور غير صحيح,
Incorrect Verification code,رمز التحقق غير صحيح,
Incorrect value in row {0}: {1} must be {2} {3},قيمة غير صحيحة في الصف {0} : {1} يجب أن يكون {2} {3},
Incorrect value: {0} must be {1} {2},قيمة غير صحيحة: {0} يجب أن يكون {1} {2},
Index,مؤشر,
Indicator,مؤشر,
Info,معلومات,
Info:,معلومات:,
Initial Sync Count,عدد مزامنة الأولي,
InnoDB,InnoDB,
Insert Above,إدراج فوق,
Insert After,إدراج بعد,
Insert After cannot be set as {0},الإدراج بعد لا يمكن تعيينه ك {0},
"Insert After field '{0}' mentioned in Custom Field '{1}', with label '{2}', does not exist",إدراج بعد الحقل '{0}' المذكورة في الحقل المخصص '{1}'، مع التصنيف '{2}'، غير موجود,
Insert Below,إدراج بالأسفل,
Insert Code,إدراج كود,
Insert Column Before {0},إدراج عمود قبل {0},
Insert Style,إدراج نمط,
Insert new records,إدراج سجلات جديدة,
Instructions Emailed,تعليمات عبر البريد الإلكتروني,
Insufficient Permission for {0},عدم كفاية الإذن {0},
Int,رقم عشري,
Integration Request,طلب التكامل ,
Integration Request Service,خدمة طلب تكاملي ,
Integration Type,نوع التكامل,
Integrations,التكاملات,
Integrations can use this field to set email delivery status,يمكن التكامل استخدام هذا الحقل لتغيير الحالة تسليم البريد الإلكتروني,
Internal Server Error,خطأ في الخادم الداخلي,
Internal record of document shares,السجل الداخلي للوثيقة المشتركة,
Introduce your company to the website visitor.,اعرض شركتك لزائرن الموقع الألكتروني,
Introductory information for the Contact Us Page,المعلومات التمهيدية لصفحة اتصل بنا,
Invalid,غير صالحة,
"Invalid ""depends_on"" expression",تعبير &quot;under_on&quot; غير صالح,
Invalid Access Key ID or Secret Access Key.,معرف مفتاح الوصول غير صالح أو مفتاح الوصول السري.,
Invalid CSV Format,تنسيق CSV غير صالح,
Invalid Home Page,الصفحة الرئيسية غير صالحة,
Invalid Link,رابط غير صالح,
Invalid Login Token,صالح رمز الدخول,
Invalid Login. Try again.,تسجيل الدخول غير صالح. حاول ثانية.,
Invalid Mail Server. Please rectify and try again.,خادم البريد غير صالحة . يرجى تصحيح و حاول مرة أخرى.,
Invalid Outgoing Mail Server or Port,خادم البريد الصادر غير صالحة أو ميناء,
Invalid Output Format,تنسيق الإخراج غير صالح,
Invalid Password,رمز مرور خاطئ,
Invalid Password:,رمز مرور خاطئ:,
Invalid Request,طلب غير صالح,
Invalid Search Field {0},حقل البحث غير صالح {0},
Invalid Subscription,اشتراك غير صالح,
Invalid Token,رمز غير صحيح,
Invalid User Name or Support Password. Please rectify and try again.,اسم المستخدم غير صحيح أو كلمة مرور الدعم . يرجى تصحيح و حاول مرة أخرى.,
Invalid column,عمود غير صالح,
Invalid field name {0},اسم الحقل غير صالح {0},
Invalid fieldname '{0}' in autoname,اسم الحقل غير صالح '{0}' في الااسم تلقائي,
Invalid file path: {0},مسار الملف غير صالح: {0},
Invalid login or password,معلومات الدخول خاطئة او كلمة المرور خاطئة,
Invalid module path,مسار الوحدة النمطية غير صالح,
Invalid naming series (. missing),سلسلة التسمية غير صالحة (. مفقود),
Invalid payment gateway credentials,أوراق بوابة الدفع غير صالحة,
Invalid recipient address,عنوان المستلم غير صالحة,
Invalid {0} condition,حالة {0} غير صالحة,
Inverse,معكوس,
Is,هل,
Is Attachments Folder,هو مجلد المرفقات,
Is Child Table,هو الجدول التابع,
Is Custom Field,هو حقل مخصص,
Is First Startup,هو بدء التشغيل الأول,
Is Folder,هو مجلد,
Is Global,هو عالمي,
Is Globally Pinned,مثبت على الصعيد العالمي,
Is Home Folder,هو المجلد الرئيسي,
Is Mandatory Field,هو حقل إلزامي,
Is Pinned,مثبت,
Is Primary Contact,هو جهة الاتصال الرئيسية,
Is Private,غير الخاصة,
Is Published Field,ونشرت الميدان,
Is Published Field must be a valid fieldname,"""تم نشر"" الحقل يجب أن يكون اسم حقل صالح",
Is Single,مفردة,
Is Spam,هو مزعج,
Is Standard,هو معيار,
Is Submittable,يستطيع الاعتماد,
Is Table,هو الجدول,
Is Your Company Address,يكون عنوان شركتك,
It is risky to delete this file: {0}. Please contact your System Manager.,أنه أمر محفوف بالمخاطر لحذف هذا الملف: {0}. يرجى الاتصال بمدير النظام الخاص بك.,
Item cannot be added to its own descendents,البند لا يمكن أن تضاف الى أحفادها<br>Item cannot be added to its own descendents,
JS,JS,
JSON,JSON,
JavaScript Format: frappe.query_reports['REPORTNAME'] = {},جافا سكريبت الصيغة: frappe.query_reports [' REPORTNAME '] = { },
Javascript to append to the head section of the page.,لإضافة الجافا سكربت لقسم الرأس في الصفحة,
Jinja,جينجا,
John Doe,فلان الفلاني,
Kanban,لوحة المهام,
Kanban Board Column,عمود لوح كانبان,
Kanban Board Name,اسم لوح كانبان,
Karma,العاقبة الاخلاقية,
Keep track of all update feeds,تتبع جميع التحديثات المغذيه,
Keeps track of all communications,تتبع جميع الاتصالات,
Key,مفتاح,
Knowledge Base,قاعدة المعرفة,
Knowledge Base Contributor,مشارك قاعدة المعرفة,
Knowledge Base Editor,محرر قاعدة المعرفة,
LDAP Email Field,LDAP حقل البريد الإلكتروني ,
LDAP First Name Field,LDAP الاسم الحقل,
LDAP Not Installed,لم يتم تثبيت LDAP,
LDAP Search String,LDAP بحث سلسلة,
"LDAP Search String needs to end with a placeholder, eg sAMAccountName={0}",يجب أن تنتهي سلسلة بحث LDAP بعنصر نائب ، على سبيل المثال sAMAccountName = {0},
LDAP Security,أمان LDAP,
LDAP Server Url,خادم LDAP رابط,
LDAP Username Field,LDAP حقل اسم المستخدم,
LDAP is not enabled.,لم يتم تمكين LDAP.,
Label Help,التسمية تعليمات,
Label and Type,التسمية و النوع,
Label is mandatory,التسمية إلزامية,
Landing Page,الصفحة المقصودة,
Language,اللغة,
Language Code,كود اللغة,
"Language, Date and Time settings",اعدادات اللغة و التاريخ والوقت ,
Last Active,آخر تواجد في,
Last IP,أخر IP,
Last Known Versions,اخر إصدارات معرفه,
Last Login,آخر تسجيل دخول,
Last Message,اخر رسالة,
Last Modified By,التعديل الأخير من قبل,
Last Modified Date,تاريخ آخر تعديل,
Last Modified On,آخر تعديل ل,
Last Month,الشهر الماضي,
Last Point Allocation Date,تاريخ تخصيص النقطة الأخيرة,
Last Quarter,الربع الأخير,
Last Synced On,آخر مزامنة في,
Last Updated By,آخر تحديث بواسطة,
Last Updated On,آخر تحديث في,
Last User,آخر مستخدم,
Last Week,الاسبوع الماضي,
Last Year,العام الماضي,
Leave a Comment,أترك تعليق,
Leave blank to repeat always,اتركه فارغ لتكرار دائما,
Leave this conversation,ترك هذه المحادثة,
Left this conversation,تركت هذه المحادثة,
Length,طول,
Length of {0} should be between 1 and 1000,يجب أن يكون طول {0} بين 1 و 1000,
Let's avoid repeated words and characters,دعونا نتجنب الكلمات المكررة والحروف,
Let's prepare the system for first use.,دعونا نقوم بإعداد النظام للمرة الاولى.,
Letter,رسالة,
Letter Head Based On,رسالة رئيس بناء على,
Letter Head Image,صورة ترويسة التقارير,
Letter Head Name,اسم ترئيس الرسالة,
Letter Head in HTML,ترئيس الرسالة كصيغة HTML,
Level Name,اسم المستوى,
Liked,أعجب,
Liked By,أعجب بواسطة,
Liked by {0},اعجب بواسطة {0},
Likes,اعجابات,
Limit Number of DB Backups,الحد من عدد النسخ الاحتياطية DB,
Line,خط,
Link DocType,رابط الاستمارة,
Link Expired,انتهت صلاحية الرابط,
Link Name,اسم الرابط,
Link Title,عنوان الرابط,
"Link that is the website home page. Standard Links (index, login, products, blog, about, contact)",ربط هذا هو الصفحة الرئيسية ل موقع الويب. روابط القياسية ( مؤشر ، تسجيل الدخول ، والمنتجات، بلوق ، عن، الاتصال ),
Link to the page you want to open. Leave blank if you want to make it a group parent.,الرابط إلى الصفحة التي تريد فتحها. اتركه فارغا إذا كنت تريد أن تجعل من أحد الوالدين المجموعة.,
Linked,مرتبط,
Linked With,ترتبط,
Linked with {0},مرتبط ب {0},
Links,الروابط,
List,قائمة,
List Filter,تصفية القائمة,
List View Setting,اعدادات قائمة العرض,
List a document type,قائمة نوع وثيقة,
"List as [{""label"": _(""Jobs""), ""route"":""jobs""}]",القائمة كما [{ &quot;التسمية&quot;: _ ( &quot;وظائف&quot;)، &quot;الطريق&quot;: &quot;وظائف&quot;}],
List of backups available for download,قائمة نسخ احتياطية متوفرة للتحميل,
List of patches executed,قائمة من الدفعات المنفذه,
List of themes for Website.,قائمة من الموضوعات عن الموقع.,
Load Balancing,تحميل موازنة,
Loading,تحميل,
Local DocType,نوع الوثيقة المحلي,
Local Fieldname,اسم الحقل المحلي,
Local Primary Key,مفتاح أساسي محلي,
Locals,السكان المحليين,
Log Details,تفاصيل السجل,
Log of Scheduler Errors,سجل من الأخطاء جدولة,
Log of error during requests.,تسجيل الخطأ خلال الطلبات.,
Log of error on automated events (scheduler).,سجل الخطأ على الأحداث الآلي ( جدولة ) .,
Logged Out,تسجيل الخروج,
Logged in as Guest or Administrator,تم تسجيل الدخول كضيف أو مسؤول,
Login,تسجيل دخول,
Login After,بعد الدخول,
Login Before,تسجيل الدخول قبل,
Login Id is required,مطلوب معرف تسجيل الدخول,
Login Required,تسجيل الدخول مطلوب,
Login Verification Code from {},تسجيل الدخول رمز التحقق من {},
Login and view in Browser,تسجيل الدخول وعرض في المتصفح,
Login not allowed at this time,تسجيل الدخول غير مسموح في هذا الوقت,
"Login session expired, refresh page to retry",انتهت صلاحية جلسة تسجيل الدخول، ثم حدث الصفحة لإعادة المحاولة,
Login to comment,سجل الدخول للتعليق,
Login token required,رمز الدخول المطلوب,
Login with LDAP,تسجيل الدخول مع LDAP,
Logout,تسجيل خروج,
Long Text,نص طويل,
Looks like something is wrong with this site's Paypal configuration.,يبدو أن هناك شيئا خاطئا مع هذا التكوين Paypal لهذا الموقع.,
Looks like something is wrong with this site's payment gateway configuration. No payment has been made.,يبدو أن هناك خطأ ما مع التكوين بوابة الدفع لهذا الموقع. لم يتم إحراز أي دفع.,
"Looks like something went wrong during the transaction. Since we haven't confirmed the payment, Paypal will automatically refund you this amount. If it doesn't, please send us an email and mention the Correlation ID: {0}.",يبدو وكأنه شيء على ما يرام أثناء العملية. وبما أننا لم تؤكد عملية الدفع، سوف Paypal برد تلقائيا هذا المبلغ. إذا لم يحدث ذلك، يرجى مراسلتنا على البريد الإلكتروني، وأذكر معرف الارتباط: {0}.,
Madam,سيدتي,
Main Section,القسم العام,
"Make ""name"" searchable in Global Search","اجعل ""الاسم"" قابلا للبحث في البحث العالمي",
Make Default,تعيين كإفتراضي,
Make use of longer keyboard patterns,الاستفادة من نماذج لوحة المفاتيح أطول,
Manage Third Party Apps,إدارة تطبيقات الجهات الخارجية,
Mandatory Information missing:,معلومات إلزامية مفقوده:,
Mandatory field: set role for,الحقل إلزامي :تعيين الدور ل\n<br>\nMandatory field: set role for,
Mandatory field: {0},حقل إلزامي: {0},
"Mandatory fields required in table {0}, Row {1}",الحقول الالزامية في جدول {0} صف رقم {1} مطلوبة,
Mandatory fields required in {0},الحقول الإلزامية المطلوبة في {0},
Mandatory:,إلزامية:,
Mapping Name,اسم رسم الخرائط,
Mappings,تعيينات,
Mark as Read,ضع إشارة مقروء,
Mark as Spam,الاشاره اليه ك غير مرغوب,
Mark as Unread,حدده كغير مقروء,
Mark as {0},حددها ك {0},
Markdown,مصغر,
Markdown Editor,محرر تخفيض السعر,
Marked As Spam,محددة كغير مرغوبه,
Max 500 records at a time,500 سجل كحد أقصى في نفس الوقت,
Max Attachment Size (in MB),أقصى حجم للمرفقات (ميغابايت),
Max Attachments,الحد الأقصى للمرفقات,
Max Length,الحد الاقصى للطول,
Max Value,القيمة القصوى,
Max width for type Currency is 100px in row {0},عرض ماكس لنوع العملة هو 100px في الصف {0},
Maximum Attachment Limit for this record reached.,تم بلوغ الحد الأقصى لمرفقات هذا السجل,
Maximum {0} rows allowed,الحد الأقصى {0} الصفوف المسموح,
"Meaning of Submit, Cancel, Amend",معنى تسجيل ، إلغاء وتعديل,
Mention transaction completion page URL,ذكر عنوان url لصفحة إتمام المعاملة,
Mentions,يذكر,
Menu,الخيارات,
Merchant ID,معرف التاجر,
Merge with existing,دمج مع الحالي,
Merging is only possible between Group-to-Group or Leaf Node-to-Leaf Node,الدمج مسموح فقط بين مجموعة ومجموعة أو فرع وفرع<br>Merging is only possible between Group-to-Group or Leaf Node-to-Leaf Node,
Message Count,عدد الرسائل,
Message ID,معرف الرسالة,
Message Parameter,معامل الرسالة,
Message Preview,معاينة الرسالة,
Message clipped,قصاصة الرسالة,
Message not setup,الرسالة لم تتثبت,
Message to be displayed on successful completion (only for Guest users),الرسالة التي سيتم عرضها عند الانتهاء بنجاح (فقط لمستخدمي الضيف),
Message-id,معرف الرسالة,
Meta Tags,العلامات الفوقية,
Migration ID Field,حقل رقم تعريف الترحيل,
Milestone,معلم,
Milestone Tracker,معلما المقتفي,
Minimum Password Score,الحد الأدنى من كلمة المرور,
Miss,يغيب,
Missing Fields,حقول مفقودة,
Missing parameter Kanban Board Name,اسم لوحة متغير كانبان مفقودة,
Missing parameters for login,المتغيرات المفقودة لتسجيل الدخول,
Models (building blocks) of the Application,نماذج (بناءمجموعات) من التطبيق,
Modified By,عدل من قبل,
Module,وحدة,
Module Def,تعريف وحدة برمجية,
Module Name,اسم وحدة,
Module Not Found,لم يتم العثور على الوحدة,
Module Path,مسار الوحدة النمطية,
Module to Export,وحدة لتصدير,
Modules HTML,وحدات HTML,
Monospace,معدل النصوص والشروط,
More articles on {0},المزيد من المقالات حول {0},
More content for the bottom of the page.,المزيد من المحتوى لأسفل الصفحة.,
Most Used,الأكثر استخداما,
Move To,الانتقال إلى,
Move To Trash,ارسال الى سلة المحذوفات,
Move to Row Number,الانتقال إلى رقم الصف,
Mr,السيد,
Mrs,السيدة,
Ms,السيدة,
Multiple root nodes not allowed.,العقد الجذرية المتعددة غير مسموح به.,
Multiplier Field,حقل المضاعف,
"Must be of type ""Attach Image""",يجب أن يكون من نوع &quot;إرفاق صورة&quot;,
Must have report permission to access this report.,يجب أن يكون لديك إذن تقارير للوصول إلى هذا التقرير.,
Must specify a Query to run,يجب تحديد الاستعلام لتشغيل,
Mute Sounds,كتم الصوتيات,
My Settings,إعداداتي,
MyISAM,MYISAM,
Name Case,اسم القضية,
Name cannot contain special characters like {0},الإسم لا يمكن أن يحتوي على أحرف خاصة مثل {0},
Name not set via prompt,لم يتم تعيين الاسم عبر المطالبة,
Name of the Document Type (DocType) you want this field to be linked to. e.g. Customer,اسم نوع الوثيقة (DOCTYPE) تريد هذا الحقل لتكون مرتبطة. على سبيل المثال العملاء,
Name of the new Print Format,اسم التنسيق الجديد للطباعة,
Name of {0} cannot be {1},اسم {0} لا يمكن أن يكون {1},
Names and surnames by themselves are easy to guess.,الأسماء والألقاب في حد ذاتها سهلة التخمين.,
Naming,التسمية,
"Naming Options:\n<ol><li><b>field:[fieldname]</b> - By Field</li><li><b>naming_series:</b> - By Naming Series (field called naming_series must be present</li><li><b>Prompt</b> - Prompt user for a name</li><li><b>[series]</b> - Series by prefix (separated by a dot); for example PRE.#####</li>\n<li><b>format:EXAMPLE-{MM}morewords{fieldname1}-{fieldname2}-{#####}</b> - Replace all braced words (fieldnames, date words (DD, MM, YY), series) with their value. Outside braces, any characters can be used.</li></ol>","خيارات التسمية: <ol style=""""><li style=""""> <b>الحقل: [اسم المجال]</b> - حسب الحقل </li><li style=""""> <b>naming_series:</b> - حسب تسمية السلسلة (يجب أن يكون الحقل الذي يسمى naming_series موجودًا </li><li style=""""> <b>موجه</b> - موجه المستخدم لاسم </li><li style=""""> <b>[سلسلة]</b> - سلسلة بالبادئة (مفصولة بنقطة) ؛ على سبيل المثال PRE. </li><li style=""""> <b>التنسيق: EXAMPLE- {MM} morewords {fieldname1} - {fieldname2} - {#####}</b> - استبدل جميع الكلمات <b>المتكوّنة (أسماء الحقول</b> ، كلمات التاريخ (DD ، MM ، YY) ، السلاسل) مع قيمتها. الأقواس الخارجية ، يمكن استخدام أي أحرف. </li></ol>",
Naming Series mandatory,تسمية سلسلة إلزامية,
Nested set error. Please contact the Administrator.,خطأ مجموعة متداخلة . يرجى الاتصال بمدير البرنامج.,
New Activity,نشاط جديد,
New Chat,دردشة جديدة,
New Comment on {0}: {1},تعليق جديد على {0}: {1},
New Connection,اتصال جديد,
New Custom Print Format,تنسيق طباعة مخصص جديد,
New Email,بريد إلكتروني جديد,
New Email Account,حساب بريد إلكتروني جديد,
New Event,حدث جديد,
New Folder,ملف جديد,
New Kanban Board,مجلس كانبان جديدة,
New Mention,تذكير جديد,
New Message from Website Contact Page,رسالة جديدة من موقع اتصال الصفحة,
New Name,اسم جديد,
New Newsletter,نشرة إخبارية جديدة,
New Password,كلمة مرور جديدة,
New Password Required.,كلمة مرور جديدة مطلوبة.,
New Print Format Name,اسم تنسيق طباعة جديد,
New Report name,اسم التقرير الجديد,
New Value,قيمة جديدة,
New data will be inserted.,سيتم إدراج البيانات الجديدة.,
New updates are available,تحديثات جديدة متاحة,
New value to be set,القيمة الجديدة التي سيتم تحديدها,
New {0},{0} جديد,
New {} releases for the following apps are available,تتوفر {} إصدارات جديدة للتطبيقات التالية,
Newsletter Email Group,البريد الإلكتروني المجموعة البريدية,
Newsletter Manager,مدير النشرة الإخبارية,
Newsletter has already been sent,الرسالة الإخبارية قد تم إرسالها من قبل,
"Newsletters to contacts, leads.",النشرات الإخبارية إلى جهات الاتصال، ويؤدي.,
Next Action Email Template,التالي عمل قالب البريد الإلكتروني,
Next Actions HTML,العمليات القادمة HTML,
Next Schedule Date,تاريخ المجدول التالي,
Next Scheduled Date,التاريخ المجدول التالي,
Next State,الحالية التالية,
Next Sync Token,Next Sync Token,
Next actions,الإجراءات التالية,
No Active Sessions,ليست هناك جلسات فعالة,
No Copy,اي نسخة,
No Email Account,ليس لديك حساب البريد الإلكتروني,
No Email Accounts Assigned,لا توجد حسابات بريد إلكتروني محالة,
No Emails,لا رسائل البريد الإلكتروني,
No Label,بدون ملصق,
No Permissions Specified,لا توجدالأذونات المحددة,
No Permissions set for this criteria.,لم يحدد ضوابط لهذه المعايير.,
No Preview,لا توجد معاينة,
No Preview Available,لا تتوفر معاينة,
No Printer is Available.,لا يوجد طابعة متاحة.,
No Results,لا يوجد نتائج,
No Tags,لا علامات,
No alerts for today,لا تنبيهات لهذا اليوم,
No comments yet,لا توجد تعليقات حتى الآن,
No comments yet. Start a new discussion.,لا تعليقات حتى الآن. بدء مناقشة جديدة.,
No data found in the file. Please reattach the new file with data.,لم يتم العثور على بيانات في الملف. الرجاء إعادة إرفاق الملف الجديد بالبيانات.,
No document found for given filters,لم يتم العثور على أي وثيقة لمرشحات معينة,
"No fields found that can be used as a Kanban Column. Use the Customize Form to add a Custom Field of type ""Select"".",لم يتم العثور على الحقول التي يمكن استخدامها كعمود كانبان. استخدم &quot;تخصيص نموذج&quot; لإضافة حقل مخصص من النوع &quot;تحديد&quot;.,
No file attached,لايوجد ملف مرفق,
No further records,لا توجد سجلات أخرى,
No matching records. Search something new,لا توجد سجلات مطابقة. ابحث شيئا جديدا,
"No need for symbols, digits, or uppercase letters.",لا حاجة لرموز أو أرقام أو أحرف كبيرة.,
No of Columns,عدد الأعمدة,
No of Rows (Max 500),عدد الصفوف (بحد أقصى 500),
No of emails remaining to be synced,عدد رسائل البريد الإلكتروني المتبقية ليكون مزامن,
No permission for {0},لا يوجد صلاحية لـ {0}<br>No permission for {0},
No permission to '{0}' {1},لا توجد صلاحية ل '{0} ' {1},
No permission to read {0},ليس هناك إذن لقراءة {0},
No permission to {0} {1} {2},لا يوجد تصريح إلى {0} {1} {2},
No records deleted,لا توجد سجلات محذوفة,
No records present in {0},لا توجد سجلات في {0},
No records tagged.,لا توجد سجلات معلمة.,
No template found at path: {0},لم يتم العثور على نموذج في المسار: {0},
No {0} found,لا يوجد بيانات لـ {0},
No {0} mail,لا {0} بريدالإلكتروني,
No {0} permission,لا {0} إذن,
None: End of Workflow,لا شيء: نهاية سير العمل,
Not Allowed: Disabled User,غير مسموح به: مستخدم معطل,
Not Ancestors Of,ليس من الأجداد ,
Not Descendants Of,ليس من أحفاد,
Not Equals,لا تساوي,
Not In,ليس في,
Not Linked to any record,غير مرتبط بأي سجل,
Not Published,لم تنشر,
Not Saved,لم يتم الحفظ,
Not Seen,غير مرئيه,
Not Sent,لم ترسل,
Not Set,غير محدد,
Not a valid Comma Separated Value (CSV File),ليس صالحا القيمة المفصولة بفواصل ( CSV ملف),
Not a valid User Image.,ليست صورة مستخدم صالحة.,
Not a valid Workflow Action,ليس إجراء سير عمل صالح,
Not a valid user,غير مستخدم صالح,
Not a zip file,ليس ملف مضغوط,
Not allowed for {0}: {1},غير مسموح لـ {0}: {1},
Not allowed for {0}: {1} in Row {2}. Restricted field: {3},غير مسموح به {0}: {1} في الصف {2}. المجال المقيد: {3},
Not allowed for {0}: {1}. Restricted field: {2},غير مسموح لـ {0}: {1}. المجال المقيد: {2},
Not allowed to Import,لا يسمح ل استيراد,
Not allowed to change {0} after submission,لا يسمح للتغيير {0} بعد التاكيد,
Not allowed to print cancelled documents,لا يسمح لطباعة الوثائق الملغاة,
Not allowed to print draft documents,لا يسمح لطباعة مسودات الوثائق,
Not enough permission to see links,ليس هناك إذن كاف لمشاهدة الروابط,
Not in Developer Mode,لست في وضع تطوير المنظومة,
Not in Developer Mode! Set in site_config.json or make 'Custom' DocType.,"ليس في وضع التطوير! يقع في site_config.json أو جعل DOCTYPE ""مطور"".",
Note Seen By,ملاحظة مرئيه بواسطه ,
Note:,ملحوظة:,
Note: By default emails for failed backups are sent.,ملاحظة: يتم إرسال رسائل البريد الإلكتروني الافتراضية لعمليات النسخ الاحتياطي الفاشلة.,
Note: Changing the Page Name will break previous URL to this page.,ملاحظة: يؤدي تغيير اسم الصفحة إلى كسر عنوان URL السابق لهذه الصفحة.,
"Note: For best results,  images must be of the same size and width must be greater than height.",ملاحظة: للحصول على أفضل النتائج ، يجب أن تكون الصور بنفس الحجم والعرض يجب أن يكون أكبر من الارتفاع.,
Note: Multiple sessions will be allowed in case of mobile device,ملاحظة: سيتم السماح لجلسات متعددة في حالة جهاز الموبايل,
Nothing to show,لا شيء للإظهار,
Nothing to update,لا شيء للتحديث,
Notification,الإشعارات,
Notification Recipient,مستلم الإشعار,
Notification Tones,نغمات الإشعار,
Notifications,إشعارات,
Notifications and bulk mails will be sent from this outgoing server.,سيتم إرسال إشعارات ورسائل البريد الالكتروني المهمه من هذا الخادم المنتهية ولايته.,
Notify Users On Every Login,إعلام المستخدمين على كل تسجيل الدخول,
Notify if unreplied,ارسال اشعار إذا لا تحوي على ردود,
Notify if unreplied for (in mins),ارسال اشعار إذا لا تحوي على ردود ل (في دقيقة),
Notify users with a popup when they log in,إعلام المستخدمين مع منبثقة عندما يقومون بتسجيل الدخول,
Number Format,تنسيق الرقم,
Number of Backups,عدد النسخ الاحتياطية,
Number of DB Backups,عدد النسخ الاحتياطية DB,
Number of DB backups cannot be less than 1,لا يمكن أن يكون عدد نسخ DB الاحتياطية أقل من 1,
Number of columns for a field in a Grid (Total Columns in a grid should be less than 11),عدد الأعمدة للحقل في الشبكة (يجب أن يكون مجموع الأعمدة في شبكة أقل من 11),
Number of columns for a field in a List View or a Grid (Total Columns should be less than 11),عدد الأعمدة للحقل في قائمة عرض أو الشبكة (يجب أن يكون مجموع الأعمدة أقل من 11),
OAuth Authorization Code,مصادقة رمز التفويض,
OAuth Bearer Token,حامل رمز المصادقة,
OAuth Client,عميل OAuth,
OAuth Provider Settings,إعدادات موفرOAuth,
OTP App,تطبيق كلمة السر الفريدة,
OTP Issuer Name,اسم جهة مكتب المدعي العام,
OTP Secret has been reset. Re-registration will be required on next login.,تمت إعادة تعيين سر مكتب المدعي العام. سوف تكون هناك حاجة لإعادة التسجيل على تسجيل الدخول المقبل.,
OTP secret can only be reset by the Administrator.,لا يمكن إعادة تعيين سر مكتب المدعي العام إلا بواسطة المسؤول.,
Office,مكتب,
Office 365,مكتب 365,
Old Password,كلمة المرور القديمة,
Old Password Required.,كلمة المرور القديمة مطلوبة.,
Older backups will be automatically deleted,سيتم حذف النسخ الاحتياطية القديمة تلقائيا,
"On {0}, {1} wrote:",على {0}، {1} كتب:,
"Once submitted, submittable documents cannot be changed. They can only be Cancelled and Amended.",بمجرد إرسالها ، لا يمكن تغيير الوثائق المقدمة. يمكن إلغاؤها وتعديلها فقط.,
"Once you have set this, the users will only be able access documents (eg. Blog Post) where the link exists (eg. Blogger).",وبمجرد الانتهاء من تعيين هذه ، سوف يكون المستخدمون قادرين فقط الوصول إلى الوثائق (على سبيل المثال مدونة بوست) حيث يوجد رابط (مثل مدون ) .,
One Last Step,خطوة أخيرة واحدة,
One Time Password (OTP) Registration Code from {},كلمة المرور لمرة واحدة (OTP) رمز التسجيل من {},
Only 200 inserts allowed in one request,فقط 200 إدراج سمحت في طلب واحد,
Only Administrator can delete Email Queue,يمكن فقط للمسؤول حذف قائمة انتظار البريد الإلكتروني,
Only Administrator can edit,مدير النظام فقط يمكنه التحرير,
Only Administrator can save a standard report. Please rename and save.,مسؤول فقط يمكن حفظ تقرير القياسية. الرجاء إعادة تسمية وحفظ.,
Only Administrator is allowed to create Dashboard Chart Sources,يُسمح فقط للمسؤول بإنشاء مصادر مخطط لوحة المعلومات,
Only Administrator is allowed to use Recorder,يسمح فقط للمسؤول باستخدام Recorder,
Only Allow Edit For,السماح بالتحرير فقط لـ,
Only Send Records Updated in Last X Hours,فقط إرسال السجلات التي تم تحديثها في آخر X ساعات,
Only mandatory fields are necessary for new records. You can delete non-mandatory columns if you wish.,ضرورية لسجلات جديدة الحقول الإلزامية فقط. يمكنك حذف الأعمدة غير الإلزامية إذا كنت ترغب في ذلك.,
Only standard DocTypes are allowed to be customized from Customize Form.,يُسمح بتخصيص أنواع DocTypes القياسية فقط من تخصيص النموذج.,
Only users involved in the document are listed,يتم سرد فقط المستخدمين المشاركين في الوثيقة,
Only {0} emailed reports are allowed per user,فقط {0} تقارير البريد الالكتروني مسموحه للمستخدم,
Oops! Something went wrong,عذرا! هناك خطأ ما.,
"Oops, you are not allowed to know that",عذرا، لا يسمح لك ان تعرف ذلك,
Open Link,فتح الرابط,
Open Source Applications for the Web,التطبيقات المفتوحة المصدر لشبكة الإنترنت,
Open Translation,فتح الترجمة,
Open a dialog with mandatory fields to create a new record quickly,افتح مربع حوار مع الحقول الإلزامية لإنشاء سجل جديد بسرعة,
Open a module or tool,فتح وحدة نمطية أو أداة,
Open your authentication app on your mobile phone.,افتح تطبيق المصادقة على هاتفك الجوال.,
Open {0},مفتوحة {0},
Opened,افتتح,
Operator must be one of {0},يجب أن يكون المشغل واحدا من {0},
Option 1,الخيار 1,
Option 2,الخيار 2,
Option 3,الخيار 3,
Optional: Always send to these ids. Each Email Address on a new row,اختياري: إرسال دوما إلى هذه المعرفات. كل عنوان البريد الإلكتروني على صف جديد,
Optional: The alert will be sent if this expression is true,اختياري: سيتم إرسال التنبية إذا كان هذا التعبير صحيح,
Options 'Dynamic Link' type of field must point to another Link Field with options as 'DocType',"'الارتباط الحيوي ""نوع من الخيارات الميدانية يجب أن يشير إلى رابط حقل آخر مع خيارات باسم' DOCTYPE '",
Options Help,خيارات مساعدة,
Options for select. Each option on a new line.,خيارات للاختيار. كل خيار على سطر جديد.,
Options not set for link field {0},خيارات لم يتم تعيين لحقل الرابط {0},
Or login with,أو الدخول مع,
Order,طلب,
Org History,تاريخ المنظمة,
Org History Heading,عنوان تاريخ المنظمة,
Orientation,توجيه,
Original Value,القيمة الأصلية,
Outgoing email account not correct,البريد الالكتروني الصادر غير صحيح<br>Outgoing email account not correct,
Outlook.com,Outlook.com,
Output,الناتج,
PDF,PDF,
PDF Page Size,حجم صفحة صيغة PDF,
PDF Settings,إعدادات PDF,
PDF generation failed,فشل توليد PDF,
PDF generation failed because of broken image links,فشل توليد PDF بسبب الروابط صورة مكسورة,
"PDF printing via ""Raw Print"" is not yet supported. Please remove the printer mapping in Printer Settings and try again.",طباعة PDF عبر &quot;طباعة خام&quot; غير مدعومة بعد. يرجى إزالة تعيين الطابعة في إعدادات الطابعة والمحاولة مرة أخرى.,
Page HTML,صفحة HTML,
Page Length,طول الصفحة,
Page Name,اسم الصفحة,
Page Settings,إعدادات الصفحة,
Page has expired!,انتهت صلاحية الصفحة!,
Page not found,لم يتم العثور على الصفحة,
Page to show on the website\n,صفحة ستظهر على الموقع الالكتروني,
Pages in Desk (place holders),الصفحات في مكتب (أصحاب المكان),
Parent,رقم الاب,
Parent Error Snapshot,خطا في التقاط الاصل,
Parent Label,الإسم الأصل,
Parent Table,الجدول الرئيسي,
Parent is required to get child table data,اﻷصل مطلوب للحصول على بيانات الجدول التابع,
Parent is the name of the document to which the data will get added to.,الأصل هو اسم الوثيقة الذي ستتم إضافة البيانات إليه.,
Partial Success,نجاح جزئي,
Partially Successful,ناجحة جزئيا,
Participants,المشاركين,
Passive,غير فعال,
Password Reset,إعادة تعيين كلمة المرور,
Password Updated,تم تحديث كلمة المرور,
Password for Base DN,كلمة السر لقاعدة DN,
Password is required or select Awaiting Password,كلمة المرور مطلوبة أو اختر انتظار كلمة مرور,
Password not found,لم يتم العثور على كلمة السر,
Password reset instructions have been sent to your email,تم إرسال إرشادات إعادة تعيين كلمة السر إلى بريدك الإلكتروني,
Paste,لصق,
Patch,بقعة,
Patch Log,سجل التصحيح,
Path to CA Certs File,الطريق إلى ملف CA Certs ,
Path to Server Certificate,المسار إلى شهادة الخادم,
Path to private Key File,الطريق إلى ملف مفتاح خاص,
PayPal Settings,اعدادات PayPal,
PayPal payment gateway settings,إعدادات بوابة الدفع Paypal,
Payment Cancelled,تم إلغاء الدفع,
Payment Failed,عملية الدفع فشلت,
Payment Success,نجاح عملية الدفع,
Pending Approval,ما زال بانتظار الموافقه,
Pending Verification,في انتظار التحقق,
Percent,في المئة,
Percent Complete,في المئة كاملة,
Perm Level,مستوى الصلاحيات,
Permanent,دائم,
Permanently Cancel {0}?,الغاء دائم {0} ؟,
Permanently Submit {0}?,إرسال دائم {0} ؟,
Permanently delete {0}?,حذف بشكل دائم {0} ؟,
Permission Error,خطأ في الإذن,
Permission Level,مستوى الصلاحيات,
Permission Levels, مستويات الإذن,
Permission Rules,قواعد الصلاحية ,
Permissions,الصلاحيات,
Permissions are automatically applied to Standard Reports and searches.,يتم تطبيق الأذونات تلقائيًا على التقارير القياسية وعمليات البحث.,
"Permissions are set on Roles and Document Types (called DocTypes) by setting rights like Read, Write, Create, Delete, Submit, Cancel, Amend, Report, Import, Export, Print, Email and Set User Permissions.",يتم تعيين الأذونات على الصلاحيات و أنواع الوثائق (وتسمى DocTypes ) من خلال وضع حقوق مثل القراءة والكتابة ، إنشاء، حذف، إرسال ، الغاء ، تعديل ، تقرير ، استيراد ، تصدير ، طباعة ، البريد الإلكتروني و تعيين أذونات المستخدم .,
Permissions at higher levels are Field Level permissions. All Fields have a Permission Level set against them and the rules defined at that permissions apply to the field. This is useful in case you want to hide or make certain field read-only for certain Roles.,ضوابط في المستويات العليا هي أذونات على مستوى الحقل. جميع الحقول لديها مجموعة مستوى الأذونات ضدهم والقواعد المحددة في تلك الأذونات تنطبق على هذا الحقل. وهذا مفيد في حال كنت تريد إخفاء أو جعل حقل معين للقراءة فقط لبعض الصلاحيات.,
"Permissions at level 0 are Document Level permissions, i.e. they are primary for access to the document.",أذونات على مستوى 0 هي أذونات مستوى الوثيقة، أي أنها الأساسي للوصول إلى هذه الوثيقة.,
Permissions get applied on Users based on what Roles they are assigned.,الحصول على تطبيق الأذونات على المستخدمين على أساس ما الصلاحيات التي تم تعيينها .,
Personal,الشخصية,
Personal Data Deletion Request,طلب حذف البيانات الشخصية,
Personal Data Download Request,طلب تنزيل البيانات الشخصية,
Phone No.,رقم الهاتف,
Pick Columns,اختيار الأعمدة,
Plant,مصنع,
Please Duplicate this Website Theme to customize.,يرجى تكرار هذا الموضوع للموقع لتخصيص.,
Please Enter Your Password to Continue,يرجى إدخال كلمة المرور للمتابعة,
Please Install the ldap3 library via pip to use ldap functionality.,الرجاء تثبيت مكتبة ldap3 عبر النقطة لاستخدام وظيفة ldap.,
Please Update SMS Settings,يرجى تحديث إعدادات الرسائل القصيرة,
Please add a subject to your email,الرجاء إضافة موضوع إلى بريدك الإلكتروني,
Please ask your administrator to verify your sign-up,الرجاء اطلب من المشرف التأكد من تسجيلك,
Please attach a file first.,يرجى اولا إرفاق ملف.,
Please attach an image file to set HTML,يرجى إرفاق ملف صورة لضبط HTML,
Please check your email for verification,يرجى التحقق من بريدك الالكتروني للتحقق,
Please check your registered email address for instructions on how to proceed. Do not close this window as you will have to return to it.,يرجى التحقق من عنوان بريدك الإلكتروني المسجل للحصول على إرشادات حول كيفية المتابعة. لا تغلق هذه النافذة كما سيكون لديك للعودة إليها.,
Please close this window,الرجاء إغلاق هذه النافذة,
Please confirm your action to {0} this document.,يرجى تأكيد الإجراء الخاص بك إلى {0} هذا الوثيقة.,
Please do not change the rows above {0},من فضلك لا تغير الصفوف أعلاه {0},
Please do not change the template headings.,من فضلك لا تغير عناوين القالب.,
Please duplicate this to make changes,يرجى تكرار هذه لإجراء تغييرات,
Please enable developer mode to create new connection,الرجاء تمكين وضع مطور البرامج لإنشاء اتصال جديد,
Please ensure that your profile has an email address,يرجى التأكد من أن التعريف الخاص بك لديه عنوان البريد الإلكتروني,
Please enter Access Token URL,الرجاء إدخال عنوان URL لرمز الدخول المميز,
Please enter Authorize URL,الرجاء إدخال عنوان URL للمصادقة,
Please enter Base URL,الرجاء إدخال عنوان URL الأساسي,
Please enter Client ID before social login is enabled,الرجاء إدخال معرف العميل قبل تمكين تسجيل الدخول الاجتماعي,
Please enter Client Secret before social login is enabled,الرجاء إدخال العميل السري قبل تمكين تسجيل الدخول الاجتماعي,
Please enter Redirect URL,الرجاء إدخال عنوان URL لإعادة التوجيه,
Please enter a valid email address.,رجاء قم بإدخال بريد الكتروني صحيح.,
Please enter the password,الرجاء إدخال كلمة المرور,
Please enter valid mobile nos,الرجاء إدخال رقم وحدة جوال صالحة,
Please enter values for App Access Key and App Secret Key,الرجاء إدخال قيم لتطبيقات مفتاح الوصول ولتطبيقات مفتاح السر,
Please make sure that there are no empty columns in the file.,يرجى التأكد من أنه لا توجد أعمدة فارغة في الملف.,
Please make sure the Reference Communication Docs are not circularly linked.,يرجى التأكد من أن وثائق الاتصال المرجعية غير مرتبطة بشكل دائري.,
Please refresh to get the latest document.,يرجى تحديث للحصول على أحدث وثيقة.,
Please save before attaching.,الرجاء حفظ قبل إرفاق.,
Please save the Newsletter before sending,يرجى حفظ النشرة الإخبارية قبل إرسالها,
Please save the document before assignment,الرجاء حفظ الوثيقة قبل الاحالة,
Please save the document before removing assignment,الرجاء حفظ الوثيقة قبل إزالة المهمة,
Please save the report first,يرجى اولا حفظ التقرير ,
Please select DocType first,يرجى تحديد DOCTYPE أولا,
Please select Entity Type first,يرجى اختيار نوع الكيان أولا,
Please select Minimum Password Score,يرجى تحديد الحد الأدنى لسجل كلمة المرور,
Please select a Amount Field.,الرجاء تحديد حقل المبلغ.,
Please select a file or url,يرجى تحديد ملف أو URL,
Please select a new name to rename,يرجى تحديد اسم جديد لإعادة التسمية,
Please select a valid csv file with data,يرجى تحديد ملف CSV ساري المفعول مع البيانات,
Please select another payment method. PayPal does not support transactions in currency '{0}',يرجى تحديد طريقة دفع أخرى. Paypal لا تدعم المعاملات بالعملة &#39;{0}&#39;,
Please select another payment method. Razorpay does not support transactions in currency '{0}',يرجى تحديد طريقة دفع أخرى. Razorpay لا يعتمد المعاملات بالعملة &#39;{0}&#39;,
Please select atleast 1 column from {0} to sort/group,يرجى تحديد عمود واحد على الأقل من {0} إلى التصنيف / المجموعة,
Please select document type first.,يرجى تحديد نوع الوثيقة أولا.,
Please select the Document Type.,الرجاء تحديد نوع الوثيقة.,
Please set Base URL in Social Login Key for Frappe,يرجى تعيين عنوان URL الأساسي في مفتاح تسجيل الدخول الاجتماعي لFrappe,
Please set Dropbox access keys in your site config,الرجاء تعيين مفاتيح الوصول Dropbox في تكوين موقعك,
Please set a printer mapping for this print format in the Printer Settings,يرجى انشى تعيين طابعة لتنسيق الطباعة هذا في &quot;إعدادات الطابعة&quot;,
Please set filters,يرجى تعيين المرشحات,
Please set filters value in Report Filter table.,الرجاء تعيين قيمة عوامل التصفية في جدول تصفية التقرير.,
"Please setup SMS before setting it as an authentication method, via SMS Settings",يرجى إعداد SMS قبل تعيينه كطريقة المصادقة، عبر إعدادات SMS,
Please setup a message first,يرجى إعداد رسالة أولاً,
Please specify which date field must be checked,يرجى تحديد حقل التاريخ الذي يجب التحقق منه,
Please specify which value field must be checked,يرجى تحديد حقل القيمة الذي يجب التحقق منه,
Please try again,حاول مرة اخرى,
Please verify your Email Address,يرجى التحقق من عنوان البريد الإلكتروني الخاص بك,
Point Allocation Periodicity,نقطة التخصيص الدورية,
Points,نقاط,
Points Given,النقاط المقدمة,
Policy,سياسة,
Port,المنفذ,
Portal Menu,البوابة القائمة,
Portal Menu Item,بوابة عنصر القائمة,
Post,بعد,
Post Comment,أضف تعليقا,
Postal,بريدي,
Postal Code,الرمز البريدي,
Postprocess Method,طريقة Postprocess,
Posts,المشاركات,
Posts by {0},مشاركات {0},
Posts filed under {0},المشاركات المقدمة في إطار {0},
Precision,دقة,
Precision should be between 1 and 6,وينبغي أن تكون الدقة بين 1 و 6,
Predictable substitutions like '@' instead of 'a' don't help very much.,بدائل يمكن التنبؤ بها مثل &#39;@&#39; بدلا من &#39;&#39; لا يساعد كثيرا جدا.,
Preferred Billing Address,عنوان الفواتير المفضل,
Preferred Shipping Address,عنوان النقل البحري المفضل,
Prepared Report,أعد التقرير,
Preparing Report,إعداد التقرير,
Preprocess Method,طريقة المعالجة المسبقة,
Press Enter to save,اضغط على إنتر للحفظ,
Preview HTML,معاينة HTML,
Preview Message,عرض الرسالة,
Previous,سابق,
Previous Hash,السابق Hash,
Primary Color,لون بدائي,
Print Documents,طباعة الوثائق,
Print Format Builder,اعدادات تنسيق الطباعة,
Print Format Help,تنسيق الطباعة مساعدة,
Print Format Type,نوع تنسيق الطباعة,
Print Format {0} is disabled,تم تعطيل تنسيق الطباعة {0},
Print Hide,اخفاء الطباعة,
Print Hide If No Value,إخفاء الطباعة إذا لا توجد قيمة,
Print Sent to the printer!,طباعة ارسلت إلى الطابعة!,
Print Server,ملقم الطباعة,
Print Style,نمط الطباعة,
Print Style Name,اسم نمط الطباعة,
Print Style Preview,معاينة قبل نمط الطباعة,
Print Width,طباعة العرض,
"Print Width of the field, if the field is a column in a table",حقل عرض الطباعة، إذا كان الحقل عمود في الجدول,
Print with letterhead,طباعة مع ترويسة,
Printer,طابعة,
Printer Mapping,تعيين الطابعة,
Printer Name,اسم الطابعة,
Printer Settings,إعدادات الطابعة,
Printing failed,فشلت الطباعة,
Private Key,مفتاح سري,
Private and public Notes.,ملاحظات خاصة وعامة.,
ProTip: Add <code>Reference: {{ reference_doctype }} {{ reference_name }}</code> to send document reference,ProTip: إضافة <code>Reference: {{ reference_doctype }} {{ reference_name }}</code> لإرسال وثيقة مرجعية,
Processing,معالجة,
Processing...,معالجة...,
Prof,بروفيسور,
Progress,تقدم,
Property Setter,واضع الملكية ,
Property Setter overrides a standard DocType or Field property,واضع الملكية يتجاوز على DOCTYPE القياسية أو ممتلكات الحقل,
Property Type,نوع الملكية,
Provider,المزود,
Provider Name,اسم المزود,
Public Key,المفتاح العمومي,
Publishable Key,مفتاح قابل للنشر,
Published On,نشرت في,
Pull,سحب. شد,
Pull Failed,فشلت عملية السحب,
Pull Insert,إدراج عملية سحب,
Pull Update, تحديث السحب,
Push,إدفع,
Push Delete,اضغط على حذف,
Push Failed,فشل الدفع,
Push Insert,اضغط إدراج,
Push Update,دفع التحديث,
Python Module,وحدة Python,
Pyver,Pyver,
QR Code,رمز الاستجابة السريعة,
QR Code for Login Verification,رمز الاستجابة السريعة لتسجيل الدخول,
QZ Tray Connection Active!,اتصال QZ بالموقع فعاله!,
QZ Tray Failed: ,فشل طبقة QZ:,
Quarter Day,ربع يوم,
Query,سؤال,
Query Report,الاستعلام عن,
Query must be a SELECT,يجب أن يكون الاستعلام SELECT,
Queue should be one of {0},يجب أن تكون قائمة الانتظار واحدة من {0},
Queued for backup. It may take a few minutes to an hour.,قائمة الانتظار للنسخ الاحتياطي. قد يستغرق الأمر بضع دقائق إلى ساعة.\n<br>\nQueued for backup. It may take a few minutes to an hour.,
Queued for backup. You will receive an email with the download link,قائمة الانتظار للنسخ الاحتياطي. سوف تتلقى رسالة بريد إلكتروني مع رابط التحميل,
Quick Help for Setting Permissions,مساعدة سريعة لوضع ضوابط,
Rating: ,تقييم:,
Raw Commands,أوامر خام,
Raw Email,البريد الإلكتروني خام,
Raw Printing,الطباعة الخام,
Razorpay Payment gateway settings,إعدادات بوابة الدفع Razorpay,
Razorpay Settings,إعدادات Razorpay,
Re: ,رد:,
Re: {0},رد: {0},
Read,قرأ,
Read Only,للقراءة فقط,
Read by Recipient,قراءة من قبل المستلم,
Read by Recipient On,قراءة من قبل المستلم,
Rebuild,إعادة بناء,
Receiver Parameter,معامل المستقبل,
Recent years are easy to guess.,السنوات الأخيرة سهلة التخمين.,
Recipient,مستلم,
Recipient Unsubscribed,الغاء اشتراك المستلم ,
Record does not exist,سجل غير موجود,
Records for following doctypes will be filtered,سيتم تصفية السجلات الخاصة بالمجموعات التالية,
Redirect To,إعادة توجيه ل,
Redirect URI Bound To Auth Code,إعادة التوجيه URI ملزمة لكود التفويض,
Redirect URIs,إعادة توجيه محددات,
Redis cache server not running. Please contact Administrator / Tech support,مخبأ خادم Redis يست قيد التشغيل. الرجاء الاتصال بمسؤول / الدعم الفني,
Ref DocType,مرجع الوحدة المطورة,
Ref Report DocType,مرجع تقرير الوحدة المطورة,
Reference DocName,مرجع اسم الوحدة المطورة,
Reference DocType and Reference Name are required,مطلوب مرجع الوحدة المطورة واسم مرجع,
Reference Report,تقرير مرجعي,
Reference: {0} {1},إشارة: {0} {1},
Refresh Form,تجديث النموذج ,
Refreshing...,تحديث ...,
Register OAuth Client App,تسجيل مصادقة العميل للتطبيقات,
Registered but disabled,مسجل لكن غير مفعل,
Relapsed,انتكاس,
Relapses,الانتكاسات,
Relink,إعادة ربط,
Relink Communication,الاتصالات إعادة ربط,
Relinked,إعادة ربط,
Reload,تحديث,
Remember Last Selected Value,تذكر آخر مختارة القيمة,
Remote,عن بعد,
Remote Fieldname,اسم الحقل البعيد,
Remote ID,معرف عن بعد,
Remote Objectname,اسم العنصر البعيد,
Remote Primary Key,مفتاح أساسي عن بعد,
Remove,حذف,
Remove Field,إزالة الحقل,
Remove Filter,إزالة تصفية (فلترة),
Remove Section,إزالة القسم,
Remove Tag,إزالة العلامة,
Remove all customizations?,إزالة كافة التخصيصات ؟,
Removed {0},إزالة {0},
Rename many items by uploading a .csv file.,إعادة تسمية العديد من العناصر عن طريق تحميل ملف CSV .,
Rename {0},إعادة تسمية {0},
Repeat Header and Footer in PDF,كرر رأس وتذييل الصفحة في PDF,
Repeat On,كرر على,
Repeat Till,تكرار حتى,
Repeat on Day,كرر يوم,
Repeat this Event,كرر هذا الحدث,
"Repeats like ""aaa"" are easy to guess",كما يكرر &quot;AAA&quot; من السهل تخمين,
"Repeats like ""abcabcabc"" are only slightly harder to guess than ""abc""",يكرر مثل &quot;abcabcabc&quot; ليست سوى أصعب قليلا لتخمين من &quot;اي بي سي&quot;,
Reply,رد,
Reply All,الرد على الجميع,
Report Builder reports are managed directly by the report builder. Nothing to do.,تدار تقارير منشئ التقرير مباشرة بواسطة منشئ التقرير. لا شيء للقيام به.,
Report End Time,تقرير وقت الانتهاء,
Report Filters,مرشحات تقرير,
Report Hide,إخفاء التقرير,
Report Manager,مدير التقارير,
Report Name,اسم التقرير ,
Report Start Time,وقت بدءالتقرير ,
Report cannot be set for Single types,لا يمكن تعيين التقرير لأنواع واحدة,
Report of all document shares,تقرير عن اشتراكات الوثيقة,
Report updated successfully,تم تحديث التقرير بنجاح,
Report was not saved (there were errors),لم يتم حفظ التقرير (كانت هناك أخطاء),
Report {0},تقرير {0},
Report {0} is disabled,تقرير غير مفعلة {0},
Report:,تقرير:,
Represents a User in the system.,يمثل العضو في النظام.,
Represents the states allowed in one document and role assigned to change the state.,يمثل الحالات المسموح بها في وثيقة واحدة لصلاحية المنوط بها تغيير الحالة.,
Request Timed Out,انتهت مهلة الطلب,
Request URL,طلب عنوان URL,
Require Trusted Certificate,طلب شهادة موثوق بها,
Res: {0},الدقة: {0},
Reset OTP Secret,إعادة تعيين سر OTP,
Reset Password,إعادة تعيين كلمة المرور,
Reset Password Key,إعادة تعيين كلمة المرور الرئيسية,
Reset Permissions for {0}?,إعادة تعيين أذونات ل {0} ؟,
Reset to defaults,إعادة تعيين إلى الافتراضية,
Reset your password,اعد ضبط كلمه السر,
Response Type,نوع الاستجابة,
Restore,استعادة,
Restore Original Permissions,استعادة ضوابط الأصل,
Restore or permanently delete a document.,استعادة أو حذف وثيقة نهائيا.,
Restore to default settings?,استعادة الإعدادات الافتراضية؟\n<br>\n?Restore to default settings,
Restored,استعادة,
Restrict IP,تقييد IP,
Restrict To Domain,تقييد على المجال,
Restrict user for specific document,تقييد المستخدم لوثيقة معين,
Restrict user from this IP address only. Multiple IP addresses can be added by separating with commas. Also accepts partial IP addresses like (111.111.111),تقييد المستخدم من هذا العنوان IP فقط. يمكن إضافة عناوين IP متعددة عن طريق فصل بفواصل. يقبل أيضا عناوين IP جزئية مثل (111.111.111),
Resume Sending,استئناف إرسال,
Retake,استعادة,
Retry,إعادة المحاولة,
Return to the Verification screen and enter the code displayed by your authentication app,ارجع إلى شاشة التحقق وأدخل الرمز المعروض بواسطة تطبيق المصادقة,
Reverse Icon Color,عكس دلالات اللون,
Revert,رجوع,
Revert Of,العودة من,
Reverted,عادت,
Review Level,مراجعة المستوى,
Review Levels,مراجعة المستويات,
Review Points,مراجعة النقاط,
Reviews,المراجعات,
Revoke,سحب,
Revoked,إلغاء,
Rich Text,نص منسق,
Robots.txt,ملف robots.txt,
Role Name,اسم الدور,
Role Permission for Page and Report,إذن الدور للصفحة والتقرير,
Role Permissions,اذونات الصلاحيات,
Role Profile,الملف الشخصي,
Role and Level,مستوى الصلاحية,
Roles,الصلاحيات,
Roles Assigned,الصلاحيات المسندة,
Roles can be set for users from their User page.,الأدوار يمكن تعيين للمستخدمين من صفحة المستخدم الخاصة بهم.,
Root {0} cannot be deleted,الجذر {0} لا يمكن حذف,
Round Robin,Round Robin,
Route History,سجل الطريق,
Route Redirects,إعادة توجيه الطريق,
Route to Success Link,الطريق إلى رابط النجاح ,
Row,صف,
Row #{0}:,الصف # {0}:,
Row Index,مؤشر الصف,
Row No,الصف رقم,
Row Status,حالة الصف,
Row Values Changed,تغيرات قيم الصف ,
Row {0}: Not allowed to disable Mandatory for standard fields,الصف {0}: غير مسموح بتعطيل إلزامي للحقول القياسية,
Row {0}: Not allowed to enable Allow on Submit for standard fields,صف {0}: غير مسموح لتمكين السماح بإرسال على لحقول القياسية,
Rows Added,تم اضافة الصفوف,
Rows Removed,تم حذف الصفوف ,
Rule,قاعدة,
Rule Name,اسم القاعدة,
Rules defining transition of state in the workflow.,القوانين التي تحدد انتقال الحالة في سير العمل.,
"Rules for how states are transitions, like next state and which role is allowed to change state etc.",ويسمح النظام لكيفية انتقال الحالات، مثل الحاله التاليه  واي دور مسموح له في تغيير الحالة الخ.,
Run,تشغيل,
Run scheduled jobs only if checked,تشغيل المهام المجدولة الا إذا دققت,
S3 Backup Settings,إعدادات النسخ الاحتياطي لـ S3,
S3 Backup complete!,اكتمل النسخ الاحتياطي S3!,
SMS,رسالة قصيرة,
SMS Gateway URL,SMS بوابة URL,
SMS Parameter,SMS متغيرات,
SMS Settings,SMS إعدادات,
SMS sent to following numbers: {0},رسائل SMS أرسلت الى الارقام التالية: {0},
SMTP Server,SMTP خادم,
SMTP Settings for outgoing emails,إعدادات SMTP لرسائل البريد الإلكتروني الصادرة,
"SQL Conditions. Example: status=""Open""",شروط SQL. على سبيل المثال: الحالة = &quot;فتح&quot;,
SSL/TLS Mode,وضع SSL / TLS,
Salesforce,قوة المبيعات,
Same Field is entered more than once,تم إدخال نفس الحقل أكثر من مرة,
Same file has already been attached to the record,نفس الملف تم إرفاقه إلى هذا السجل,
Save API Secret: ,حفظ سر API:,
Save As,حفظ باسم,
Save Filter,حفظ الفلتر,
Save Report,احفظ التقرير,
Save filters,حفظ المرشحات,
Saving,حفظ,
Saving...,حفظ...,
Scan the QR Code and enter the resulting code displayed.,مسح رمز الاستجابة السريعة وأدخل الرمز الناتج المعروض.,
Scheduled to send to {0},من المقرر أن يرسل إلى {0},
Scheduled to send to {0} recipients,من المقرر أن يرسل إلى {0} المستلمين,
Scopes,نطاقات,
Script,سيناريو,
Script Report,تقرير نصي,
Script or Query reports,تقارير نصيه أو استعلام,
Script to attach to all web pages.,نص للارفاق على كل صفحات الويب.,
Search Fields,بحث الحقول,
Search Help,مساعدة البحث,
Search Term,مصطلح البحث,
Search field {0} is not valid,حقل البحث {0} غير صالح,
Search for '{0}',البحث عن &#39;{0}&#39;,
Search for anything,البحث عن أي شيء,
Search in a document type,بحث في نوع الوثيقة,
Search or Create a New Chat,البحث أو إنشاء دردشة جديدة,
Search or type a command,بحث أو كتابة أمر,
Search...,بحث...,
Searching,جاري البحث,
Searching ...,جاري البحث ...,
Secret Access Key,مفتاح الوصول السري,
Section Break,فاصل قسم,
Section Heading,قسم العنوان,
Security,أمن المنظومة,
Security Settings,إعدادات الأمان,
See all past reports.,عرض جميع التقارير السابقة,
See https://docs.aws.amazon.com/de_de/general/latest/gr/rande.html#s3_region for details.,راجع https://docs.aws.amazon.com/de_de/general/latest/gr/rande.html#s3_region للحصول على التفاصيل.,
See on Website,ترى على الموقع,
See the document at {0},انظر الوثيقة على {0},
Seems API Key or API Secret is wrong !!!,يبدو مفتاح API أو API سر من الخطأ !!!,
Seems Publishable Key or Secret Key is wrong !!!,يبدو مفتاح النشر أو المفتاح السري خاطئ!,
"Seems issue with server's razorpay config. Don't worry, in case of failure amount will get refunded to your account.",يبدو القضية مع التكوين razorpay الخادم. لا تقلق، في حالة كمية الفشل سوف تحصل ردها إلى حسابك.,
Seems token you are using is invalid!,يبدو الرمز المميز الذي تستخدمه غير صالح!,
Seen,رأيت,
Seen By,تمت رؤيته بواسطة,
Seen By Table,تمت رؤيته من خلال الجدول,
Select Attachments,حدد المرفقات,
Select Child Table,حدد الجدول االتابع,
Select Column,حدد العمود,
Select Columns,تحديد الأعمدة,
Select Document Type,حدد نوع الوثيقة,
Select Document Type or Role to start.,حدد نوع الوثيقة أو دور للبدء.,
Select Document Types to set which User Permissions are used to limit access.,حدد أنواع الوثائق لتعيين العضو الذي ضوابط تستخدم للحد من الوصول.,
Select File Format,حدد تنسيق الملف,
Select File Type,حدد نوع الملف,
Select Language...,اختار اللغة...,
Select Languages,اختر اللغات,
Select Module,اختر وحدة,
Select Print Format,حدد تنسيق طباعة,
Select Print Format to Edit,حدد تنسيق طباعة إلى تحرير,
Select Role,حدد الصلاحية,
Select Table Columns for {0},تحديد الأعمدة الجدول ل{0},
Select Your Region,حدد منطقتك,
Select a Brand Image first.,اختر صورة العلامة التجارية لأول مرة.,
Select a DocType to make a new format,أختر DocType لتنشئ تنسيق جديد,
Select a chat to start messaging.,حدد دردشة لبدء الرسائل.,
Select a group node first.,حدد عقدة المجموعة أولا.,
Select an existing format to edit or start a new format.,تحديد شكل القائمة لتعديل أو اضافة شكل جديد.,
Select an image of approx width 150px with a transparent background for best results.,اختر صورة بعرض 150px تقريبا مع خلفية شفافة لنتيجة افضل,
Select atleast 1 record for printing,اختر أتلست سجل 1 للطباعة,
Select or drag across time slots to create a new event.,اختر أو اسحب عبر فتحات الوقت لإنشاء حدث جديد.,
Select records for assignment,اختر سجلات الاحالة,
"Select target = ""_blank"" to open in a new page.","حدد الهدف = "" _blank "" لفتح في صفحة جديدة .",
Select the label after which you want to insert new field.,حدد التسمية بعد الذي تريد إدراج حقل جديد.,
"Select your Country, Time Zone and Currency",اختر بلدك، المنطقة الزمنية والعملات,
Select {0},حدد {0},
Self approval is not allowed,الموافقة الذاتية غير مسموح بها,
Send After,إرسال بعد,
Send Alert On,إرسال تنبيه في,
Send Attachements,إرسال المرفقات,
Send Email Alert,إرسال تنبيه عبر البريد الإلكتروني,
Send Email Print Attachments as PDF (Recommended),ارسال مرفقات  الايميل المطبوعة ك PDF (مستحسن),
Send Email for Successful Backup,إرسال بريد إلكتروني للنجاح النسخ الاحتياطي,
Send Me A Copy of Outgoing Emails,أرسل لي نسخة من رسائل البريد الإلكتروني الصادرة,
Send Notification to,إرسال إشعار إلى,
Send Notifications To,إرسال إشعارات إلى,
Send Print as PDF,إرسال الطباعة بصيغة PDF,
Send Read Receipt,إرسال مقروءة إيصال,
Send Unsubscribe Link,إرسال رابط إلغاء الإشتراك,
Send Welcome Email,إرسال رسالة ترحيبية,
Send alert if date matches this field's value,إرسال تنبيه إذا تاريخ توافق مع قيمة هذا الحقل,
Send alert if this field's value changes,إرسال تنبيه إذا تغيرت قيمة هذا الحقل,
Send an email reminder in the morning,إرسال رسالة تذكير في الصباح,
Send days before or after the reference date,إرسال أيام قبل أو بعد التاريخ المرجعي,
Send document web view link in email,إرسال عرض وثيقة الارتباط على شبكة الإنترنت في البريد الإلكتروني,
Send enquiries to this email address,إرسال الاستفسارات إلى عنوان البريد الإلكتروني هذا,
Send me a copy,أرسل لي نسخة,
Send only if there is any data,إرسال فقط إذا كان هناك أي بيانات,
Send unsubscribe message in email,إرسال رسالة إلغاء الاشتراك في البريد الإلكتروني,
Sender,مرسل,
Sender Email,البريد الإلكتروني المرسل,
Sendgrid,Sendgrid,
Sent Read Receipt,أرسلت ايصال مقروءة ,
Sent or Received,المرسلة أو المتلقاة,
Sent/Received Email,البريد المرسل / المستلم,
Server IP,خادم IP,
Session Expired,انتهت الجلسة,
Session Expiry,مدة انتهاء الجلسة,
Session Expiry Mobile,جلسة انتهاء موبايل,
Session Expiry in Hours e.g. 06:00,انتهاء صلاحية الجلسات على سبيل المثال. 06:00,
Session Expiry must be in format {0},يجب أن يكون انتهاء الجلسة بالتنسيق {0},
Session Start Failed,فشل بدء الجلسة,
Set Banner from Image,تعيين ترويسة من الصورة,
Set Chart,مجموعة الرسم البياني,
Set Filters,ضبط المرشحات,
Set New Password,وضع كلمة سر جديدة,
Set Number of Backups,تعيين عدد من النسخ الاحتياطية,
Set Only Once,تعيين مرة واحدة فقط,
Set Password,تعيين كلمة المرور,
Set Permissions,تعيين أذونات,
Set Permissions on Document Types and Roles,مجموعة ضوابط على أنواع الوثائق والصلاحيات,
Set Property After Alert,تعيين الملكية بعد تنبيه,
Set Quantity,ضبط الكمية,
Set Role For,تعيين صلاحية لل,
Set User Permissions,تعيين صلاحيات المستخدم,
Set Value,تعيين القيمة,
Set custom roles for page and report,تعيين صلاحيات مخصصة للصفحة وللتقرير,
"Set default format, page size, print style etc.",تعيين تنسيق افتراضي، حجم الصفحة، نمط الطباعة الخ,
Set non-standard precision for a Float or Currency field,تعيين الدقة غير القياسية لحقل تعويم أو العملات,
Set numbering series for transactions.,تحديد الترقيم المتسلسل للمعاملات .,
Set up rules for user assignments.,إعداد القواعد للاحالات الى المستخدمين.,
Setting this Address Template as default as there is no other default,وضع هذا القالب كما العنوان الافتراضي حيث لا يوجد الافتراضية الأخرى,
Setting up your system,إعداد النظام الخاص بك,
Settings for About Us Page.,إعدادات صفحة من نحن,
Settings for Contact Us Page,إعدادات صفحة الاتصال بنا,
Settings for Contact Us Page.,إعدادات صفحة الاتصال بنا,
Settings for OAuth Provider,إعدادات مزود أوث,
Settings for the About Us Page,إعدادات لمن نحن الصفحة,
Setup Auto Email,الإعداد التلقائي البريد الإلكتروني,
Setup Complete,الإعداد كاملة,
Setup Notifications based on various criteria.,إخطارات الإعداد على أساس معايير مختلفة.,
Setup Reports to be emailed at regular intervals,لتكون عبر البريد الالكتروني تقارير الإعداد على فترات منتظمة,
"Setup of top navigation bar, footer and logo.",الإعداد من أعلى الملاحة تذييل وبار والشعار.,
Share,مشاركة,
Share URL,مشاركة عنوان URL,
Share With,مشاركة مع,
Share this document with,مشاركة هذه الوثيقة مع,
Share {0} with,مشاركة {0} مع,
Shared,مشتركة,
Shared With,مشترك مع,
Shared with everyone,مشترك مع الجميع,
Shared with user {0} with read access,تمت المشاركة مع المستخدم {0} مع إمكانية الوصول للقراءة,
Shared with {0},مشترك مع {0},
Shop,تسوق,
Short keyboard patterns are easy to guess,نماذج لوحة المفاتيح القصيرة من السهل التخمين,
Show Attachments,عرض المرفقات,
Show Calendar,إظهار التقويم,
Show Dashboard,عرض لوحة القيادة,
Show Full Error and Allow Reporting of Issues to the Developer,إظهار خطأ كامل والسماح للإبلاغ عن القضايا إلى المطور,
Show Line Breaks after Sections,عرض فواصل الخط بعد التقسيم,
Show Permissions,مشاهدة ضوابط,
Show Preview Popup,إظهار معاينة المنبثقة,
Show Relapses,مشاهدة المعاودة,
Show Report,عرض تقرير,
Show Section Headings,عرض عناوين القسم,
Show Sidebar,مشاهدة الشريط الجانبي,
Show Title,اظهار العنوان,
Show Totals,مشاهدة المجاميع,
Show Weekends,عرض عطلة نهاية الاسبوع,
Show all Versions,عرض كل الإصدارات,
Show as Grid,تظهر كشبكة,
Show as cc,كما تظهر سم مكعب,
Show failed jobs,مشاهدة فشل الوظائف,
Show in Module Section,تظهر في قسم الموديول,
Show in filter,اعرض في الفلتر,
Show more details,إظهار مزيد من التفاصيل,
Show only errors,عرض الأخطاء فقط,
"Show title in browser window as ""Prefix - title""","اظهار العنوان في نافذة المتصفح ك ""بادئة - عنوان""",
Showing only Numeric fields from Report,عرض حقول رقمية فقط من التقرير,
Sidebar Items,عناصر الشريط الجانبي,
Sidebar Settings,إعدادات الشريط الجانبي,
Sidebar and Comments,الشريط الجانبي وتعليقات,
Sign Up,سجل,
Sign Up is disabled,تم تعطيل الاشتراك,
Signature,توقيع,
"Simple Python Expression, Example: Status in (""Closed"", ""Cancelled"")",تعبير Python البسيط ، مثال: الحالة في (&quot;مغلق&quot; ، &quot;تم الإلغاء&quot;),
"Simple Python Expression, Example: status == 'Open' and type == 'Bug'",تعبير Python البسيط ، مثال: status == &#39;Open&#39; واكتب == &#39;Bug&#39;,
Simultaneous Sessions,جلسات متزامنة,
Single DocTypes cannot be customized.,لا يمكن تخصيص DocTypes مفردة.,
Single Post (article).,مشاركة واحدة (المادة).,
Single Types have only one record no tables associated. Values are stored in tabSingles,الأنواع المفردة يكون سجل واحد فقط لا الجداول المرتبطة . يتم تخزين القيم في tabSingles,
Skip Authorization,تجاهل المصادقة,
Skip rows with errors,تخطي الصفوف التي بها أخطاء,
Skype,سكايب,
Slack,ركود,
Slack Channel,قناة Slack,
Slack Webhook Error,خطأ Slack Webhook,
Slack Webhook URL,Slack Webhook URL,
Slack Webhooks for internal integration,Slack Webhooks من أجل التكامل الداخلي,
Slideshow Items,عرض شرائح العناصر,
Slideshow Name,اسم العرض,
Slideshow like display for the website,عرض الشرائح مثل عرض للموقع,
Small Text,نص صغير,
Smallest Currency Fraction Value,أصغر قيمه كسر العملة,
Smallest circulating fraction unit (coin). For e.g. 1 cent for USD and it should be entered as 0.01,أصغر وحدة تعميم جزء (عملة). على سبيل المثال ل 1 في المائة لUSD ويجب إدخال كما 0.01,
Snapshot View,لقطة مشاهدة,
Social,اجتماعي,
Social Login Key,مفتاح تسجيل الدخول الاجتماعي,
Social Login Provider,موفر تسجيل الدخول الاجتماعي,
Social Logins,تسجيل الدخول الاجتماعي,
Socketio is not connected. Cannot upload,Socketio غير متصل. يتعذر التحميل,
Soft-Bounced,لينة المرتجعة,
Some of the features might not work in your browser. Please update your browser to the latest version.,قد لا تعمل بعض الميزات في المتصفح. يرجى تحديث المتصفح إلى أحدث إصدار.,
Something went wrong,حدث خطأ ما,
Something went wrong while generating dropbox access token. Please check error log for more details.,حدث خطأ ما أثناء إنشاء الرمز المميز للدخول إلى صندوق الإسقاط. يرجى التحقق من سجل الأخطاء للحصول على مزيد من التفاصيل.,
Sorry! I could not find what you were looking for.,"عذراَ ! ,  لا يمكن العثورعلى ما تبحث عنه.",
Sorry! Sharing with Website User is prohibited.,معذرة! المشاركة مع مستخدم الموقع محظور.,
Sorry! User should have complete access to their own record.,معذرة! يجب أن يكون المستخدم الوصول الكامل إلى سجل الخاصة بهم.,
Sorry! You are not permitted to view this page.,"عذراَ !, غير مسموح لك مشاهدة هذه الصفحة.",
Sorry! You cannot delete auto-generated comments,"عذراَ ! ,لا يمكنك حذف التعليقات الذي تم إنشاؤه تلقائيا",
"Sorry, you're not authorized.",عذرا، أنت غير مخول.,
Sort Field,نوع الحقل,
Sort Order,ترتيب,
Sort field {0} must be a valid fieldname,يجب أن يكون حقل نوع {0} لFIELDNAME صحيح,
Source Text,النص المصدر,
Spam,بريد مؤذي,
SparkPost,SparkPost,
Special Characters are not allowed,لا يسمح أحرف خاصة,
"Standard DocType cannot have default print format, use Customize Form",لا يمكن أن يكون تنسيق DocType القياسي تنسيق طباعة افتراضي، استخدام نموذج مخصص,
Standard Print Format cannot be updated,لا يمكن تحديث تنسيق الطباعة القياسية,
Standard Print Style cannot be changed. Please duplicate to edit.,لا يمكن تغيير نمط الطباعة القياسي. الرجاء تكرار التعديل.,
Standard Reports,تقارير قياسية,
Standard Sidebar Menu,قائمة الشريط الجانبي الرئيسية,
Standard roles cannot be disabled,الصلاحيات القياسية لا يمكن تعطيلها,
Standard roles cannot be renamed,الصلاحيات القياسية لا يمكن إعادة تسميتها,
Standings,الترتيب,
Start Date Field,تاريخ بداء الحقل,
Start a conversation.,بدء محادثة.,
Start entering data below this line,البدء في إدخال البيانات تحت هذا الخط,
Start new Format,بدء تنسيق جديد,
StartTLS,STARTTLS,
Started,بدأت,
Starting Frappe ...,جارٍ بدء Frappe ...,
Starts on,يبدأ يوم,
States,الحالات,
"States for workflow (e.g. Draft, Approved, Cancelled).",حالات عن سير العمل (على سبيل المثال مسودة ، موافق عليها ، ألغيت ) .,
Static Parameters,متغيرات ثابته,
Stats based on last month's performance (from {0} to {1}),الإحصائيات بناءً على أداء الشهر الماضي (من {0} إلى {1}),
Stats based on last week's performance (from {0} to {1}),الإحصائيات بناءً على أداء الأسبوع الماضي (من {0} إلى {1}),
Status: {0},الحالة: {0},
Steps to verify your login,خطوات التحقق من تسجيل الدخول,
Stores the JSON of last known versions of various installed apps. It is used to show release notes.,يخزن JSON من الإصدارات المعروفة الأخيرة من مختلف التطبيقات المثبتة. يتم استخدامها لعرض ملاحظات الإصدار.,
Straight rows of keys are easy to guess,صفوف متتالية من مفاتيح سهلة للتخمين,
Stripe Settings,إعدادات الشريط,
Stripe payment gateway settings,إعدادات بوابة الدفع الشريطية,
Style,النمط,
Style Settings,نمط الضبط,
"Style represents the button color: Success - Green, Danger - Red, Inverse - Black, Primary - Dark Blue, Info - Light Blue, Warning - Orange",النمط يمثل لون الزر: النجاح-الأخضر ، الخطر-الأحمر ، معكوس-الأسود ، أساسي-أزرق داكن ، المعلومات-أزرق سماوي ، تحذير-برتقالي,
Stylesheets for Print Formats,نمط الاوراق لتنسيق الطباعة,
"Sub-currency. For e.g. ""Cent""",شبه العملات. ل &quot;سنت&quot; على سبيل المثال,
Sub-domain provided by erpnext.com,المجال الفرعي مقدم من erpnext.com,
Subdomain,مجال فرعي,
Subject Field,حقل الموضوع,
Submit after importing,تأكيد بعد الاستيراد,
Submit an Issue,يقدم العدد,
Submit this document to confirm,إرسال هذه الوثيقة إلى تأكيد,
Submit {0} documents?,إرسال {0} وثائق؟,
Submiting {0},تقديم {0},
Submitted Document cannot be converted back to draft. Transition row {0},الوثيقة المسجلة لا يمكن تحويلها إلى مسودة row {0},
Submitting,تقديم,
Subscription Notification,إشعار الاشتراك,
Subsidiary,شركة فرعية,
Success Action,نجاح العمل,
Success Message,رسالة النجاح,
Success URL,رابط النجاح,
Successful: {0} to {1},ناجح: {0} إلى {1},
Successfully Done,تمت بنجاح,
Successfully Updated,تم التحديث بنجاح,
Successfully updated translations,تم تحديث الترجمات بنجاح,
Suggested Username: {0},اسم المستخدم مقترح: {0},
Sum,مجموع,
Sum of {0},مجموع {0},
Support Email Address Not Specified,دعم عنوان البريد الإلكتروني غير محدد,
Suspend Sending,تعليق الإرسال,
Switch To Desk,التبديل إلى مكتب,
Symbol,رمز,
Sync,مزامنة,
Sync on Migrate,المزامنة على ترحيل,
Syntax error in template,خطأ في بناء الجملة في القالب,
System,نظام,
System Page,صفحة النظام,
System Settings,إعدادات النظام,
System User,مستخدم النظام,
System and Website Users,النظام و الموقع الالكتروني للمستخدمين,
Table,جدول,
Table Field,حقل الجدول,
Table HTML,جدول HTML,
Table MultiSelect,الجدول MultiSelect,
Table updated,الجدول محدث,
Table {0} cannot be empty,جدول {0} لا يمكن أن يكون فارغا,
Take Backup Now,ابداء النسخ الاحتياطي الآن,
Take Photo,تصوير,
Take Video,اتخاذ الفيديو,
Team Members,أعضاء الفريق,
Team Members Heading,عنوان أعضاء الفريق,
Temporarily Disabled,موقوف مؤقتا,
Test Email Address,اختبار عنوان البريد الإلكتروني,
Test Runner,اختبار عداء,
Test_Folder,إختبار_المجلد,
Text,نص,
Text Align,محاذاة النص,
Text Color,لون الخط,
Text Content,محتوى النص,
Text Editor,محرر النصوص,
Text to be displayed for Link to Web Page if this form has a web page. Link route will be automatically generated based on `page_name` and `parent_website_route`,النص ليتم عرضها لرابط صفحة الانترنت إذا هذا النموذج لديه صفحة على شبكة الإنترنت. الطريق للرابط سيتم تكوينه تلقائيا على أساس `` page_name` وparent_website_route`,
Thank you for your comment. It will be published after approval,شكرا لك على تعليقك. سيتم نشرها بعد الموافقة,
Thank you for your email,شكرا لك على بريدك الالكتروني,
Thank you for your interest in subscribing to our updates,شكرا لك على اهتمامك في الاشتراك في تحديثاتنا,
Thank you for your message,شكرا لرسالتك,
The CSV format is case sensitive,تنسيق CSV حساس لحالة الأحرف,
The Condition '{0}' is invalid,الشرط '{0}' غير صالح,
The First User: You,المستخدم الأول : أنت,
"The application has been updated to a new version, please refresh this page",تم تحديث التطبيق إلى الإصدار الجديد، يرجى تحديث هذه الصفحة,
The attachments could not be correctly linked to the new document,لا يمكن ربط المرفقات بشكل صحيح مع الوثيقة الجديد,
The document could not be correctly assigned,لا يمكن احالة الوثيقة بشكل صحيح,
The document has been assigned to {0},تم احالة الوثيقة إلى {0},
The first user will become the System Manager (you can change this later).,المستخدم الأول سوف تصبح مدير النظام (يمكنك تغيير هذا لاحقا).,
The name that will appear in Google Calendar,الاسم الذي سيظهر في تقويم Google,
The process for deletion of {0} data associated with {1} has been initiated.,بدأت عملية حذف البيانات {0} المرتبطة {1}.,
The resource you are looking for is not available,المصدر الذي تبحث عنه غير متاح\n<br>\nThe resource you are looking for is not available,
The system provides many pre-defined roles. You can add new roles to set finer permissions.,ويوفر النظام العديد من أدوار محددة مسبقا. يمكنك إضافة أدوار جديدة لتعيين أذونات دقيقة.,
The user from this field will be rewarded points,سيتم مكافأةالمستخدم بنقاط  من هذا المجال,
Theme,موضوع,
Theme URL,عنوان URL الموضوع,
There can be only one Fold in a form,يمكن أن يكون هناك  فقط طية واحده  في الشكل,
There is an error in your Address Template {0},يوجد خطأ في قالب العناوين {0},
There is no data to be exported,لا توجد بيانات ليتم تصديرها,
There is some problem with the file url: {0},هناك بعض المشاكل مع رابط الملف: {0},
There must be atleast one permission rule.,يجب أن يكون هناك على الأقل قاعدة إذن واحد.,
"There seems to be an issue with the server's braintree configuration. Don't worry, in case of failure, the amount will get refunded to your account.",يبدو أن هناك مشكلة مع التكوين Braintree الملقم. لا تقلق، في حالة الفشل، سيتم استرداد المبلغ إلى حسابك.,
There should remain at least one System Manager,يجب أن يظل هناك مدير نظام واحد على الأقل,
There was an error saving filters,كان هناك خطأ في حفظ المرشحات,
There were errors,كانت هناك أخطاء,
There were errors while creating the document. Please try again.,كانت هناك أخطاء أثناء إنشاء الوثيقة. حاول مرة اخرى.,
There were errors while sending email. Please try again.,كانت هناك أخطاء أثناء إرسال البريد الإلكتروني. يرجى المحاولة مرة أخرى.,
"There were some errors setting the name, please contact the administrator",كانت هناك بعض الأخطاء التي تحدد الاسم، يرجى الاتصال بالمشرف,
These values will be automatically updated in transactions and also will be useful to restrict permissions for this user on transactions containing these values.,وسيتم تحديث هذه القيم تلقائيا في المعاملات وأيضا سوف تكون مفيدة لتقييد الأذونات لهذا المستخدم على المعاملات التي تحتوي على هذه القيم.,
Third Party Apps,تطبيقات الجهات الخارجية,
Third Party Authentication,إثبات أصالة الطرف الثالث,
This Currency is disabled. Enable to use in transactions,تم تعطيل هذه العملات . تمكين لاستخدامها في المعاملات,
This Kanban Board will be private,وهذا المجلس كانبان يكون القطاع الخاص,
This document cannot be reverted,لا يمكن التراجع عن هذا الوثيقة,
This document has been modified after the email was sent.,تم تعديل هذا الوثيقة بعد إرسال البريد الإلكتروني.,
This document has been reverted,تم إرجاع هذا الوثيقة,
This document is currently queued for execution. Please try again,هذه الوثيقة في قائمة الانتظار حاليا لتنفيذها. حاول مرة اخرى,
This email is autogenerated,تم إنشاء هذا البريد الإلكتروني تلقائيا,
This email was sent to {0},أرسلت هذه الرسالة إلى {0},
This email was sent to {0} and copied to {1},وقد أرسلت هذه الرسالة الى {0} ونسخها إلى {1},
This feature is brand new and still experimental,هذه الميزة هي العلامة التجارية الجديدة وما زالت التجريبية ,
This field will appear only if the fieldname defined here has value OR the rules are true (examples): \nmyfield\neval:doc.myfield=='My Value'\neval:doc.age&gt;18,سيظهر هذا المجال إلا إذا كان FIELDNAME المحدد هنا له قيمة أو قواعد صحيحة (أمثلة): myfield حدة التقييم: doc.myfield == &#39;بلدي القيمة &quot;وحدة التقييم: doc.age&gt; 18,
This form does not have any input,هذا النموذج لا يحتوي على اي مدخل,
This form has been modified after you have loaded it,تم تعديل هذا النموذج بعد أن كنت قد حملته,
This format is used if country specific format is not found,ويستخدم هذا الشكل إذا لم يتم العثور على صيغة محددة للبلاد,
This goes above the slideshow.,هذا يذهب فوق عرض الشرائح.,
This is a background report. Please set the appropriate filters and then generate a new one.,هذا هو تقرير الخلفية. يرجى تعيين المرشحات المناسبة ثم إنشاء واحدة جديدة.,
This is a top-10 common password.,هذا هو كلمة السر المشتركة من أعلى إلى 10.,
This is a top-100 common password.,هذا هو كلمة السر المشتركة من أعلى إلى 100.,
This is a very common password.,هذا هو كلمة شائعة جدا.,
This is an automatically generated reply,هذا الرد تلقائي,
This is similar to a commonly used password.,هذا هو مماثل لكلمة شائعة الاستخدام.,
This is the template file generated with only the rows having some error. You should use this file for correction and import.,هذا هو ملف القالب ولدت مع الصفوف فقط وجود بعض الأخطاء. يجب استخدام هذا الملف للتصحيح والاستيراد.,
This link has already been activated for verification.,تم تنشيط هذا الرابط بالفعل للتحقق منه.,
This link is invalid or expired. Please make sure you have pasted correctly.,هذا الرابط غير صالح أو منتهية الصلاحية. من فضلك تأكد من لصقه بشكل صحيح.,
This may get printed on multiple pages,قد تتم طباعة هذا على صفحات متعددة,
This month,هذا الشهر,
This query style is discontinued,تم إيقاف نمط طلب البحث هذا,
This report was generated on {0},تم إنشاء هذا التقرير في {0},
This report was generated {0}.,تم إنشاء هذا التقرير {0}.,
This request has not yet been approved by the user.,لم تتم الموافقة على هذا الطلب من قبل المستخدم.,
This role update User Permissions for a user,يقوم هذا الدور بتحديث صلاحيات المستخدم للمستخدم,
This will log out {0} from all other devices,سيقوم هذا بتسجيل الخروج {0} من كافة الأجهزة الأخرى,
This will permanently remove your data.,سيؤدي هذا إلى إزالة بياناتك نهائيًا.,
Throttled,مخنوق,
Thumbnail URL,URL المصغرة,
Time Interval,الفاصل الزمني,
Time Series,السلاسل الزمنية,
Time Series Based On,سلسلة زمنية بناء على,
Time Zone,المنطقة الزمنية,
Time Zones,من المناطق الزمنية,
Time in seconds to retain QR code image on server. Min:<strong>240</strong>,الوقت في ثوان للاحتفاظ صورة رمز الاستجابة السريعة على الخادم. الحد الأدنى: <strong>240</strong>,
Timeline DocType,DOCTYPE الزمني,
Timeline Field,حقل الجدول الزمني ,
Timeline Links,روابط الجدول الزمني ,
Timeline Name,اسم الزمني,
Timeline field must be a Link or Dynamic Link,يجب أن يكون حقل المخطط الزمني رابطا أو رابطا ديناميكيا,
Timeline field must be a valid fieldname,يجب أن يكون حقل المخطط الزمني اسم حقل صالحا,
Timeseries,السلاسل الزمنية,
Timestamp,الطابع الزمني,
Title Case,عنوان القضية,
Title Field,حقل العنوان,
Title Prefix,عنوان الاختصار,
Title field must be a valid fieldname,يجب أن يكون حقل العنوان حقل اسم صالح,
To Date Field,إلى تاريخ الحقل,
To Do,قائمة المهام,
To User,إلى المستخدم,
"To add dynamic subject, use jinja tags like\n\n<div><pre><code>New {{ doc.doctype }} #{{ doc.name }}</code></pre></div>","لإضافة موضوع ديناميكي، استخدم علامات جينيا مثل <div style=""""><pre style=""""> <code>New {{ doc.doctype }} #{{ doc.name }}</code> </pre> </div>",
"To add dynamic subject, use jinja tags like\n\n<div><pre><code>{{ doc.name }} Delivered</code></pre></div>","لإضافة موضوع ديناميكي، استخدام علامات جينجا مثل <div style=""""><pre style=""""> <code>{{ doc.name }} Delivered</code> </pre> </div>",
To and CC,لوCC,
"To format columns, give column labels in the query.",لتنسيق الأعمدة، وإعطاء تسميات الأعمدة في الاستعلام.,
"To get the updated report, click on {0}.",للحصول على التقرير المحدّث ، انقر على {0}.,
ToDo,قائمة المهام,
Today,اليوم,
Toggle Chart,تبديل الرسم البياني,
Toggle Charts,تبديل الرسوم البيانية,
Toggle Full Width,تبديل العرض الكامل,
Toggle Grid View,تبديل عرض الشبكة,
Toggle Sidebar,تبديل الشريط الجانبي,
Token,رمز,
Token is missing,رمز مفقود,
"Too many users signed up recently, so the registration is disabled. Please try back in an hour",تسجيل الكثير من المستخدمين في الآونة الأخيرة، لذلك التسجيل تعطل. يرجى المحاولة مرة أخرى في خلال ساعة,
Too many writes in one request. Please send smaller requests,الكثير من الكتابات في طلب واحد . يرجى إرسال طلبات أصغر,
Top Bar,الشريط الأعلى,
Top Bar Item,أفضل شريط الصنف,
Top Bar Items,اصناف الشريط العلوي,
Top Performer,أفضل أداء,
Top Reviewer,كبار المعلقين,
Top {0},أعلى {0},
Total Pages,إجمالي الصفحات,
Total Rows,إجمالي الصفوف,
Total Subscribers,إجمالي عدد المشتركين,
Total number of emails to sync in initial sync process ,إجمالي عدد الرسائل الإلكترونية المراد مزامنتها في عملية المزامنة الأولية,
Totals Row,الصف الكلي,
Track Changes,تعقب التغيرات,
Track Email Status,تتبع حالة البريد الإلكتروني,
Track Field,حقل المسار,
Track Seen,المسار رأيت,
Track Views,عرض طرق المسار,
"Track if your email has been opened by the recipient.\n<br>\nNote: If you're sending to multiple recipients, even if 1 recipient reads the email, it'll be considered ""Opened""",تتبع إذا تم فتح البريد الإلكتروني الخاص بك من قبل المستلم. <br> ملاحظة: إذا كنت ترسل إلى عدة مستلمين ، حتى إذا قرأ أحد المستلمين البريد الإلكتروني ، فسيتم اعتباره &quot;مفتوح&quot;,
Track milestones for any document,تتبع المعالم لأي وثيقة,
Transaction Hash,عملية تجزئة,
Transaction Log,سجل المعاملات,
Transaction Log Report,تقرير سجل المعاملات,
Transition Rules,قوانين الانتقال,
Transitions,التحولات,
Translatable,للترجمة,
Translate {0},ترجمة {0},
Translated Text,ترجمة النص,
Translation,ترجمة,
Translations,ترجمة,
Trash,قمامة، يدمر، يهدم,
Tree,شجرة,
Tree view not available for {0},العرض المشجر غير متوفر ل{0},
Trigger Method,طريقة الضغط على الزناد,
Trigger Name,اسم المسبب للحدث,
"Trigger on valid methods like ""before_insert"", ""after_update"", etc (will depend on the DocType selected)",المسبب للحدث على الطرق الصحيحة مثل &quot;before_insert&quot;، &quot;after_update&quot;، وما إلى ذلك (تعتمد على نوع الوثيقة المحدد),
Try to avoid repeated words and characters,في محاولة لتجنب الكلمات المكررة وشخصيات,
Try to use a longer keyboard pattern with more turns,محاولة استخدام نمط لوحة المفاتيح أطول مع المزيد من المنعطفات,
Two Factor Authentication,توثيق ذو عاملين,
Two Factor Authentication method,أسلوب اثنان عامل المصادقة,
Type something in the search box to search,اكتب شيئا في مربع البحث للبحث,
Type:,النوع:,
UID,رمز المستخدم,
UIDNEXT,UIDNEXT,
UIDVALIDITY,UIDVALIDITY,
UNSEEN,غير مرئي,
UPPER CASE,الأحرف الكبيرة,
"URIs for receiving authorization code once the user allows access, as well as failure responses. Typically a REST endpoint exposed by the Client App.\n<br>e.g. http://hostname//api/method/frappe.www.login.login_via_facebook",محددات لاستقبال رمز التفويض مرة واحدة يتيح للمستخدم الوصول، وكذلك ردود الفشل. عادة ما يكون نقطة النهاية بقية عرضة للخطر من قبل العميل التطبيقات. <br> على سبيل المثال HTTP: //hostname//api/method/frappe.www.login.login_via_facebook,
URLs,عناوين URLS,
Unable to find attachment {0},تعذر العثور على مرفق {0},
Unable to load camera.,تعذر تحميل الكاميرا.,
Unable to load: {0},غير قادر على تحميل: {0},
Unable to open attached file. Did you export it as CSV?,تعذر فتح الملف المرفق. هل تم تصديره ك CSV؟,
Unable to read file format for {0},تعذر قراءة تنسيق الملف {0},
Unable to send emails at this time,غير قادر على إرسال رسائل البريد الإلكتروني في هذا الوقت,
Unable to update event,غير قادر على تحديث الحدث,
Unable to write file format for {0},تعذر كتابة تنسيق الملف {0},
Unassign Condition,إلغاء شرط الاحالة,
Under Development,تحت التطوير,
Unfollow,الغاء المتابعة,
Unhandled Email,البريد الإلكتروني غير معالج,
Unique,فريد من نوعه,
Unknown Column: {0},عمود غير معروف: {0},
Unknown User,مستخدم غير معروف,
"Unknown file encoding. Tried utf-8, windows-1250, windows-1252.",ترميز الملفات غير معروف . حاول UTF- 8 ، ويندوز 1250، ويندوز 1252 .,
Unread,غير مقروء,
Unread Notification Sent,إرسال الإشعارات غير المقروءة,
Unselect All,إلغاء تحديد الكل,
Unshared,غير مشارك,
Unsubscribe,إلغاء الاشتراك,
Unsubscribe Method,طريقة إلغاء الاشتراك,
Unsubscribe Param,إلغاء الاشتراك Param,
Unsupported File Format,تنسيق ملف غير معتمد,
Unzip,فك الضغط,
Unzipped {0} files,الملفات غير المضغوطة {0},
Unzipping files...,فك ضغط الملفات ...,
Upcoming Events for Today,الأحداث القادمة لهذا اليوم,
Update Field,تحديث الحقل,
Update Translations,تحديث الترجمات,
Update Value,تحديث القيمة,
Update many values at one time.,تحديث العديد من القيم في وقت واحد.,
Update records,تحديث السجلات,
Updated,محدّث,
Updated successfully,تم التحديث بنجاح,
Updated {0}: {1},تحديث {0}: {1},
Updating,يتم التحديث,
Updating {0},تحديث {0},
Upload Failed,فشل التحميل ,
Uploaded To Dropbox,تم التحميل إلى Dropbox,
Use ASCII encoding for password,استخدم ترميز ASCII لكلمة المرور,
Use Different Email Login ID,استخدام معرف تسجيل دخول مختلف للبريد الإلكتروني,
Use IMAP,استخدام IMAP,
Use POST,استخدم POST,
Use SSL,استخدام SSL,
Use TLS,استخدام TLS,
"Use a few words, avoid common phrases.",.استخدم كلمات قليلة، وتجنب العبارات الشائعة,
Use of sub-query or function is restricted,استخدام الاستعلام الفرعي أو وظيفة مقيدة,
Use socketio to upload file,استخدم socketio لتحميل الملف,
Use this fieldname to generate title,استخدام هذا FIELDNAME لتوليد عنوان,
User '{0}' already has the role '{1}',المستخدم{0} يملك بالفعل الدور {1}<br>User '{0}' already has the role '{1}',
User Cannot Create,المستخدم لا يستطيع أن ينشئ,
User Cannot Search,المستخدم لا يستطيع أن يبحث,
User Defaults,المستخدم الافتراضي,
User Email,بريد المستخدم,
User Emails,مراسلات المستخدم,
User Field,حقل المستخدم,
User ID of a Blogger,هوية المستخدم من مدون,
User Image,صورة المستخدم,
User Name,اسم المستخدم,
User Permission,إذن المستخدم,
User Permissions,ضوابط المستخدم,
User Permissions are used to limit users to specific records.,يتم استخدام أذونات المستخدم لتقييد المستخدمين إلى سجلات محددة.,
User Permissions created sucessfully,أذونات المستخدم التي تم إنشاؤها بنجاح,
User Roles,أدوار المستخدم,
User Social Login, تسجيل الدخول الاجتماعي للمستخدم,
User Tags,بطاقات المستخدم,
User Type,نوع المستخدم,
User can login using Email id or Mobile number,يمكن للمستخدم تسجيل الدخول باستخدام معرف البريد الإلكتروني أو رقم الجوال,
User can login using Email id or User Name,يمكن للمستخدم تسجيل الدخول باستخدام معرف البريد الإلكتروني أو اسم المستخدم,
User editable form on Website.,نموذج المستخدم  قابل للتحرير على موقع الويب.,
User is mandatory for Share,المستخدم إلزامي للمشاركة,
User not allowed to delete {0}: {1},المستخدم لا يسمح له بالحذف {0}: {1},
User permission already exists,إذن المستخدم موجود بالفعل,
User permissions should not apply for this Link,يجب ألا تنطبق صلاحيات المستخدم على هذا الرابط,
User {0} cannot be deleted,المستخدم {0} لا يمكن حذف,
User {0} cannot be disabled,المستخدم {0} لا يمكن تعطيل,
User {0} cannot be renamed,المستخدم {0} لا يمكن إعادة تسمية,
User {0} does not have access to this document,المستخدم {0} ليس لديه حق الوصول إلى هذا الوثيقة,
User {0} does not have doctype access via role permission for document {1},لا يملك المستخدم {0} حق الوصول إلى النمط عبر إذن دور للوثيقة {1},
Username,اسم االمستخدم,
Username {0} already exists,اسم المستخدم {0} موجود بالفعل,
Users with role {0}:,مستخدمين  مع صلاحية {0} :,
Uses the Email Address Name mentioned in this Account as the Sender's Name for all emails sent using this Account.,يستخدم اسم عنوان البريد الإلكتروني المذكور في هذا الحساب كاسم المرسل لجميع رسائل البريد الإلكتروني المرسلة باستخدام هذا الحساب.,
Uses the Email Address mentioned in this Account as the Sender for all emails sent using this Account. ,يستخدم عنوان البريد الإلكتروني المذكور في هذا الحساب باسم المرسل لجميع رسائل البريد الإلكتروني المرسلة باستخدام هذا الحساب.,
Valid,صالح,
Valid Login id required.,معرف تسجيل الدخول المطلوبة صالحه.,
Valid email and name required,مطلوب بريد إلكتروني صالح واسم صالح,
Value Based On,القيمة بناء على,
Value Change,قيمة التغير,
Value Changed,تم تغير القيمة,
Value To Be Set,قيمة ليتم تعيينها,
Value cannot be changed for {0},لا يمكن تغير القيمة ل {0},
Value for a check field can be either 0 or 1,يمكن أن تكون قيمة حقل التحقق إما 0 أو 1,
Value for {0} cannot be a list,القيمة {0} لا يمكن أن تكون قائمة,
Value missing for,قيمة مفقودة لـ,
Value too big,قيمة كبيرة جدا,
Values Changed,القيم التي تم تغييرها,
Verdana,Verdana,
Verfication Code,رمز التحقق,
Verification Link,رابط التحقق,
Verification code has been sent to your registered email address.,تم إرسال رمز التحقق إلى عنوان بريدك الإلكتروني المسجل.,
Verify,تأكد من,
Verify Password,التحقق من كلمة المرور,
Verifying...,التحقق من ...,
Version,الإصدار,
Version Updated,تحديث الإصدار,
View All,عرض الكل,
View Comment,عرض التعليق,
View List,عرض القائمة,
View Log,عرض السجل,
View Permitted Documents,عرض الوثائق المسموح بها,
View Properties (via Customize Form),عرض خصائص (عن طريق نموذج تخصيص),
View Settings,عرض إعدادات,
View Subscribers,عرض المشتركين,
View Website,مشاهدة الموقع,
View document,عرض الوثيقة,
View report in your browser,عرض التقرير في المتصفح,
View this in your browser,عرض هذا في متصفحك,
View {0},عرض {0},
Viewed By,تمت المشاهدة بواسطة,
Visit,زيارة,
Visitor,زائر,
We have received a request for deletion of {0} data associated with: {1},لقد تلقينا طلبًا بحذف {0} البيانات المرتبطة بـ: {1},
We have received a request from you to download your {0} data associated with: {1},لقد تلقينا طلبًا منك لتنزيل بيانات {0} المرتبطة بـ: {1},
Web Form,نموذج ويب,
Web Form Field,حقل نموذج الويب,
Web Form Fields,الحقول نموذج ويب,
Web Page,صفحة على الإنترنت,
Web Page Link Text,نص رابط صفحة الانترنت,
Web Site,موقع الكتروني,
Web View,عرض ويب,
Webhook,Webhook,
Webhook Data,بيانات Webhook,
Webhook Header,رأس Webhook,
Webhook Headers,رؤوس Webhook,
Webhook Request,طلب Webhook,
Webhook URL,Webhook URL,
Webhooks calling API requests into web apps,Webhook التي تطلب طلبات API في تطبيقات الويب,
Website Meta Tag,موقع العلامة الوصفية,
Website Route Meta,تعريف مسار الموقع,
Website Route Redirect,إعادة توجيه مسار الموقع,
Website Script,نص الموقع البرمجي,
Website Sidebar,موقع الشريط الجانبي,
Website Sidebar Item,موقع الشريط الجانبي البند,
Website Slideshow,موقع عرض الشرائح,
Website Slideshow Item,موقع الصنف عرض شرائح,
Website Theme,شكل الموقع,
Website Theme Image,صورة موضوع الموقع ,
Website Theme Image Link,رابط صورة موضوع الموقع ,
Website User,مستخدم الموقع,
Welcome Message,رسالة الترحيب,
"When you Amend a document after Cancel and save it, it will get a new number that is a version of the old number.",عند تعديل وثيقة بعد الالغاء وحفظه ، وسوف تحصل على عدد جديد هو نسخة من الرقم القديم .,
Width,العرض,
Widths can be set in px or %.,الاعراض يمكن تعيين في PX أو٪.,
Will be used in url (usually first name).,وسوف تستخدم في رابط URL(عادة الاسم الأول).,
Will be your login ID,سيكون معرف تسجيل الدخول,
Will only be shown if section headings are enabled,سيتم عرض فقط إذا تم تمكين عناوين المقطع,
With Letter head,مع رئيس رسالة,
With Letterhead,مع رأسية,
Workflow Action,إجراء سير العمل,
Workflow Action Master,سير العمل الاجراء الاساسي,
Workflow Action Name,اسم اجراء سير العمل ,
Workflow Document State,حالة وثيقة سير العمل ,
Workflow Name,اسم سير العمل,
Workflow State,حالة سير العمل,
Workflow State Field,حقل حالة سير العمل,
Workflow State not set,لم يتم تعيين حالة سير العمل,
Workflow Transition,انتقال سير العمل,
Workflow state represents the current state of a document.,تمثل حالة سير العمل الحالة الراهنة للوثيقة.,
Write,الكتابة,
Write a Python file in the same folder where this is saved and return column and result.,كتابة ملف بيثون في نفس المجلد حيث تم حفظ هذا العمود والعودة والنتيجة.,
Write a SELECT query. Note result is not paged (all data is sent in one go).,كتابة استعلام SELECT. النتيجة الملحوضه لم يتم ترحيلها (يتم إرسال جميع البيانات دفعة واحدة).,
Writers Introduction,مقدمة الكاتب,
Wrong fieldname <b>{0}</b> in add_fetch configuration of custom script,اسم الحقل غير صحيح <b>{0}</b> في add_fetch تكوين البرنامج النصي المخصص,
X Axis Field,X محور الحقل,
XLSX,XLSX,
Y Axis Fields,حقول محور Y,
Yahoo Mail,بريد ياهو,
Yandex.Mail,Yandex.Mail,
Yesterday,أمس,
You are connected to internet.,أنت متصل بالمنظومة.,
You are not allowed to create columns,لا يسمح لك بأنشاء اعمدة,
You are not allowed to delete a standard Website Theme,لا يسمح لك بحذف موضوع الموقع القياسي,
You are not allowed to print this document,لا يسمح لك طباعة هذه الوثيقة,
You are not allowed to print this report,لا يسمح لك بطباعة هذا التقرير,
You are not allowed to send emails related to this document,لا يسمح لك بإرسال رسائل البريد الإلكتروني ذات الصلة بهذه الوثيقة,
You are not allowed to update this Web Form Document,لا يسمح لك بتحديث وثيقة نموذج الويب هذه,
You are not connected to Internet. Retry after sometime.,أنت غير متصل بالانترنت. أعد المحاولة بعد وقت ما.,
You are not permitted to access this page.,لا يسمح لك بالوصول إلى هذه الصفحة.,
You are not permitted to view the newsletter.,لا يسمح لك بعرض الرسالة الإخبارية.,
You are now following this document. You will receive daily updates via email. You can change this in User Settings.,أنت الآن تتبع هذا الوثيقة. سوف تتلقى التحديثات اليومية عبر البريد الإلكتروني. يمكنك تغيير هذا في إعدادات المستخدم.,
You can add dynamic properties from the document by using Jinja templating.,يمكنك إضافة خصائص ديناميكية من الوثيقة باستخدام Jinja templating .,
You can also copy-paste this ,يمكنك أيضا نسخ ولصق هذا,
"You can change Submitted documents by cancelling them and then, amending them.",يمكنك تغيير الوثائق المسجلة من خلال إلغائها ، ثم تعديلها .,
You can find things by asking 'find orange in customers',يمكنك العثور على الأشياء عن طريق طلب 'find orange in customers',
You can only upload upto 5000 records in one go. (may be less in some cases),يمكنك تحميل فقط حتى 5000  دفعة واحدة. (قد يكون أقل في بعض الحالات),
You can use Customize Form to set levels on fields.,يمكنك استخدام نموذج مخصص (Customize Form  )    لتحديد المستويات على الحقول .,
You can use wildcard %,يمكنك استخدام حرف البدل٪,
You can't set 'Options' for field {0},لا يمكنك تعيين &quot;خيارات&quot; للحقل {0},
You can't set 'Translatable' for field {0},لا يمكنك تعيين &#39;مترجم&#39; للحقل {0},
You cannot give review points to yourself,لا يمكنك إعطاء نقاط مراجعة لنفسك,
You cannot unset 'Read Only' for field {0}," يمكنك ضبط ""للقراءة فقط"" للحقل {0}",
You do not have enough permissions to access this resource. Please contact your manager to get access.,ليس لديك الأذونات الكافية للوصول إلى هذا المورد. الرجاء الاتصال بالمدير للحصول علي الوصول.,
You do not have enough permissions to complete the action,لا يوجد لديك الصلاحية الكافية لاتمام هذا العمل,
You do not have enough points,ليس لديك نقاط كافية,
You do not have enough review points,ليس لديك نقاط مراجعة كافية,
You don't have access to Report: {0},ليس لديك حق الوصول إلى التقرير: {0},
You don't have any messages yet.,ليست لديك أية رسائل حتى الآن.,
You don't have permission to access this file,لا تتوفر لديك الصلاحية للوصول الى هذا الملف,
You don't have permission to get a report on: {0},ليس لديك إذن للحصول على تقرير عن: {0},
You don't have the permissions to access this document,ليس لديك الأذونات للوصول إلى هذا الوثيقة,
You gained {0} point,لقد ربحت {0} نقطة,
You gained {0} points,لقد ربحت {0} نقطة,
You have a new message from: ,لديك رسالة جديدة من:,
You have been successfully logged out,لقد تم تسجيل الخروج بنجاح,
You have unsaved changes in this form. Please save before you continue.,لديك تغييرات لم يتم حفظها في هذا النموذج. يرجى الحفظ قبل المتابعة.,
You must login to submit this form,يجب عليك تسجيل الدخول لإرسال هذا النموذج,
You need to be in developer mode to edit a Standard Web Form,عليك أن تكون في وضع المطور لتعديل نموذج ويب قياسي,
You need to be logged in and have System Manager Role to be able to access backups.,يتوجب عليك تسجيل الدخول بصلاحية مدير النظام حتي تتمكن من الوصول الى النسخ الأحتياطية.,
You need to be logged in to access this {0}.,تحتاج إلى تسجيل الدخول للوصول إلى هذه {0}.,
"You need to have ""Share"" permission","تحتاج إلى الحصول على إذن ""مشاركة""",
You need write permission to rename,تحتاج الى كتابة صلاحية لأعادة التسمية,
You selected Draft or Cancelled documents,لقد حددت مسودة أو وثائق تم إلغاؤها,
You unfollowed this document,لقد قمت بإلغاء متابعة هذا الوثيقة,
Your Country,بلدك,
Your Language,لغتك,
Your Name,اسمك,
Your account has been locked and will resume after {0} seconds,تم قفل حسابك وسيتم استئنافه بعد {0} ثانية,
Your connection request to Google Calendar was successfully accepted,تم قبول طلب الاتصال الخاص بك إلى تقويم Google بنجاح,
Your information has been submitted,تم تقديم المعلومات الخاصة بك,
Your login id is,معرف تسجيل الدخول الخاص بك هو,
Your organization name and address for the email footer.,اسم المؤسسة وعنوانك لتذييل البريد الإلكتروني.,
Your payment has been successfully registered.,تم تسجيل عملية الدفع الخاصه بك بنجاح.,
Your payment has failed.,فشلت عملية الدفع.,
Your payment is cancelled.,تم إلغاء عملية الدفع.,
Your payment was successfully accepted,تم قبول الدفع الخاص بك بنجاح,
"Your query has been received. We will reply back shortly. If you have any additional information, please reply to this mail.",وقد وردت الاستعلام الخاص بك. سوف نقوم بالرد مرة أخرى قريبا. إذا كان لديك أي معلومات إضافية، يرجى الرد على هذا البريد.,
"Your session has expired, please login again to continue.",انتهت صلاحية الجلسة، يرجى تسجيل الدخول مرة أخرى للمتابعة.,
Zero,صفر,
Zero means send records updated at anytime,صفر يعني إرسال التحديثات في أي وقت,
[Label]:[Field Type]/[Options]:[Width],[تسمية]: [نوع الحقل] / [خيارات]: [العرض],
_doctype,_doctype,
_report,_تقرير,
adjust,ضبط,
after_insert,أدخل_بعد,
align-center,محاذاة الوسط,
align-justify,محاذاة-تعديل,
align-left,محاذاة يسار,
align-right,محاذاة اليمين,
ap-northeast-1,ا ف ب-شمال-1,
ap-northeast-2,ا ف ب-شمال-2,
ap-northeast-3,ا ف ب-شمال-3,
ap-south-1,ا ف ب-جنوب-1,
ap-southeast-1,ا ف ب-جنوب-1,
ap-southeast-2,ا ف ب-جنوب-2,
arrow-down,سهم لأسفل,
arrow-left,سهم يسار,
arrow-right,سهم يمين,
arrow-up,سهم لأعلى,
asterisk,النجمة,
backward,الى الوراء,
ban-circle,دائرة الحظر,
bell,جرس,
bookmark,المرجعية,
briefcase,حقيبة,
bullhorn,البوق,
ca-central-1,كاليفورنيا-المركزي-1,
camera,كاميرا,
cancelled this document,إلغاء هذه الوثيقة,
changed value of {0},القيمة المتغيرة لل{0},
changed values for {0},القيم المتغيرة ل{0},
chevron-down,شيفرون لأسفل,
chevron-left,شيفرون يسار,
chevron-right,شيفرون اليمين,
chevron-up,شيفرون المتابعة,
circle-arrow-down,دائرة السهم لأسفل,
circle-arrow-left,دائرة السهم اليسار,
circle-arrow-right,دائرة السهم الأيمن,
circle-arrow-up,دائرة السهم إلى أعلى,
cn-north-1,CN-شمال-1,
cn-northwest-1,CN-شمال غرب-1,
cog,تحكم في,
darkgrey,الرمادي الداكن,
dd-mm-yyyy,DD-MM-YYYY,
dd.mm.yyyy,dd.mm.yyyy,
dd/mm/yyyy,اليوم / الشهر / السنة,
"document type..., e.g. customer",نوع الوثيقة ...، على سبيل المثال العملاء,
domain name,اسم النطاق,
download-alt,تحميل بديل,
"e.g. ""Support"", ""Sales"", ""Jerry Yang""","على سبيل المثال، ""الدعم ""،"" المبيعات ""،"" أحمد صالح """,
e.g. (55 + 434) / 4 or =Math.sin(Math.PI/2)...,على سبيل المثال، (55 + 434) / 4 أو = Math.sin(Math.PI / 2) ...,
e.g. pop.gmail.com / imap.gmail.com,على سبيل المثال، pop.gmail.com / imap.gmail.com,
e.g. replies@yourcomany.com. All replies will come to this inbox.,على سبيل المثال، replies@yourcomany.com. سيأتي كل الردود على هذا البريد.,
e.g. smtp.gmail.com,على سبيل المثال، smtp.gmail.com,
e.g.:,على سبيل المثال:,
eject,اخرج,
envelope,مغلف,
eu-central-1,الاتحاد الأوروبي مركزي-1,
eu-north-1,الاتحاد الأوروبي الشمالي-1,
eu-west-1,الاتحاد الأوروبي الغربي-1,
eu-west-2,الاتحاد الأوروبي الغربي-2,
eu-west-3,الاتحاد الأوروبي الغربي-3,
exclamation-sign, تعجب -علامة,
eye-close,إغلاق العين,
eye-open,فتح العين,
facetime-video,facetime-video,
fairlogin,fairlogin,
fast-backward,بسرعة الى الوراء,
fast-forward,بسرعة الى  الأمام,
film,فيلم,
fire,حريق,
folder-close,غلق مجلد,
folder-open,فتح مجلد,
fullscreen,ملء الشاشة,
gained by {0} via automatic rule {1},حصلت عليه {0} عبر القاعدة التلقائية {1},
gained {0} points,حصل على {0} نقطة,
gave {0} points,أعطى {0} نقاط,
gift,هدية,
glass,زجاج,
globe,العالم,
hand-down,إلى أسفل اليد,
hand-left,اليد اليسرى,
hand-right,ومن جهة اليمين,
hand-up,ومن ناحية المتابعة,
hdd,hdd,
headphones,سماعة الرأس,
heart,قلب,
hub,محور,
indent-left,المسافة البادئة اليسرى,
indent-right,المسافة البادئة اليمنى,
info-sign,معلومات تسجيل الدخول،,
italic,مائل,
john@doe.com,john@doe.com,
just now,الآن فقط,
leaf,ورق,
lightblue,lightblue,
list-alt,قائمة بديل,
magnet,مغناطيس,
map-marker,محدد الخريطة,
merged {0} into {1},تم دمج {0} إلى {1},
minus,ناقص,
minus-sign,علامة ناقص,
mm-dd-yyyy,شهر-يوم-سنة,
mm/dd/yyyy,شهر/يوم/سنة,
module name...,اسم الوحدة البرمجية  ...,
new type of document,نوع جديد من الوثيقة,
no failed attempts,لا محاولات فاشلة,
none of,أيا من,
ok,حسنا,
ok-circle,ok_circle,
ok-sign,ok_sign,
on_cancel,on_cancel,
on_change,on_change,
on_submit,on_submit,
on_trash,on_trash,
on_update,on_update,
on_update_after_submit,on_update_after_submit,
only.,فقط.,
or,أو,
pause,توقيف,
pencil,قلم رصاص,
picture,صور,
plane,طائرة,
play,لعب,
play-circle,لعب دائرة,
plus,زائد,
plus-sign,زائد علامة,
qrcode,qrcode,
query-report,استعلام تقرير,
question-sign,علامة سؤال,
remove-circle,إزالة دائرة،,
remove-sign,إزالة العلامة،,
removed,إزالة,
renamed from {0} to {1},إعادة تسمية من {0} إلى {1},
repeat,كرر,
resize-full,تغيير حجم كامل,
resize-horizontal,تغيير حجم الأفقي،,
resize-small,تغيير حجم صغير,
resize-vertical,تغيير حجم عمودية,
restored {0} as {1},استعادة {0} ك {1},
retweet,retweet,
road,طريق,
sa-east-1,سا شرق-1,
screenshot,لقطة شاشة,
share-alt,حصة بديل,
shopping-cart,عربة التسوق,
show,عرض,
signal,إشارة,
star,نجم,
star-empty,النجوم فارغة,
step-backward,خطوة إلى الوراء,
step-forward,خطوة إلى الأمام,
submitted this document,هذه الوثيقة مقدمة / مسجلة,
"target = ""_blank""",الهدف = &quot;_blank&quot;,
text in document type,النص في نوع الوثيقة,
text-height,ارتفاع النص,
text-width,عرض النص,
th,ال,
th-large,TH-الكبيرة,
th-list,TH-قائمة,
thumbs-down,علامة إستهجان,
thumbs-up,الابهام إلى أعلى,
tint,لون تظليل,
toggle Tag,تبديل العلامة,
updated to {0},تحديث ل{0},
us-east-1,لنا شرق-1,
us-east-2,لنا شرق-2,
us-west-1,لنا غرب-1,
us-west-2,لنا غرب-2,
use % as wildcard,استخدام٪ كما البدل,
values separated by commas,قيم مفصولة بفواصل,
via automatic rule {0} on {1},عبر القاعدة التلقائية {0} بتاريخ {1},
viewed,تمت مشاهدته,
volume-down,حجم إلى أسفل,
volume-off,حجم حالا,
volume-up,حجم المتابعة,
warning-sign,علامة إنذار,
wrench,وجع,
yyyy-mm-dd,yyyy-mm-dd,
zoom-in,تكبير,
zoom-out,تصغير,
{0} Calendar,{0} التقويم,
{0} Chart,{0} الرسم البياني,
{0} Dashboard,{0} لوحة المعلومات,
{0} List,قائمة {0},
{0} Modules,{0} وحدات,
{0} Report,{0} تقرير,
{0} Settings not found,{0} إعدادات لم يتم العثور,
{0} Tree,{0} شجرة,
{0} added,{0} أضيف,
{0} already exists. Select another name,{0} موجود بالفعل. حدد اسما آخر,
{0} already unsubscribed,{0} غير مشترك أصلاً,
{0} already unsubscribed for {1} {2},{0} تم إلغاء الاشتراك في {1} {2},
{0} and {1},{0} و {1},
{0} appreciated on {1},{0} موضع تقدير في {1},
{0} appreciated your work on {1} with {2} point,{0} قدر عملك على {1} بنقطة {2},
{0} appreciated your work on {1} with {2} points,{0} قدر عملك على {1} بنقاط {2},
{0} appreciated {1},{0} موضع تقدير {1},
{0} appreciation point for {1} {2},{0} نقطة التقدير لـ {1} {2},
{0} appreciation points for {1} {2},{0} نقاط التقدير لـ {1} {2},
{0} are currently viewing this document,{0} يستعرض هذه الوثيقة حالياً,
{0} assigned {1}: {2},{0} محالة{1}: {2},
{0} cannot be set for Single types,{0} لا يمكن تحديده لأنواع أحادية,
{0} comments,{0} تعليقات,
{0} created successfully,تم إنشاء {0} بنجاح,
{0} criticism point for {1} {2},{0} نقطة النقد لـ {1} {2},
{0} criticism points for {1} {2},{0} نقاط النقد لـ {1} {2},
{0} criticized on {1},{0} انتقد يوم {1},
{0} criticized your work on {1} with {2} point,{0} انتقد عملك على {1} بنقطة {2},
{0} criticized your work on {1} with {2} points,{0} انتقد عملك على {1} بـ {2} نقاط,
{0} criticized {1},{0} انتقد {1},
{0} days ago,قبل {0} أيام,
{0} does not exist in row {1},{0} غير موجود في الصف {1},
"{0} field cannot be set as unique in {1}, as there are non-unique existing values",لا يمكن أن يحتوي اسم الحقل {0} على أحرف خاصة مثل {1},
{0} has already assigned default value for {1}.,{0} قام بالفعل باحالة القيمة الافتراضية لـ {1}.,
{0} has been successfully added to the Email Group.,{0}  تم بنجاح الإضافة إلى مجموعة البريد الإلكتروني,
{0} has left the conversation in {1} {2},{0} تركت محادثة في {1} {2},
{0} hours ago,{0} قبل ساعات,
{0} in row {1} cannot have both URL and child items,{0} في الصف {1} لا يمكن أن يكون لها عنوان URL وبنود فرعية في نفس الوقت,
{0} is a mandatory field,{0} حقل إلزامي,
{0} is an invalid email address in 'Recipients',{0} هو عنوان بريد إلكتروني غير صالح في &quot;المستلمين&quot;,
{0} is currently viewing this document,{0} يستعرض حالياً هذا الوثيقة,
{0} is not a raw printing format.,{0} ليس تنسيق طباعة خام.,
{0} is not a valid Email Address,{0} بريد الكتروني غير صالح<br>{0} is not a valid Email Address,
{0} is not a valid Workflow State. Please update your Workflow and try again.,{0} ليست حالة سير عمل صالحة. يرجى تحديث سير العمل والمحاولة مرة أخرى.,
{0} is now default print format for {1} doctype,{0} هو الآن تنسيق الطباعة الافتراضي لنوع الوثيقة {1},
{0} is saved,{0} تم حفظها,
{0} items selected,{0} العناصر المحددة,
{0} logged in,{0} تم تسجيل الدخول,
{0} logged out: {1},{0} تسجيل الخروج: {1},
{0} minutes ago,قبل {0} دقائق,
{0} months ago,قبل {0} أشهر,
{0} must be one of {1},{0} يجب أن يكون واحدا من {1},
{0} must be set first,يجب تعيين {0} أولا,
{0} must be unique,{0} يجب أن تكون فريدة من نوعها,
{0} not a valid State,{0} ليست حالة صالحة,
{0} not allowed to be renamed,{0} غير مسموح بإعادة تسميته,
{0} not found,لم يتم العثور على {0},
{0} of {1},{0} من {1},
{0} or {1},{0} أو {1},
{0} record deleted,تم حذف السجل {0},
{0} records deleted,{0} تم حذف السجلات,
{0} reverted your point on {1},{0} التراجع عن وجهة نظرك في {1},
{0} reverted your points on {1},{0} التراجع عن نقاطك في {1},
{0} reverted {1},{0} تم التراجع {1},
{0} room must have atmost one user.,الحد الأقصى للغرفة {0} هو مستخدم واحد فقط.,
{0} rows for {1},{0} صفوف لـ {1},
{0} saved successfully,تم الحفظ {0} بنجاح,
{0} self assigned this task: {1},{0} تم احالة هذه المهمة ذاتيا: {1},
{0} shared this document with everyone,{0} تم مشاركة هذه الوثيقة مع الجميع,
{0} shared this document with {1},{0} مشاركة هذه الوثيقة مع {1},
{0} subscribers added,{0}  مشتركين تم اضافتهم,
{0} to stop receiving emails of this type,{0} لإيقاف تلقي رسائل البريد الإلكتروني من هذا النوع,
{0} to {1},{0} إلى {1},
{0} un-shared this document with {1},{0} الغى مشاركة هذه الوثيقة مع {1},
{0} updated,{0}  تم تحديث,
{0} weeks ago,قبل {0} أسبوع /أسابيع,
{0} {1} added,تمت إضافة {0} {1},
{0} {1} already exists,{0} {1} موجود بالفعل,
"{0} {1} cannot be ""{2}"". It should be one of ""{3}""","{0} {1} لا يمكن أن يكون {{}}. يجب أن تكون واحدة من ""{3}""",
{0} {1} cannot be a leaf node as it has children,{0} {1} لا يمكن أن يكون عقدة ورقيه لأن لديه تفريعات أخرى,
"{0} {1} does not exist, select a new target to merge",{0} {1} غير موجود ، حدد هدفا جديدا لدمج,
{0} {1} not found,{0} {1} غير موجود,
{0} {1} to {2},{0} {1} الى {2},
"{0}, Row {1}",{0}، الصف {1},
"{0}: '{1}' ({3}) will get truncated, as max characters allowed is {2}",{0}: '{1}' ({3}) سيتم اقتطاعه، حيث أن الحد الأقصى المسموح به هو {2},
{0}: Cannot set Amend without Cancel,{0}: لا يمكن تعيين تعديل بدون إلغاء,
{0}: Cannot set Assign Amend if not Submittable,{0}: لا يمكن تعديل احالة إذا لم يتم إرسالها,
{0}: Cannot set Assign Submit if not Submittable,{0} : لا يمكن تحديد تأكيد احالة إذا لم تكن قابلة للتأكيد,
{0}: Cannot set Cancel without Submit,{0}: لا يمكن إلغاء احالة بدون إرسال,
{0}: Cannot set Import without Create,{0} : لا يمكن تحديد استيراد دون إنشاء,
"{0}: Cannot set Submit, Cancel, Amend without Write",{0} : لا يمكن تحديد تأكيد ، الغاء ، تعديل دون كتابة,
{0}: Cannot set import as {1} is not importable,{0}: لا يمكن تعيين استيراد بينما {1} غير قابل للاستيراد,
{0}: No basic permissions set,{0} : لم يتم تحديد صلاحيات أساسية,
"{0}: Only one rule allowed with the same Role, Level and {1}",{0} قاعدة واحدة فقط سمح لها نفس الدور، المستوى و{1},
{0}: Permission at level 0 must be set before higher levels are set,{0} : صلاحيات على مستوى 0 يجب تحديده قبل أن يتم تحديد صلاحيات أعلى,
{0}: {1} in {2},{0}: {1} في {2},
{0}: {1} is set to state {2},{0}: تم تعيين {1} على الحالة {2},
{app_title},{ app_title },
{{{0}}} is not a valid fieldname pattern. It should be {{field_name}}.,{{{0}}} غير صالح كأسم حقل. يجب أن يكون {{field_name}}.,
Communication Link,حلقة اتصال,
Force User to Reset Password,إجبار المستخدم على إعادة تعيين كلمة المرور,
In Days,في الايام,
Last Password Reset Date,تاريخ إعادة تعيين كلمة المرور الأخيرة,
The password of your account has expired.,انتهت صلاحية كلمة المرور الخاصة بحسابك.,
Workflow State transition not allowed from {0} to {1},انتقال حالة سير العمل غير مسموح به من {0} إلى {1},
{0} must be after {1},{0} يجب أن يكون بعد {1},
{0}: Field '{1}' cannot be set as Unique as it has non-unique values,{0}: لا يمكن تعيين الحقل &#39;{1}&#39; على أنه فريد لأنه يحتوي على قيم غير فريدة,
{0}: Field {1} in row {2} cannot be hidden and mandatory without default,{0}: الحقل {1} في الصف {2} لا يمكن ان يكون مخفي او الزامي دون افتراض,
{0}: Field {1} of type {2} cannot be mandatory,{0}: الحقل {1} من النوع {2} لا يمكن أن يكون إلزاميًا,
{0}: Fieldname {1} appears multiple times in rows {2},{0}: اسم الحقل {1} يظهر عدة مرات في الصفوف {2},
{0}: Fieldtype {1} for {2} cannot be unique,{0}: لا يمكن أن يكون Fieldtype {1} لـ {2} فريدًا,
{0}: Options must be a valid DocType for field {1} in row {2},{0}: يجب أن تكون الخيارات نوع DocType صالحًا للحقل {1} في الصف {2},
{0}: Options required for Link or Table type field {1} in row {2},{0}: الخيارات المطلوبة لحقل نوع الرابط أو الجدول {1} في الصف {2},
{0}: Options {1} must be the same as doctype name {2} for the field {3},{0}: يجب أن تكون الخيارات {1} هي نفس اسم النمط للوثيقة {2} للحقل {3},
{0}:Fieldtype {1} for {2} cannot be indexed,{0}: لا يمكن فهرسة Fieldtype {1} لـ {2},
Make {0},اصنع {0},
A user who posts blogs.,مستخدم ينشر المدونات.,
Applying: {0},التطبيق: {0},
Fieldname {0} is restricted,اسم الحقل {0} مقيد,
Is Optional State,هو حالة اختيارية,
No values to show,لا توجد قيم لإظهارها,
View Ref,عرض المرجع,
Workflow Action is not created for optional states,لم يتم إنشاء إجراء سير العمل للحالات الاختيارية,
{0} values selected,{0} القيم المحددة,
"""amended_from"" field must be present to do an amendment.",يجب أن يكون الحقل &quot;amended_from&quot; حاضرًا لإجراء تعديل.,
(Mandatory),(إلزامي),
1 Google Calendar Event synced.,تمت مزامنة حدث تقويم Google واحد.,
1 record will be exported,سيتم تصدير سجل واحد,
1 week ago,1 قبل أسبوع,
5 Records,5 السجلات,
A recurring {0} {1} has been created for you via Auto Repeat {2}.,تم إنشاء {0} {1} متكرر لك من خلال التكرار التلقائي {2}.,
API,API,
API Method,طريقة API,
About {0} minute remaining,حوالي {0} دقيقة متبقية,
About {0} minutes remaining,حوالي {0} دقائق متبقية,
About {0} seconds remaining,حوالي {0} ثانية متبقية,
Access Log,سجل الوصول,
Access not allowed from this IP Address,الوصول غير مسموح به من عنوان IP هذا,
Action Settings,إعدادات العمل,
Action Type,نوع العمل,
Activity Log by ,سجل النشاط بواسطة,
Add Fields,إضافة الحقول,
Add More Button,إضافة اكثر من زر,
Add a help video link just in case user has no idea about what to fill in the slide.,أضف رابط فيديو للمساعدة فقط في حال لم يكن لدى المستخدم أي فكرة عما يملأ الشريحة.,
Address needs to be linked to a Company. Please add a row for Company in the Links table below.,يجب ربط العنوان بالشركة. الرجاء إضافة صف للشركة في جدول الروابط أدناه.,
Administration,الادارة,
After Cancel,بعد الغاء,
After Delete,بعد الحذف,
After Save,بعد الحفظ,
After Save (Submitted Document),بعد الحفظ (الوثيقة المقدم),
After Submit,بعد تقديم,
Aggregate Function Based On,المعادله الكليه بناء على,
Aggregate Function field is required to create a dashboard chart,حقل المعادلة الكلي مطلوب لإنشاء مخطط لوحة القيادة,
Align,محاذاة,
All Records,جميع السجلات,
Allot Points To Assigned Users,تخصيص نقاط للمستخدمين المعينين,
Allow Auto Repeat,السماح للتكرار التلقائي,
Allow Google Calendar Access,السماح بالوصول إلى تقويم Google,
Allow Google Contacts Access,السماح بوصول جهات اتصال Google,
Allow Google Drive Access,السماح لمحرك الوصول جوجل,
Allow Guest,اسمح للضيف,
Allow Guests to Upload Files,السماح للضيوف بتحميل الملفات,
Also adding the status dependency field {0},إضافة حقل استقلالية الحالة أيضًا {0},
An Onboarding Slide <b>{0}</b> with the same slide order already exists,توجد Onboarding Slide <b>{0}</b> بنفس ترتيب الشريحة بالفعل,
An Onboarding Slide of Slide Type Continue already exists.,توجد شريحة Onboarding من نوع الشريحة المستمرة بالفعل.,
An error occurred while setting Session Defaults,حدث خطأ أثناء إعداد الإعدادات الافتراضية للجلسة,
Annual,سنوي,
Append Emails to Sent Folder,إلحاق رسائل البريد الإلكتروني إلى مجلد المرسلة,
Apply Assignment Rule,تطبيق قاعدة المهام,
Apply Only Once,تطبق مرة واحدة فقط,
Apply this rule only once per document,قم بتطبيق هذه القاعدة مرة واحدة فقط لكل وثيقة,
Approval Required,الموافقة مطلوبة,
Approved,موافق عليه,
Are you sure you want to delete all rows?,هل تريد بالتأكيد حذف جميع الصفوف؟,
Are you sure you want to delete this post?,هل أنت متأكد أنك تريد حذف هذه المشاركة؟,
Are you sure you want to merge {0} with {1}?,هل أنت متأكد بانك تريد دمج {0} مع {1}؟,
Assignment Day {0} has been repeated.,تم تكرار يوم الاحالة {0}.,
Assignment Days,أيام الاحالة,
Assignment Rule Day,يوم قاعدة الاحالة,
Assignments,الاحالات,
Attach a web link,إرفاق رابط الويب,
Authorize Google Calendar Access,مصادقة الوصول إلى تقويم Google,
Authorize Google Contacts Access,السماح بوصول جهات اتصال Google,
Authorize Google Drive Access,مصادقة Google Drive Access,
Auto Repeat Document Creation Failed,فشل إنشاء وثيقة تكرار تلقائي,
Auto Repeat Document Creation Failure,فشل تكرار إنشاء الوثيقة التلقائي,
Auto Repeat created for this document,تكرار تلقائي تم إنشاؤه لهذا الوثيقة,
Auto Repeat failed for {0},فشل التكرار التلقائي لـ {0},
Automatic Linking can be activated only for one Email Account.,يمكن تنشيط الربط التلقائي فقط لحساب بريد إلكتروني واحد.,
Automatic Linking can be activated only if Incoming is enabled.,لا يمكن تنشيط الربط التلقائي إلا إذا تم تمكين الوارد.,
Automatically generates recurring documents.,يولد تلقائيا الوثائق المتكررة.,
Backing up to Google Drive.,النسخ الاحتياطي إلى Google Drive.,
Backup Folder ID,معرف مجلد النسخ الاحتياطي,
Backup Folder Name,اسم مجلد النسخ الاحتياطي,
Before Cancel,قبل الإلغاء,
Before Delete,قبل الحذف,
Before Insert,قبل إدراج,
Before Save,قبل الحفظ,
Before Save (Submitted Document),قبل الحفظ (الوثيقة المقدم),
Before Submit,قبل إرسال,
Blank Template,نموذج فارغ,
Callback URL,عاود الاتصال بالعنوان,
Cancel All Documents,الغاء جميع الوثائق,
Cancelling documents,إلغاء الوثائق,
Cannot match column {0} with any field,لا يمكن مطابقة العمود {0} بأي حقل,
Change,تغيير,
Change User,تغيير المستخدم,
Check the Error Log for more information: {0},تحقق من سجل الأخطاء لمزيد من المعلومات: {0},
Clear Cache and Reload,مسح ذاكرة التخزين المؤقت وتحديثه,
Clear Filters,مرشحات واضحة,
Click on <b>Authorize Google Drive Access</b> to authorize Google Drive Access.,انقر فوق <b>السماح لـ Google Drive Access</b> بمصادقة <b>الوصول</b> إلى Google Drive.,
Click on a file to select it.,انقر على ملف لتحديده.,
Click on the link below to approve the request,انقر على الرابط أدناه للموافقة على الطلب,
Click on the lock icon to toggle public/private,انقر على أيقونة القفل للتبديل بين القطاعين العام والخاص,
Click on {0} to generate Refresh Token.,انقر فوق {0} لإنشاء تحديث الرمز المميز.,
Close Condition,أغلق الشرط,
Column {0},العمود {0},
Columns / Fields,الأعمدة / الحقول,
Company not Linked,الشركة غير مرتبطة,
"Configure notifications for mentions, assignments, energy points and more.",قم بتكوين الإشعارات الخاصة بالإشارات والتعيينات ونقاط الطاقة والمزيد.,
Contact Email,عنوان البريد الإلكتروني,
Contact Numbers,ارقام التواصل,
Contact Phone,هاتف الاتصال,
Contact Synced with Google Contacts.,متزامنة الاتصال مع جهات اتصال Google.,
Context,سياق الكلام,
Contribute Translations,المساهمة في الترجمات,
Contributed,ساهم,
Controller method get_razorpay_order missing,طريقة تحكم get_razorpay_order مفقودة,
Copied to clipboard.,نسخ إلى الحافظة.,
Core Modules {0} cannot be searched in Global Search.,لا يمكن البحث عن الوحدات الأساسية {0} في البحث العالمي.,
Could not create Razorpay order. Please contact Administrator,لا يمكن إنشاء طلب Razorpay. يرجى الاتصال المسؤول,
Could not create razorpay order,لا يمكن إنشاء ترتيب razorpay,
Create Log,إنشاء سجل,
Create your first {0},قم بإنشاء أول {0},
Created {0} records successfully.,تم إنشاء {0} سجلات بنجاح.,
Cron,Cron,
Cron Format,تنسيق Cron,
Daily Events should finish on the Same Day.,يجب أن تنتهي الأحداث اليومية في نفس اليوم.,
Daily Long,طويل بشكل يومي ,
Data Import Beta,استيراد البيانات Beta,
Default Role on Creation,دور افتراضي في الانشاء,
Default Theme,الموضوع الافتراضي,
Default {0},الافتراضي {0},
Delete All,حذف الكل,
"Determines the order of the slide in the wizard. If the slide is not to be displayed, priority should be set to 0.",يحدد ترتيب الشريحة في المعالج. في حالة عدم عرض الشريحة ، يجب تعيين الأولوية على 0.,
Do you want to cancel all linked documents?,هل تريد إلغاء جميع الوثائق المرتبطة؟,
DocType Action,إجراء DocType,
DocType Event,حدث DocType,
DocType Link,رابط نوع الوثيقة,
Document Share,مشاركة الوثيقة,
Document Tag,علامة الوثيقة,
Document Title,عنوان الوثيقة,
Document Type Field Mapping,تعيين حقل نوع الوثيقة ,
Document Type Mapping,تعيين نوع الوثيقة,
Document Type {0} has been repeated.,تم تكرار نوع الوثيقة {0}.,
Document renamed from {0} to {1},تمت إعادة تسمية الوثيقة من {0} إلى {1},
Document type is required to create a dashboard chart,نوع الوثيقة مطلوب لإنشاء مخطط لوحة معلومات,
Documentation Link,رابط التوثيق,
Don't Import,لا تستورد,
Don't Send Emails,لا ترسل رسائل البريد الإلكتروني,
"Drag and drop files, ",سحب وإسقاط الملفات ،,
Drop,اسقاط,
Drop Here,إسقاط هنا,
Drop files here,قم بوضع الملفات هنا,
Dynamic Template,قالب ديناميكي,
ERPNext,ERPNext,
ERPNext Role,دور ERPNext,
Email / Notifications,اشعارات البريد الالكتروني,
Email Account setup please enter your password for: {0},إعداد حساب البريد الإلكتروني ، الرجاء إدخال كلمة المرور الخاصة بك: {0},
Email Address whose Google Contacts are to be synced.,عنوان البريد الإلكتروني الذي سيتم مزامنة جهات اتصال Google الخاصة به.,
Email Content,محتوى البريد الإلكتروني,
"Email ID must be unique, Email Account already exists for {0}",يجب أن يكون معرف البريد الإلكتروني فريدًا ، حساب البريد الإلكتروني موجود بالفعل لـ {0},
Email IDs,معرفات البريد الإلكتروني ,
Enable Allow Auto Repeat for the doctype {0} in Customize Form,تمكين السماح للتكرار التلقائي للوثيقة {0} في تخصيص النموذج,
Enable Automatic Linking in Documents,تمكين الربط التلقائي في الوثائق,
Enable Email Notifications,تمكين إشعارات البريد الإلكتروني,
Enable Google API in Google Settings.,تمكين Google API في إعدادات Google.,
Enable Security,تمكين الأمن,
Energy Point,نقطة الطاقة,
Energy Points: ,نقاط الطاقة:,
Enter Client Id and Client Secret in Google Settings.,أدخل معرف العميل وسر العميل في إعدادات Google.,
Enter Code displayed in OTP App.,أدخل الرمز المعروض في تطبيق OTP.,
Event Configurations,تهيئات الحدث,
Event Consumer,مستهلك الحدث ,
Event Consumer Document Type,نوع وثيقة مستهلك الحدث,
Event Consumer Document Types,أنواع وثائق الحدث للحدث,
Event Producer,منتج الحدث,
Event Producer Document Type,نوع وثيقة منتج الحدث,
Event Producer Document Types,أنواع وثائق منتج الحدث,
Event Streaming,تدفق الحدث,
Event Subscriber,الحدث المشترك,
Event Sync Log,حدث مزامنة السجل,
Event Synced with Google Calendar.,حدث مزامنة مع تقويم Google.,
Event Update Log,سجل تحديث الحدث,
Export 1 record,تصدير 1 سجل,
Export Errored Rows,تصدير الصفوف الخطأ,
Export From,تصدير من,
Export Type,نوع التصدير,
Export {0} records,تصدير {0} السجلات,
Failed to connect to the Event Producer site. Retry after some time.,فشل الاتصال بموقع منتج الحدث. أعد المحاولة بعد بعض الوقت.,
Failed to create an Event Consumer or an Event Consumer for the current site is already registered.,فشل إنشاء مستهلك حدث أو مستهلك حدث للموقع الحالي بالفعل.,
Failure,بالفشل,
Fetching default Global Search documents.,جلب وثائق البحث العالمي الافتراضية.,
Fetching posts...,جارٍ جلب المشاركات ...,
Field Mapping,رسم الخرائط الميدانية,
Field To Check,حقل للتحقق,
File Information,معلومات الملف,
Filter By,مصنف بواسطة,
Filtered Records,السجلات التي تمت تصفيتها,
Filters applied for {0},المرشحات المطبقة على {0},
Finished,تم الانتهاء منها,
First,أول,
For Document Event,لوثيقة الحدث,
"For more information, <a class=""text-muted"" href=""https://erpnext.com/docs/user/manual/en/setting-up/email/linking-emails-to-document"">click here</a>.","لمزيد من المعلومات ، <a class=""text-muted"" href=""https://erpnext.com/docs/user/manual/en/setting-up/email/linking-emails-to-document"">انقر هنا</a> .",
"For more information, {0}.",لمزيد من المعلومات ، {0}.,
"For performance, only the first 100 rows were processed.",للعرض ، تمت معالجة أول 100 صف فقط.,
Form URL-Encoded,نموذج URL المشفرة,
Frequently Visited Links,كثيرا ما زار الروابط,
From Date,من تاريخ,
From User,من المستخدم,
Global Search DocType,البحث العالمي DocType,
Global Search Document Types Reset.,إعادة تعيين أنواع وثائق البحث العامة.,
Global Search Settings,إعدادات البحث العالمية,
Global Shortcuts,اختصارات العالمية,
Go,اذهب,
Go to next record,انتقل إلى السجل التالي,
Go to previous record,الذهاب إلى السجل السابق,
Google API Settings.,إعدادات واجهة برمجة تطبيقات Google.,
Google Calendar,تقويم جوجل,
"Google Calendar - Could not create Calendar for {0}, error code {1}.",تقويم Google - تعذر إنشاء تقويم لـ {0} ، رمز الخطأ {1}.,
"Google Calendar - Could not delete Event {0} from Google Calendar, error code {1}.",تقويم Google - تعذر حذف الحدث {0} من تقويم Google ، رمز الخطأ {1}.,
"Google Calendar - Could not fetch event from Google Calendar, error code {0}.",تقويم Google - تعذر إحضار حدث من تقويم Google ، رمز الخطأ {0}.,
"Google Calendar - Could not insert contact in Google Contacts {0}, error code {1}.",تقويم Google - تعذر إدراج جهة اتصال في جهات اتصال Google {0} ، رمز الخطأ {1}.,
"Google Calendar - Could not insert event in Google Calendar {0}, error code {1}.",تقويم Google - تعذر إدراج حدث في تقويم Google {0} ، رمز الخطأ {1}.,
"Google Calendar - Could not update Event {0} in Google Calendar, error code {1}.",تقويم Google - تعذر تحديث الحدث {0} في تقويم Google ، رمز الخطأ {1}.,
Google Calendar Event ID,معرف حدث تقويم Google,
Google Calendar Integration.,تكامل تقويم Google.,
Google Calendar has been configured.,تم تكوين تقويم Google.,
Google Contacts,اتصالات جوجل,
"Google Contacts - Could not sync contacts from Google Contacts {0}, error code {1}.",جهات اتصال Google - تعذر مزامنة جهات الاتصال من جهات اتصال Google {0} ، رمز الخطأ {1}.,
"Google Contacts - Could not update contact in Google Contacts {0}, error code {1}.",جهات اتصال Google - تعذر تحديث جهة الاتصال في جهات اتصال Google {0} ، رمز الخطأ {1}.,
Google Contacts Id,معرف جهات اتصال Google,
Google Contacts Integration is disabled.,تم تعطيل دمج جهات اتصال Google.,
Google Contacts Integration.,دمج اتصالات جوجل.,
Google Contacts has been configured.,تم تكوين جهات اتصال Google.,
Google Drive,محرك جوجل,
Google Drive - Could not create folder in Google Drive - Error Code {0},Google Drive - تعذر إنشاء مجلد في Google Drive - رمز الخطأ {0},
Google Drive - Could not find folder in Google Drive - Error Code {0},Google Drive - تعذر العثور على مجلد في Google Drive - رمز الخطأ {0},
Google Drive - Could not locate locate - {0},Google Drive - تعذر تحديد موقع loc - {0},
Google Drive Backup Successful.,Google Drive Backup Successful.,
Google Drive Backup., محرك النسخ الاحتياطي لجوجل.,
Google Drive Integration., دمج محرك جوجل.,
Google Drive has been configured.,تم تكوين Google Drive.,
Google Integration is disabled.,تم تعطيل تكاملات Google .,
Google Settings,إعدادات جوجل,
Group By,مجموعة من,
Group By Based On,مجموعة حسب,
Group By Type,مجموعة حسب النوع,
Group By field is required to create a dashboard chart,مجموعة للحقل  مطلوب لإنشاء مخطط لوحة القيادة,
HH:mm,HH: mm,
HH:mm:ss,HH: MM: SS,
HOOK-.####,HOOK-.####,
HTML Page,صفحة HTML,
Has Mapping,لديه رسم الخرائط,
Help Links,روابط المساعدة,
Hourly Long,خلال كل ساعة,
If Slide Type is Create or Settings there should be a 'create_onboarding_docs' method in the {ref_doctype}.py file bound to be executed after the slide is completed.,إذا كان &quot;نوع الشريحة&quot; هو &quot;إنشاء&quot; أو &quot;إعدادات&quot; ، فيجب أن يكون هناك طريقة &quot;create_onboarding_docs&quot; في ملف .py {ref_doctype} الذي سيتم تنفيذه بعد اكتمال الشريحة.,
"If non-standard port (e.g. POP3: 995/110, IMAP: 993/143)",إذا كان المنفذ غير قياسي (مثل POP3: 995/110 ، IMAP: 993/143),
If the document has different field names on the Producer and Consumer's end check this and set up the Mapping,إذا كان الوثيقة يحتوي على أسماء حقول مختلفة في نهاية المنتج والمستهلك ، فتحقق من هذا وقم بإعداد التعيين,
If this is checked the documents will have the same name as they have on the Event Producer's site,إذا تم تحديد ذلك ، فستكون للوثائق نفس الاسم الذي تحمله على موقع منتج الأحداث,
Illegal SQL Query,استعلام SQL غير قانوني,
Import File,استيراد ملف,
Import Log Preview,استيراد سجل معاينة,
Import Preview,استيراد معاينة,
Import Progress,استيراد التقدم,
Import Type,نوع الاستيراد,
Import Warnings,تحذيرات الاستيراد ,
"Import template should be of type .csv, .xlsx or .xls",يجب أن يكون قالب الاستيراد من النوع .csv أو .xlsx أو .xls,
Import template should contain a Header and atleast one row.,يجب أن يحتوي قالب الاستيراد على راس للجدول و صف واحد على الأقل.,
Importing {0} of {1},استيراد {0} من {1},
"Importing {0} of {1}, {2}",استيراد {0} من {1} ، {2},
In Test,في الاختبار,
Include indentation,تشمل المسافة البادئة,
Incoming Change,التغيير الوارد,
Information,معلومات,
Invalid Filter Value,قيمة تصفية غير صالحة,
Invalid Template,قالب غير صالح,
Invalid URL,URL غير صالح,
Invalid field name: {0},اسم الحقل غير صالح: {0},
Invalid file URL. Please contact System Administrator.,عنوان URL للملف غير صالح. يرجى الاتصال بمسؤول النظام.,
Invalid include path,مسار تضمين غير صالح,
Invalid username or password,خطأ في اسم المستخدم أو كلمة مرور,
Is Primary,هو اساسي,
Is Primary Mobile,هو المحمول الأساسي,
Is Primary Phone,هو الهاتف الأساسي,
Is Tree,هي شجرة,
JSON Request Body,طلب JSON تركيبة,
Javascript is disabled on your browser,تم تعطيل Javascript على متصفحك,
Job,الوظيفة,
Jump to field,القفز الى الميدان,
Keyboard Shortcuts,اختصارات لوحة المفاتيح,
LDAP Group,مجموعة LDAP,
LDAP Group Field,حقل مجموعة LDAP,
LDAP Group Mapping,تعيين مجموعة LDAP,
LDAP Group Mappings,تعيينات LDAP,
LDAP Last Name Field,حقل اسم العائلة LDAP,
LDAP Middle Name Field,حقل الاسم الأوسط LDAP,
LDAP Mobile Field,LDAP Mobile Field,
LDAP Phone Field,حقل هاتف LDAP,
LDAP User Creation and Mapping,إنشاء مستخدم LDAP ورسم الخرائط,
Landscape,المناظر الطبيعيه,
Last,الاخير,
Last Backup On,آخر النسخ الاحتياطي على,
Last Execution,آخر تنفيذ,
Last Sync On,آخر مزامنة تشغيل,
Last Update,اخر تحديث,
Last refreshed,آخر تحديث,
Link Document Type,رابط نوع الوثيقة,
Link Fieldname,اسم الحقل الرابط,
Links Section,قسم الروابط,
Loading import file...,جارٍ تحميل ملف الاستيراد ...,
Local Document Type,نوع الوثيقة المحلي,
Log Data,تسجيل البيانات,
Main Section (HTML),القسم الرئيسي (HTML),
Main Section (Markdown),القسم الرئيسي (تخفيض السعر),
"Maintains a Log of all inserts, updates and deletions on Event Producer site for documents that have consumers.",يحتفظ بسجل لجميع عمليات الإدراج والتحديثات والحذف على موقع &quot;منتج الأحداث&quot; للوثائق التي تحتوي على مستهلكين.,
Maintains a log of every event consumed along with the status of the sync and a Resync button in case sync fails.,يحتفظ بسجل لكل حدث يتم استهلاكه مع حالة المزامنة وزر Resync في حالة فشل المزامنة.,
Make all attachments private,اجعل جميع المرفقات خاصة,
Mandatory Depends On,إلزامي يعتمد على,
Map Columns,خريطة الأعمدة,
Map columns from {0} to fields in {1},خريطة الأعمدة من {0} إلى الحقول في {1},
Mapping column {0} to field {1},تعيين العمود {0} إلى الحقل {1},
Mark all as Read,اشر عليها بانها قرات,
Max Count,اعلى قيمة حسبت,
Maximum Points,النقاط القصوى,
Maximum points allowed after multiplying points with the multiplier value\n(Note: For no limit leave this field empty or set 0),الحد الأقصى للنقاط المسموح بها بعد ضرب نقاط بقيمة المضاعف (ملاحظة: بلا حدود ، اترك هذا الحقل فارغًا أو حدد 0),
Me,أنا,
Mention,أشاره الى ,
Modules,وحدات برمجية,
Monthly Long,فترة شهرية,
Monthly Rank: ,الرتبة الشهرية:,
My Profile,ملفي الشخصي,
Naming Series,سلسلة التسمية,
Navigate Home,حدد اتجاة المنزل,
Navigate list down,حدد اتجاه القائمة لأسفل,
Navigate list up,حدد اتجاه القائمة لأعلى,
Need Help?,تحتاج مساعدة؟,
New Assignment,مهمة جديدة,
New Document Shared,وثيقة جديد مشترك,
New Notification,إشعار جديد,
New {0}: {1},جديد {0}: {1},
Newsletter should have atleast one recipient,يجب أن تحتوي الرسالة الإخبارية على متلقي واحد على الأقل,
No Events Today,لا أحداث لليوم,
No Google Calendar Event to sync.,لا يوجد حدث تقويم Google للمزامنة.,
No More Activity,لا مزيد من النشاط,
No Name Specified for {0},لا يوجد اسم محدد لـ {0},
No Upcoming Events,لا توجد أحداث قادمة,
No activity,لا يوجد نشاط,
No conditions provided,لا توجد شروط,
No contacts linked to document,لا توجد جهات اتصال مرتبطة بالوثيقة,
No data to export,لا توجد بيانات للتصدير,
No documents found tagged with {0},لم يتم العثور على وثائق ذات علامة {0},
No failed logs,لا سجلات فاشلة,
No filters found,لم يتم العثور على مرشحات,
No more items to display,لا مزيد من العناصر لعرضها,
No more posts,لا مزيد من الوظائف,
No new Google Contacts synced.,لم تتم مزامنة جهات اتصال Google الجديدة.,
No pending or current jobs for this site,لا توجد وظائف معلقة أو حالية لهذا الموقع,
No posts yet,لا توجد مشاركات حتى الآن,
No records will be exported,لن يتم تصدير سجلات,
No results found for {0} in Global Search,لم يتم العثور على نتائج لـ {0} في Global Search,
No user found,لم يتم العثور على المستخدم,
Not Specified,غير محدد,
Notification Log,سجل الإخطار,
Notification Settings,إعدادات الإشعارات,
Notification Subscribed Document,وثيقة الاشتراك المكتوبة,
Notifications Disabled,تم تعطيل الإشعارات,
Number of Groups,عدد المجموعات,
Number of columns does not match with data,عدد الأعمدة لا يتطابق مع البيانات,
OAuth Client ID,معرف عميل OAuth,
OTP setup using OTP App was not completed. Please contact Administrator.,لم يكتمل إعداد OTP باستخدام تطبيق OTP. يرجى الاتصال المسؤول.,
Onboarding Slide,على متن الشريحة,
Onboarding Slide Field,Onboarding Slide Field,
Onboarding Slide Help Link,Onboarding Slide Help Link,
Only one {0} can be set as primary.,يمكن تعيين {0} واحد فقط على أنه أساسي.,
Open Awesomebar,افتح Awesomebar,
Open Chat,دردشة مفتوحة,
Open Documents,الوثائق المفتوحة,
Open Help,افتح المساعدة,
Open Settings,أفتح الإعدادات,
Open list item,فتح قائمة الصنف,
Organizational Unit for Users,الوحدة التنظيمية للمستخدمين,
Page Shortcuts,اختصارات الصفحة,
Parent Field (Tree),حقل الأصل (شجرة),
Parent Field must be a valid fieldname,يجب أن يكون حقل الأصل اسمًا صالحًا للحقل,
Pin Globally,حدد على الصعيد العالمي,
Placeholder,صاحب المكان,
Places,أماكن,
Please check the filter values set for Dashboard Chart: {},يرجى التحقق من قيم المرشح المحددة لمخطط لوحة المعلومات: {},
Please enable pop-ups in your browser,يرجى تمكين النوافذ المنبثقة في متصفحك,
Please find attached {0}: {1},يرجى الاطلاع على المرفق {0}: {1},
Please select applicable Doctypes,يرجى اختيار الوثائق القابله للتطبيق,
Portrait,راسي,
Press Alt Key to trigger additional shortcuts in Menu and Sidebar,اضغط على مفتاح Alt لتشغيل اختصارات إضافية في القائمة والشريط الجانبي,
Print Settings...,إعدادات الطباعة ...,
Producer Document Name,اسم وثيقة المنتج,
Producer URL,عنوان URL للمنتج,
Property Depends On,الملكية تعتمد على,
Pull from Google Calendar,سحب من تقويم جوجل,
Pull from Google Contacts,سحب من اتصالات جوجل,
Pulled from Google Calendar,تم سحبها من تقويم Google,
Pulled from Google Contacts,سحبت من اتصالات جوجل,
Push to Google Calendar,اضغط على تقويم Google,
Push to Google Contacts,اضغط على جهات اتصال Google,
Queue / Worker,طابور / عامل,
RAW Information Log,سجل معلومات RAW,
Rank: ,مرتبة:,
Raw Printing Settings...,إعدادات الطباعة الخام ...,
Read Only Depends On,قراءة يعتمد فقط على,
Recent Activity,النشاط الأخير,
Reference document has been cancelled,تم الغاء الوثيقة المرجعية,
Reload File,إعادة تحميل الملف,
Remote Document Type,نوع الوثيقة البعيد,
"Renamed files and replaced code in controllers, please check!",إعادة تسمية الملفات ورمز استبدالها في وحدات التحكم ، يرجى التحقق!,
Repeat on Last Day of the Month,كرر في اليوم الأخير من الشهر,
Repeats {0},يكرر {0},
Report Information,معلومات التقرير,
Report with more than 10 columns looks better in Landscape mode.,التقرير مع أكثر من 10 أعمدة تبدو أفضل في وضع أفقي.,
Request Structure,طلب هيكل,
Restricted,مقيد,
Restrictions,قيود,
Resync,المزامنة,
Review Points: ,نقاط المراجعة:,
Row Number,رقم الصف,
Row {0},الصف {0},
Run Jobs only Daily if Inactive For (Days),شغِّل الوظائف فقط يوميًا إذا كان غير فعال (أيام),
SMS was not sent. Please contact Administrator.,لم يتم إرسال رسالة الsms. يرجى الاتصال بالمسؤول.,
Saved Successfully,حفظ بنجاح,
Scheduled Job,الوظيفة المجدولة,
Scheduled Job Log,سجل الوظائف المجدولة,
Scheduled Job Type,نوع الوظيفة المجدولة,
Scheduler Inactive,المجدول غير فعال,
Scheduler is inactive. Cannot import data.,المجدول غير فعال. لا يمكن استيراد البيانات.,
Script Manager,مدير الكتابة النصيه,
Script Type,نوع الكتابة النصيه,
Search Priorities,أولويات البحث,
Search Source Text,بحث نص المصدر,
Search by filename or extension,البحث عن طريق اسم الملف أو بشكل اوسع,
Select Date Range,اختر نطاق التاريخ,
Select Field,اختر الحقل,
Select Field...,اختر الحقل ...,
Select Filters,اختر المرشحات,
Select Google Calendar to which event should be synced.,حدد تقويم Google للحدث الذي يجب مزامنته.,
Select Google Contacts to which contact should be synced.,حدد جهات اتصال Google التي يجب مزامنتها مع جهة الاتصال.,
Select Group By...,اختر مجموعة حسب ...,
Select Mandatory,حدد إلزامية,
Select atleast 2 actions,حدد على الأقل 2 إجراءات,
Select fields to export,حدد الحقول للتصدير,
Select list item,حدد عنصر القائمة,
Select multiple list items,حدد عناصر قائمة متعددة,
Send an email to {0} to link it here,أرسل بريدًا إلكترونيًا إلى {0} لربطه هنا,
Server Action,عمل الخادم,
Server Script,خادم النص,
Session Default,الجلسة الافتراضية,
Session Default Settings,إعدادات الجلسة الافتراضية,
Session Defaults,الجلسة الافتراضية,
Session Defaults Saved,تم حفظ الإعدادات الافتراضية للجلسة,
Set as Default Theme,تعيين كالموضوع الافتراضي,
Setting up Global Search documents.,إعداد وثائق البحث العالمي.,
Show Document,عرض الوثيقة,
Show Failed Logs,إظهار السجلات الفاشلة,
Show Keyboard Shortcuts,إظهار اختصارات لوحة المفاتيح,
Show More Activity,عرض المزيد من النشاط,
Show Traceback,إظهار التتبع,
Show Warnings,إظهار التحذيرات,
Showing only first {0} rows out of {1},إظهار أول صف {0} فقط من {1},
"Simple Python Expression, Example: Status in (""Invalid"")",تعبير Python البسيط ، مثال: الحالة في (&quot;غير صالح&quot;),
Skipping Untitled Column,تخطي العمود بلا عنوان,
Skipping column {0},تخطي العمود {0},
Slide Description,وصف الشريحة,
Slide Fields,حقول الشريحة,
Slide Image Source, مصدر شرائح الصورة,
Slide Order,ترتيب الشرائح,
Slide Title,عنوان الشريحة,
Slide Type,نوع الشريحة,
Social Home,الصفحة الرئيسية الاجتماعية,
Some columns might get cut off when printing to PDF. Try to keep number of columns under 10.,قد تنقطع بعض الأعمدة عند الطباعة إلى PDF. حاول الحفاظ على عدد الأعمدة أقل من 10.,
Something went wrong during the token generation. Click on {0} to generate a new one.,حدث خطأ ما أثناء توليد الترميز. انقر على {0} لإنشاء واحدة جديدة.,
Specify in what all domains should the slides show up. If nothing is specified the slide is shown in all domains by default.,حدد ما ستظهره جميع المجالات. إذا لم يتم تحديد أي شيء ، فسيتم عرض الشريحة في جميع المجالات افتراضيًا.,
Submit After Import,إرسال بعد الاستيراد,
Submitting...,تقديم...,
Subscribed Documents,الوثائق المشتركة,
Success! You are good to go 👍,نجاح! أنت جيد للاستمرار 👍,
Successful Transactions,المعاملات الناجحة,
Successfully Submitted!,قدمت بنجاح!,
Successfully imported {0} record out of {1}.,تم استيراد {0} بنجاح من السجل {1}.,
Successfully imported {0} record.,تم استيراد سجل {0} بنجاح.,
Successfully imported {0} records out of {1}.,تم استيراد {0} سجلات بنجاح من {1}.,
Successfully imported {0} records.,تم استيراد سجلات {0} بنجاح.,
Successfully updated {0} record out of {1}.,تم تحديث السجل بنجاح {0} من {1}.,
Successfully updated {0} record.,تم تحديث السجل بنجاح {0}.,
Successfully updated {0} records out of {1}.,تم تحديث {0} سجلات بنجاح من {1}.,
Successfully updated {0} records.,تم تحديث سجلات {0} بنجاح.,
Sync Calendar,مزامنة التقويم,
Sync Contacts,مزامنة جهات الاتصال,
Sync with Google Calendar,مزامنة مع تقويم Google,
Sync with Google Contacts,مزامنة مع جهات اتصال Google,
Synced,مزامن,
Syncing,المزامنة,
Syncing {0} of {1},مزامنة {0} من {1},
Tag Link,علامة الارتباط,
Take Backup,خذ نسخة احتياطية,
Template Error,خطأ في القالب,
Template Options,خيارات القالب,
Template Warnings,تحذيرات القالب,
The Auto Repeat for this document has been disabled.,تم تعطيل التكرار التلقائي لهذا الوثيقة.,
"The amount of times you want to repeat the set of fields (eg: if you want 3 customers in the slide, set this field to 3. Only the first set of fields is shown as mandatory in the slide)",عدد المرات التي تريد فيها تكرار مجموعة الحقول (على سبيل المثال: إذا كنت تريد 3 عملاء في الشريحة ، قم بتعيين هذا الحقل على 3. المجموعة الأولى فقط من الحقول تظهر إلزامية في الشريحة),
The following records needs to be created before we can import your file.,يجب إنشاء السجلات التالية قبل أن نتمكن من استيراد ملفك.,
The mapping configuration between two doctypes.,تكوين التعيين بين اثنين من الأساليب.,
The site which is consuming your events.,الموقع الذي يستهلك الأحداث الخاصة بك.,
The site you want to subscribe to for consuming events.,الموقع الذي تريد الاشتراك فيه لاستهلاك الأحداث.,
The webhook will be triggered if this expression is true,سيتم تشغيل webhook إذا كان هذا التعبير صحيحًا,
The {0} is already on auto repeat {1},{0} قيد التكرار التلقائي {1},
There are some linked records which needs to be created before we can import your file. Do you want to create the following missing records automatically?,هناك بعض السجلات المرتبطة التي يجب إنشاؤها قبل أن نتمكن من استيراد ملفك. هل تريد إنشاء السجلات المفقودة التالية تلقائيًا؟,
There should be atleast one row for the following tables: {0},يجب أن يكون هناك صف واحد على الأقل للجداول التالية: {0},
There should be atleast one row for {0} table,يجب أن يكون هناك صف واحد على الأقل لجدول {0},
This action is only allowed for {},هذا الإجراء مسموح به فقط لـ {},
This cannot be undone,هذا لا يمكن التراجع عنها,
Time Format,تنسيق الوقت,
Time series based on is required to create a dashboard chart,مطلوب سلسلة زمنية بناءً على إنشاء مخطط لوحة معلومات,
Time {0} must be in format: {1},يجب أن يكون الوقت {0} بالتنسيق: {1},
"To configure Auto Repeat, enable ""Allow Auto Repeat"" from {0}.",لتهيئة التكرار التلقائي ، قم بتمكين &quot;السماح بالتكرار التلقائي&quot; من {0}.,
To enable it follow the instructions in the following link: {0},لتمكينه ، اتبع التعليمات في الرابط التالي: {0},
"To use Google Calendar, enable {0}.",لاستخدام تقويم Google ، قم بتمكين {0}.,
"To use Google Contacts, enable {0}.",لاستخدام جهات اتصال Google ، قم بتمكين {0}.,
"To use Google Drive, enable {0}.",لاستخدام Google Drive ، قم بتمكين {0}.,
Today's Events,أحداث اليوم,
Toggle Public/Private,تبديل العامة / الخاصة,
Tracks milestones on the lifecycle of a document if it undergoes multiple stages.,يتتبع المعالم في دورة حياة الوثيقة إذا مر بمراحل متعددة.,
Tree structures are implemented using Nested Set,يتم تنفيذ هياكل  الشجرة باستخدام مجموعة متداخلة,
Trigger Primary Action,العمل على الاجراء الأساسي,
Try the new Data Import,جرب استيراد البيانات الجديد,
URL for documentation or help,عنوان URL للتوثيق أو المساعدة,
URL must start with 'http://' or 'https://',يجب أن يبدأ عنوان URL بـ &quot;http: //&quot; أو &quot;https: //&quot;,
Unchanged,دون تغيير,
Unpin,إزالة التثبيت,
Untitled Column,عمود بلا عنوان,
Untranslated,غير مترجم,
Upcoming Events,الأحداث القادمة,
Update Existing Records,تحديث السجلات الموجودة,
Update Type,نوع التحديث,
Updated To A New Version 🎉,تم التحديث إلى إصدار جديد 🎉,
"Updating {0} of {1}, {2}",تحديث {0} من {1} ، {2},
Upload file,رفع ملف,
Upload {0} files,قم بتحميل {0} الملفات,
Uploaded To Google Drive,تم الرفع إلى Google Drive,
Uploaded successfully,تم الرفع بنجاح,
Uploading {0} of {1},تحميل {0} من {1},
Use SSL for Outgoing,استخدام طبقة المقابس الآمنة للخارج,
Use Same Name,استخدم نفس الاسم,
Used For Google Maps Integration.,يستخدم لدمج خرائط جوجل.,
User ID Property,خاصية معرف المستخدم,
User Profile,ملف تعريفي للمستخدم,
User Settings,إعدادات المستخدم,
User does not exist,المستخدم غير موجود,
User {0} has requested for data deletion,طلب المستخدم {0} حذف البيانات,
Users assigned to the reference document will get points.,سيحصل المستخدمون المعينون في الوثيقة المرجعي على نقاط.,
Value must be one of {0},يجب أن تكون القيمة واحدة من {0},
Value {0} missing for {1},القيمة {0} مفقودة لـ {1},
Verification,التحقق,
Verification Code,شيفرة التأكيد,
Verification code email not sent. Please contact Administrator.,لم يتم إرسال رمز التحقق. يرجى الاتصال بالمسؤول.,
Verified,التحقق,
Verifier,المدقق,
Video,فيديو,
View Full Log,عرض السجل الكامل,
"View Log of all print, download and export events",عرض سجل لجميع أحداث الطباعة وتنزيل وتصدير,
Visit Web Page,زيارة صفحة الويب,
Warnings,تحذيرات,
Webhook Secret,Webhook Secret,
Webhook Security,Webhook الأمن,
Webhook Trigger,Webhook Trigger,
Weekly Long,مدةأسبوعيه ,
"When enabled this will allow guests to upload files to your application, You can enable this if you wish to collect files from user without having them to log in, for example in job applications web form.",عند التمكين ، سيتيح ذلك للضيوف تحميل الملفات إلى التطبيق الخاص بك ، يمكنك تمكين هذا إذا كنت ترغب في جمع الملفات من المستخدم دون الحاجة إلى تسجيل الدخول ، على سبيل المثال في نموذج ويب تطبيقات الوظائف.,
Will run scheduled jobs only once a day for inactive sites. Default 4 days if set to 0.,سيتم تشغيل المهام المجدولة مرة واحدة فقط يوميًا للمواقع غير الفعالة. الافتراضي 4 أيام إذا تم تعيينه على 0.,
Workflow Status,حالة سير العمل,
You are all set up!,لقد تم إعدادك كليا!,
You are not allowed to export {} doctype,غير مسموح لك بتصدير الوثيقة {},
You can try changing the filters of your report.,يمكنك محاولة تغيير عوامل التصفية لتقريرك.,
You do not have permissions to cancel all linked documents.,ليس لديك أذونات لإلغاء كافة الوثائق المرتبطة.,
You need to create these first: ,تحتاج إلى إنشاء هذه أولاً:,
You need to enable JavaScript for your app to work.,تحتاج إلى تمكين JavaScript لتشغيل تطبيقك.,
You need to install pycups to use this feature!,تحتاج إلى تثبيت pycups لاستخدام هذه الميزة!,
Your Target,الهدف الخاص بك,
Your assignment on {0} {1} has been removed,تمت إزالة مهمتك  على {0} {1},
"browse,",تصفح،,
cancelled this document {0},ألغيت هذه الوثيقة {0},
changed value of {0} {1},القيمة المتغيرة {0} {1},
changed values for {0} {1},القيم المتغيرة لـ {0} {1},
choose an,اختيار,
empty,فارغة,
of,من,
or attach a,أو إرفاق,
"output in the form of `data = [columns, result]`",الإخراج في شكل `بيانات = [أعمدة ، نتيجة]`,
submitted this document {0},تم تقديم هذه الوثيقة {0},
"tag name..., e.g. #tag",اسم العلامة ... ، على سبيل المثال #tag,
uploaded file,ملف تم الرفع,
via Data Import,عبر استيراد البيانات,
{0} (1 row mandatory),{0} (صف واحد إلزامي),
{0} Google Calendar Events synced.,{0} تمت مزامنة أحداث تقويم Google.,
{0} Google Contacts synced.,{0} مزامنة جهات اتصال Google.,
{0} are mandatory fields,{0} هي حقول إلزامية,
{0} are required,{0} مطلوبة,
{0} assigned a new task {1} {2} to you,{0} خصص مهمة جديدة {1} {2} لك,
{0} gained {1} point for {2} {3},{0} حصل على {1} نقطة لـ {2} {3},
{0} gained {1} points for {2} {3},{0} حصل على {1} نقاط لـ {2} {3},
{0} has no versions tracked.,{0} لا يحتوي على إصدارات متعقبة.,
{0} is not a valid report format. Report format should one of the following {1},{0} ليس تنسيق تقرير صالحًا. يجب أن يكون تنسيق التقرير مما يلي {1},
{0} mentioned you in a comment in {1} {2},{0} ذكرتك في تعليق في {1} {2},
{0} of {1} ({2} rows with children),{0} من {1} ({2} صفوف تحتوي على توابع),
{0} records will be exported,سيتم تصدير {0} السجلات,
{0} shared a document {1} {2} with you,{0} شارك وثيقة {1} {2} معك,
{0} should not be same as {1},{0} يجب ألا يكون مطابقًا لـ {1},
{0} translations pending,{0} ترجمات معلقة,
{0} {1} is linked with the following submitted documents: {2},{0} {1} مرتبط بالوثائق المرسلة التالية: {2},
"{0}: Failed to attach new recurring document. To enable attaching document in the auto repeat notification email, enable {1} in Print Settings",{0}: فشل في إرفاق وثيقة متكررة جديدة. لتمكين إرفاق الوثيقة في رسالة البريد الإلكتروني لإشعار التكرار التلقائي ، قم بتمكين {1} في إعدادات الطباعة,
{0}: Fieldname cannot be one of {1},{0}: اسم الحقل لا يمكن أن يكون واحد من {1},
{} Complete,{} اكتمل,
← Back to upload files,← الرجوع إلى تحميل الملفات,
Activity,نشاط,
Add / Manage Email Accounts.,إضافة / إدارة حسابات البريد الإلكتروني.,
Add Child,إضافة تابع,
Add Multiple,إضافة متعددة,
Add Participants,أضف مشاركين,
Added {0} ({1}),وأضاف {0} ({1}),
Address Line 1,العنوان سطر 1,
Addresses,عناوين,
All,الكل,
Brand,العلامة التجارية,
Browse,تصفح,
Cancelled,ألغيت,
Chart,رسم بياني,
Close,أغلق,
Communication,الاتصالات,
Compact Item Print,دمج البند طباعة,
Company,شركة,
Complete,أكتمال,
Completed,أكتمل,
Continue,استمر,
Country,الدولة,
Creating {0},إنشاء {0},
Currency,العملة,
Customize,تخصيص,
Daily,يوميا,
Date,تاريخ,
Date Range,نطاق الموعد,
Dear,العزيز,
Default,الافتراضي,
Delete,حذف,
Description,وصف,
Designation,تخصص,
Disabled,معطل,
Doctype,DOCTYPE,
Download Template,تحميل الوثيقة,
Dr,Dr,
Due Date,بسبب تاريخ,
Duplicate,أخذ نسخة,
Edit Profile,تعديل الملف الشخصي,
Email,البريد الإلكتروني,
End Time,وقت الانتهاء,
Enter Value,أدخل القيمة,
Entity Type,نوع الكيان,
Error,خطأ,
Expired,انتهى,
Export,تصدير,
Export not allowed. You need {0} role to export.,الصادرات غير مسموح به. تحتاج {0} صلاحية التصدير.,
Fetching...,جلب ...,
Field,حقل,
File Manager,مدير الملفات,
Filters,فلاتر,
Get Items,احصل على البنود,
Goal,الهدف,
Group,مجموعة,
Group Node,عقدة المجموعة,
Help,مساعدة,
Help Article,صفحة المساعدة,
Home,الصفحة الرئيسية,
Import Data from CSV / Excel files.,استيراد البيانات من ملفات CSV / Excel.,
In Progress,في تَقَدم,
Intermediate,متوسط,
Invite as User,دعوة كمستخدم,
"It seems that there is an issue with the server's stripe configuration. In case of failure, the amount will get refunded to your account.",يبدو أن هناك مشكلة في التهيئةالشريطية للخادم. في حالة الفشل ، سيتم رد المبلغ إلى حسابك.,
Loading...,تحميل ...,
Location,الموقع,
Looks like someone sent you to an incomplete URL. Please ask them to look into it.,يبدو ان شخص أرسلك إلى عنوان URL غير مكتمل. من فضلك اطلب منهم للنظر في ذلك.,
Master,الرئيسي,
Message,رسالة,
Missing Values Required,قيم مفقودة مطلوبة,
Mobile No,رقم الجوال,
Month,شهر,
Name,الاسم,
Newsletter,النشرة الإخبارية,
Not Allowed,غير مسموح,
Note,الملاحظات,
Offline,غير متصل بالسيرفر,
Open,فتح,
Page {0} of {1},الصفحة {0} من {1},
Pay,دفع,
Pending,معلق,
Phone,هاتف,
Please click on the following link to set your new password,الرجاء الضغط على الرابط التالي لتعيين كلمة المرور الجديدة,
Please select another payment method. Stripe does not support transactions in currency '{0}',يرجى تحديد طريقة دفع أخرى. Stripe لا يدعم المعاملات بالعملة '{0}',
Please specify,رجاء حدد,
Printing,طباعة,
Priority,الأولوية,
Project,المشروع,
Quarterly,فصلي بشكل رباعي ,
Queued,قائمة الانتظار,
Quick Entry,إدخال سريع,
Reason,السبب,
Refreshing,جاري التحديث,
Rename,إعادة تسمية,
Reset,إعادة تعيين,
Review,مراجعة,
Room,غرفة,
Room Type,نوع الغرفة,
Save,حفظ,
Search results for,نتائج البحث عن,
Select All,تحديد الكل,
Send,إرسال,
Sending,إرسال,
Server Error,خطأ في الخادم,
Set,ضبط,
Setup,الإعدادات,
Setup Wizard,معالج الإعدادات,
Size,حجم,
Sr,مسلسل,
Start,بداية,
Start Time,بداية الوقت,
Status,الحالة,
Submitted,مسجلة,
Tag, هشتاق,
Template,قالب,
Thursday,الخميس,
Title,العنوان,
Total,الاجمالي ,
Totals,المجاميع,
Tuesday,الثلاثاء,
Type,النوع,
Update,تحديث,
User {0} is disabled,المستخدم {0} تم تعطيله,
Users and Permissions,المستخدمين والصلاحيات,
View,عرض,
Warehouse,المستودعات,
Welcome to {0},أهلا وسهلا بك إلى {0},
Year,عام,
Yearly,سنويا,
You,أنت,
You can also copy-paste this link in your browser,يمكنك أيضا نسخ - لصق هذا الرابط في متصفحك,
and,و,
{0} Name,{0} الاسم,
{0} is required,{0} مطلوب,
Do It Later,افعله لاحقا,
ALL,الجميع,
Attach File,إرفاق ملف,
Barcode,الباركود,
Beginning with,بداية في,
Bold,بالخط العريض,
CANCELLED,ملغية,
Calendar,التقويم,
Center,الوسط,
Clear,امسح,
Comment,تعليق,
Comments,تعليقات,
DRAFT,مسودة,
Dashboard,لوحة القيادة (Dashboard),
DocType,موديول,
Download,تحميل,
EMail,البريد الإلكتروني,
Edit in Full Page,تحرير في صفحة كاملة,
Email Inbox,البريد الوارد,
File,ملف,
Forward,إلى الأمام,
Icon,أيقونة,
In,في,
Inbox,صندوق الوارد,
Insert New Records,أدخل سجلات جديدة,
JavaScript,جافا سكريبت,
LDAP Settings,إعدادات LDAP,
Left,يسار,
Like,مثل,
Link,حلقة الوصل,
Logged in,تسجيل الدخول,
New,جديد,
Not Found,لم يتم العثور على,
Not Like,ليس مثل,
Notify by Email,الإخطار عن طريق البريد الإلكتروني,
Now,الآن,
Off,متوقف,
One of,واحد من,
Page,الصفحة,
Print,طباعة,
Reference Name,اسم الإشارة,
Refresh,تحديث,
Repeat,تكرار,
Right,يمين,
Roles HTML,الأدوار HTML,
Scheduled To Send,من المقرر أن ترسل,
Search Results for ,نتائج البحث عن,
Send Notification To,إرسال إشعار ل,
Success,نجاح,
Tags,هشتاقات,
Time,الوقت,
Updated Successfully,تم التحديث بنجاح,
Upload,رفع ملف,
User ,المستخدم,
Value,القيمة,
Web Link,رابط موقع,
Your Email Address,عنوان البريد الإلكتروني الخاص بك,
Desktop,سطح المكتب,
Usage Info,معلومات الاستخدام,
Download Backups,تحميل النسخ الاحتياطية,
Recorder,المسجل,
Role Permissions Manager,مدير ضوابط الصلاحيات,
Translation Tool,أداة الترجمة,
Awaiting password,في انتظار كلمة المرور,
Current status,الحالة الحالية,
Download template,تحميل الوثيقة,
Edit in full page,التحرير في صفحة كاملة,
Email Id,البريد الإلكتروني,
Email address,البريد الالكتروني,
Ends on,ينتهي في,
Energy Point Update,تحديث نقطة الطاقة,
Half-yearly,نصف سنوي,
Hidden,مخفي,
Javascript,جافا سكريبت,
Ldap settings,إعدادات Ldap,
Mobile number,رقم الهاتف المحمول,
Mx,MX,
No,لا,
Not found,لم يتم العثور على,
Notes:,الملاحظات:,
Notify by email,إبلاغ عبر البريد الإلكتروني,
Permitted Documents For User,الوثائق المسموحة للمستخدم,
Reference Docname,مرجع DocName,
Reference Doctype,مرجع Doctype,
Reference name,اسم المرجع,
Roles Html,أدوار Html,
Row #,الصف #,
Scheduled to send,تمت جدولته لترسل,
Select Doctype,حدد نوع الوثيقة,
Send Email for Successful backup,إرسال بريد إلكتروني لنجاح النسخ الاحتياطي,
Sign up,تسجيل كجديد,
Time format,تنسيق الوقت,
Upload failed,فشل في رفع الملف,
User Id,تعريف المستخدم,
Yes,نعم,
Your email address,عنوان بريدك الإلكتروني,
added,مضاف,
added {0},تم اضافة  {0},
barcode,الباركود,
beginning with,بداء ب,
blue,أزرق,
bold,غامق,
book,كتاب,
calendar,التقويم,
center,مركز,
certificate,شهادة,
check,تحقق,
clear,مسح,
comment,تعليق,
comments,تعليقات,
created,أنشأ,
danger,خطر,
dashboard,لوحة القيادة,
download,تحميل,
edit,تعديل,
email inbox,البريد الوارد,
file,الملف,
filter,فلترة,
flag,علم,
font,الخط,
forward,إلى الأمام,
green,أخضر,
home,الصفحة الرئيسية,
icon,أيقونة,
in,في,
inbox,صندوق الوارد,
left,اليسار,
like,مثل,
link,رابط,
list,قائمة,
lock,مقفل,
logged in,تم تسجيل الدخول,
message,رسالة,
module,إضافة,
move,نقل,
music,موسيقى,
new,جديد,
not like,لا يشبه,
now,الآن,
off,تعطيل,
one of,واحدة من,
orange,البرتقالي,
page,صفحة,
print,طباعة,
purple,أرجواني,
random,عشوائي,
red,أحمر,
refresh,تحديث,
remove,إزالة ,
response,استجابة,
right,يمين,
search,بحث,
share,مشاركة,
stop,توقف,
success,نجاح,
tag,هشتاق,
tags,العلامات,
tasks,مهام,
time,الوقت,
trash,سلة المهملات,
upload,رفع ملفات,
user,مستخدم,
value,قيمة,
web link,ارتباط ويب,
yellow,الأصفر,
Not permitted,غير مسموح به,
Add Chart to Dashboard,إضافة مخطط إلى لوحة القيادة,
Add to Dashboard,إضافة إلى لوحة القيادة,
Google Translation,ترجمة جوجل,
Important,هام جدا,
New Chart Created,تم إنشاء مخطط جديد,
No Filters Set,لا توجد فلاتر,
No Records Created,لم تنشى اي سجلات ,
Please Set Chart,يرجى وضع الرسم البياني,
Please create chart first,يرجى إنشاء الرسم البياني أولا,
"Report has no data, please modify the filters or change the Report Name",لا يحتوي التقرير على بيانات ، يرجى تعديل الفلاتر أو تغيير اسم التقرير,
Select Dashboard,اختر لوحة القيادة,
Y Field,Y الحقل,
You need to be in developer mode to edit this document,يجب أن تكون في وضع المطور لتحرير هذا الوثيقة,
Cards,بطاقات,
Community Contribution,مساهمة المجتمع,
Count Filter,ترشيح Count,
Dashboard Chart Field,حقل مخطط لوحة القيادة,
Desk Card,بطاقة مكتب,
Desk Chart,مكتب الرسم البياني,
Desk Page,صفحة المكتب ,
Desk Shortcut,مكتب اختصار,
Developer Mode Only,وضع المطور فقط,
Disable User Customization,تعطيل تخصيص المستخدم,
For example: {} Open,على سبيل المثال: {} فتح,
Is Custom,هو مطور؟,
Link Cards,بطاقات الارتباط,
Link To,رابط ل,
Onboarding,تعليمات ارشادية,
Percentage,النسبة المئوية,
Pie,فطيرة,
Pin To Bottom,ثبت إلى أسفل,
Pin To Top,ثبت الى أعلى الصفحة,
Restrict to Domain,تقييد النطاق,
Shortcuts,اختصارات,
X Field,X الحقل,
Y Axis,المحور ص,
workspace,مساحة العمل,
Setup > User,الإعداد&gt; المستخدم,
Setup > Customize Form,الإعداد&gt; تخصيص النموذج,
Setup > User Permissions,الإعداد&gt; أذونات المستخدم,
"Error connecting to QZ Tray Application...<br><br> You need to have QZ Tray application installed and running, to use the Raw Print feature.<br><br><a target=""_blank"" href=""https://qz.io/download/"">Click here to Download and install QZ Tray</a>.<br> <a target=""_blank"" href=""https://erpnext.com/docs/user/manual/en/setting-up/print/raw-printing"">Click here to learn more about Raw Printing</a>.","خطأ في الاتصال بـ QZ Tray Application ... <br><br> تحتاج إلى تثبيت تطبيق QZ Tray وتشغيله لاستخدام ميزة Raw Print. <br><br> <a href=""https://qz.io/download/"" target=""_blank"">انقر هنا لتنزيل وتثبيت QZ Tray</a> . <br> <a href=""https://erpnext.com/docs/user/manual/en/setting-up/print/raw-printing"" target=""_blank"">انقر هنا لمعرفة المزيد عن الطباعة الخام</a> .",
No email account associated with the User. Please add an account under User > Email Inbox.,لا يوجد حساب بريد إلكتروني مرتبط بالمستخدم. الرجاء إضافة حساب ضمن المستخدم&gt; البريد الوارد للبريد الإلكتروني.,
"For comparison, use >5, <10 or =324. For ranges, use 5:10 (for values between 5 & 10).",للمقارنة ، استخدم&gt; 5 ، &lt;10 أو = 324. للنطاقات ، استخدم 5:10 (للقيم بين 5 و 10).,
No default Address Template found. Please create a new one from Setup > Printing and Branding > Address Template.,لم يتم العثور على قالب عنوان افتراضي. يرجى إنشاء واحدة جديدة من الإعداد&gt; الطباعة والعلامة التجارية&gt; قالب العنوان.,
Please setup default Email Account from Setup > Email > Email Account,يرجى إعداد حساب البريد الإلكتروني الافتراضي من الإعداد&gt; البريد الإلكتروني&gt; حساب البريد الإلكتروني,
Email Account not setup. Please create a new Email Account from Setup > Email > Email Account,حساب البريد الإلكتروني لا الإعداد. يرجى إنشاء حساب بريد إلكتروني جديد من الإعداد&gt; البريد الإلكتروني&gt; حساب البريد الإلكتروني,
Attach file,أرفق ملف,
Contribution Status,حالة المساهمة,
Contribution Document Name,اسم وثيقة المساهمة,
Extends,Extends,
Extends Another Page,يمتد صفحة أخرى,
Please select target language for translation,الرجاء تحديد اللغة الهدف للترجمة,
Select Language,اختار اللغة,
Confirm Translations,تأكيد الترجمات,
Contributed Translations,الترجمات المساهمة,
Show Tags,أضهر العلامات,
Do not have permission to access {0} bucket.,ليس لديك إذن للوصول إلى حاوية {0}.,
Allow document creation via Email,السماح بإنشاء المستندات عبر البريد الإلكتروني,
Sender Field,حقل المرسل,
Logout All Sessions on Password Reset,تسجيل الخروج من جميع الجلسات عند إعادة تعيين كلمة المرور,
Logout From All Devices After Changing Password,تسجيل الخروج من جميع الأجهزة بعد تغيير كلمة المرور,
Send Notifications For Documents Followed By Me,إرسال إخطارات للمستندات التي اتبعتها,
Send Notifications For Email Threads,إرسال إخطارات لمواضيع البريد الإلكتروني,
Bypass Restricted IP Address Check If Two Factor Auth Enabled,تحقق من تجاوز عنوان IP المقيد إذا تم تمكين مصادقة عاملين,
Reset LDAP Password,إعادة تعيين كلمة مرور LDAP,
Confirm New Password,تأكيد كلمة المرور الجديدة,
Logout All Sessions,تسجيل الخروج من جميع الجلسات,
Passwords do not match!,كلمة المرور غير مطابقة!,
Dashboard Manager,مدير لوحة القيادة,
Dashboard Settings,اعدادات اللوحة الرئيسية,
Chart Configuration,تكوين الرسم البياني,
No Permitted Charts on this Dashboard,لا توجد مخططات مسموح بها في لوحة المعلومات هذه,
No Permitted Charts,لا توجد مخططات مسموح بها,
Reset Chart,إعادة تعيين المخطط,
via {0},عبر {0},
{0} is not a valid Phone Number,{0} ليس رقم هاتف صالحًا,
Failed Transactions,المعاملات الفاشلة,
Value for field {0} is too long in {1}. Length should be lesser than {2} characters,قيمة الحقل {0} طويلة جدًا في {1}. يجب أن يكون الطول أقل من {2} حرف,
Data Too Long,البيانات طويلة جدًا,
via Notification,عبر الإخطار,
Log in to access this page.,تسجيل الدخول للوصول إلى هذه الصفحة.,
Report Document Error,تقرير خطأ في المستند,
{0} is an invalid Data field.,{0} هو حقل بيانات غير صالح.,
Only Options allowed for Data field are:,الخيارات المسموح بها لحقل البيانات فقط هي:,
Select a valid Subject field for creating documents from Email,حدد حقل موضوع صالحًا لإنشاء المستندات من البريد الإلكتروني,
"Subject Field type should be Data, Text, Long Text, Small Text, Text Editor",يجب أن يكون نوع حقل الموضوع بيانات ، نص ، نص طويل ، نص صغير ، محرر نص,
Select a valid Sender Field for creating documents from Email,حدد حقل مرسل صالحًا لإنشاء المستندات من البريد الإلكتروني,
Sender Field should have Email in options,يجب أن يحتوي حقل المرسل على البريد الإلكتروني في الخيارات,
Password changed successfully.,تم تغيير الرقم السري بنجاح.,
Failed to change password.,فشل تغيير كلمة المرور.,
No Entry for the User {0} found within LDAP!,لم يتم العثور على إدخال للمستخدم {0} في LDAP!,
No LDAP User found for email: {0},لم يتم العثور على مستخدم LDAP للبريد الإلكتروني: {0},
Prepared Report User,إعداد تقرير المستخدم,
Scheduler Event,حدث المجدول,
Select Event Type,حدد نوع الحدث,
Schedule Script,جدولة البرنامج النصي,
Duration,المدة الزمنية,
Donut,الدونات,
Custom Options,خيارات مخصصة,
"Ex: ""colors"": [""#d1d8dd"", ""#ff5858""]",مثال: &quot;الألوان&quot;: [&quot;# d1d8dd&quot;، &quot;# ff5858&quot;],
Confirmation Email Template,نموذج البريد الإلكتروني للتأكيد,
Welcome Email Template,ترحيب قالب البريد الإلكتروني,
Schedule Send,جدولة الإرسال,
Do you really want to send this email newsletter?,هل تريد حقًا إرسال هذه النشرة الإخبارية عبر البريد الإلكتروني؟,
Advanced Settings,إعدادات متقدمة,
Disable Comments,تعطيل التعليقات,
Comments on this blog post will be disabled if checked.,سيتم تعطيل التعليقات على منشور المدونة هذا إذا تم تحديدها.,
CSS Class,فئة CSS,
Full Width,العرض الكامل,
Page Builder,منشئ الصفحة,
Page Building Blocks,كتل إنشاء الصفحة,
Header and Breadcrumbs,رأس وفتات الخبز,
Add Custom Tags,إضافة علامات مخصصة,
Web Page Block,كتلة صفحة الويب,
Web Template,قالب الويب,
Edit Values,تحرير القيم,
Web Template Values,قيم قالب الويب,
Add Container,أضف الحاوية,
Web Page View,عرض صفحة الويب,
Path,مسار,
Referrer,المرجع,
Browser,المستعرض,
Browser Version,إصدار المستعرض,
Web Template Field,حقل قالب الويب,
Section,الجزء,
Hide,إخفاء,
Enable In App Website Tracking,تمكين تتبع موقع التطبيق,
Enable Google Indexing,تمكين فهرسة Google,
"To use Google Indexing, enable <a href=""#Form/Google Settings"">Google Settings</a>.","لاستخدام فهرسة Google ، قم بتمكين <a href=""#Form/Google Settings"">إعدادات Google</a> .",
Authorize API Indexing  Access,تخويل الوصول إلى فهرسة API,
Indexing Refresh Token,رمز تحديث الفهرسة,
Indexing Authorization Code,رمز ترخيص الفهرسة,
Theme Configuration,تكوين الموضوع,
Font Properties,خصائص الخط,
Button Rounded Corners,زوايا دائرية بأزرار,
Button Shadows,زر الظلال,
Button Gradients,تدرجات الزر,
Light Color,لون فاتح,
Stylesheet,ورقة الأنماط,
Custom SCSS,SCSS مخصص,
Navbar,نافبار,
Source Message,رسالة المصدر,
Translated Message,رسالة مترجمة,
Verified By,التحقق من,
Using this console may allow attackers to impersonate you and steal your information. Do not enter or paste code that you do not understand.,قد يسمح استخدام وحدة التحكم هذه للمهاجمين بانتحال هويتك وسرقة معلوماتك. لا تدخل أو تلصق رمزًا لا تفهمه.,
{0} m,{0} م,
{0} h,{0} ح,
{0} d,{0} د,
{0} w,{0} ث,
{0} M,{0} م,
{0} y,{0} ص,
yesterday,في الامس,
{0} years ago,قبل {0} سنة,
New Chart,مخطط جديد,
New Shortcut,اختصار جديد,
Edit Chart,تحرير المخطط,
Edit Shortcut,تحرير الاختصار,
Couldn't Load Desk,تعذر تحميل المكتب,
"Something went wrong while loading Desk. <b>Please relaod the page</b>. If the problem persists, contact the Administrator",حدث خطأ ما أثناء تحميل Desk. <b>الرجاء إعادة الصفحة</b> . إذا استمرت المشكلة ، فاتصل بالمسؤول,
Customize Workspace,تخصيص مساحة العمل,
Customizations Saved Successfully,تم حفظ التخصيصات بنجاح,
Something went wrong while saving customizations,حدث خطأ ما أثناء حفظ التخصيصات,
{} Dashboard,{} لوحة القيادة,
No changes in document,لا توجد تغييرات في المستند,
by Role,حسب الدور,
Document is only editable by users with role,المستند قابل للتحرير فقط من قبل المستخدمين ذوي الدور,
{0}: Other permission rules may also apply,{0}: قد تنطبق قواعد أذونات أخرى أيضًا,
{0} Page Views,{0} مشاهدات الصفحة,
Expand,وسعت,
Collapse,انهيار,
"Invalid Bearer token, please provide a valid access token with prefix 'Bearer'.",رمز الحامل غير صالح ، يرجى تقديم رمز وصول صالح مع البادئة &quot;Bearer&quot;.,
"Failed to decode token, please provide a valid base64-encoded token.",فشل فك الرمز المميز ، يرجى تقديم رمز مميز صالح بترميز base64.,
"Invalid token, please provide a valid token with prefix 'Basic' or 'Token'.",رمز غير صالح ، يرجى تقديم رمز صالح مع البادئة &quot;أساسي&quot; أو &quot;رمز مميز&quot;.,
{0} is not a valid Name,{0} ليس اسمًا صالحًا,
Your system is being updated. Please refresh again after a few moments.,يتم تحديث نظامك. يرجى التحديث مرة أخرى بعد لحظات قليلة.,
{0} {1}: Submitted Record cannot be deleted. You must {2} Cancel {3} it first.,{0} {1}: لا يمكن حذف السجل المقدم. يجب عليك {2} إلغاء {3} أولاً.,
Invalid naming series (. missing) for {0},سلسلة تسمية غير صالحة (. مفقود) لـ {0},
Error has occurred in {0},حدث خطأ في {0},
Status Updated,تم تحديث الحالة,
You can also copy-paste this {0} to your browser,يمكنك أيضًا نسخ {0} هذا ولصقه في متصفحك,
Enabled scheduled execution for script {0},تمكين التنفيذ المجدول للنص {0},
Scheduled execution for script {0} has updated,تم تحديث التنفيذ المجدول للنص {0},
The Link specified has either been used before or Invalid,تم استخدام الارتباط المحدد من قبل أو غير صالح,
Options for {0} must be set before setting the default value.,يجب تعيين خيارات {0} قبل تعيين القيمة الافتراضية.,
Default value for {0} must be in the list of options.,يجب أن تكون القيمة الافتراضية لـ {0} في قائمة الخيارات.,
Google Indexing has been configured.,تم تكوين فهرسة Google.,
Allow API Indexing Access,السماح بالوصول إلى فهرسة API,
Allow Google Indexing Access,السماح بالوصول إلى فهرسة Google,
Custom Documents,المستندات المخصصة,
Could not save customization,تعذر حفظ التخصيص,
Transgender,المتحولين جنسيا,
Genderqueer,الجنس,
Non-Conforming,عدم المطابقة,
Prefer not to say,افضل عدم القول,
Is Billing Contact,هو جهة اتصال الفوترة,
Address And Contacts,العنوان وجهات الاتصال,
Lead Conversion Time,وقت تحويل الزبون المحتمل,
Due Date Based On,تاريخ الاستحقاق بناء على,
Phone Number,رقم الهاتف,
Linked Documents,المستندات المرتبطة,
Account SID,حساب SID,
Steps,خطوات,
email,البريد الإلكتروني,
Component,مكون,
Subtitle,عنوان فرعي,
Global Defaults,افتراضيات العالمية,
Prefix,بادئة,
Is Public,عام,
This chart will be available to all Users if this is set,سيكون هذا المخطط متاحًا لجميع المستخدمين إذا تم تعيين هذا,
Number Card,بطاقة رقم,
Function,وظيفة,
Minimum,الحد الأدنى,
Maximum,أقصى,
This card will be available to all Users if this is set,ستكون هذه البطاقة متاحة لجميع المستخدمين إذا تم تعيين ذلك,
Stats,احصائيات,
Show Percentage Stats,إظهار إحصائيات النسبة المئوية,
Stats Time Interval,الفاصل الزمني للإحصائيات,
Show percentage difference according to this time interval,إظهار فرق النسبة المئوية وفقًا لهذا الفاصل الزمني,
Filters Section,قسم المرشحات,
Number Card Link,رابط بطاقة الرقم,
Card,بطاقة,
API Access,الوصول إلى API,
Access Key Secret,الوصول إلى Key Secret,
S3 Bucket Details,تفاصيل دلو S3,
Bucket Name,اسم الجرافة,
Backup Details,تفاصيل النسخ الاحتياطي,
Backup Files,ملفات النسخ الاحتياطي,
Backup public and private files along with the database.,النسخ الاحتياطي للملفات العامة والخاصة مع قاعدة البيانات.,
Set to 0 for no limit on the number of backups taken,اضبط على 0 لعدم وجود حد لعدد النسخ الاحتياطية المأخوذة,
Meta Description,ميتا الوصف,
Meta Image,صورة ميتا,
Google Snippet Preview,معاينة Google Snippet,
This is an example Google SERP Preview.,هذا مثال على معاينة Google SERP.,
Add Gray Background,أضف خلفية رمادية,
Hide Block,إخفاء الحظر,
This Week,هذا الاسبوع,
This Month,هذا الشهر,
This Quarter,هذا الربع,
This Year,هذه السنة,
All Time,كل الوقت,
Select From Date,حدد من تاريخ,
since yesterday,منذ البارحة,
since last week,منذ الأسبوع الماضي,
since last month,منذ اخر شهر,
since last year,منذ السنة الماضية,
Your Shortcuts,اختصاراتك,
You haven't added any Dashboard Charts or Number Cards yet.,لم تقم بإضافة أي مخططات لوحة معلومات أو بطاقات أرقام حتى الآن.,
Click On Customize to add your first widget,انقر فوق تخصيص لإضافة عنصر واجهة المستخدم الأول الخاص بك,
Are you sure you want to reset all customizations?,هل أنت متأكد أنك تريد إعادة تعيين كافة التخصيصات؟,
"Couldn't save, please check the data you have entered",تعذر الحفظ ، يرجى التحقق من البيانات التي أدخلتها,
Validation Error,خطئ في التحقق,
"You can only upload JPG, PNG, PDF, or Microsoft documents.",يمكنك فقط تحميل مستندات JPG أو PNG أو PDF أو Microsoft.,
Reverting length to {0} for '{1}' in '{2}'. Setting the length as {3} will cause truncation of data.,إعادة الطول إلى {0} لـ &quot;{1}&quot; في &quot;{2}&quot;. تعيين الطول كـ {3} سيؤدي إلى اقتطاع البيانات.,
'{0}' not allowed for type {1} in row {2},&quot;{0}&quot; غير مسموح به للنوع {1} في الصف {2},
Option {0} for field {1} is not a child table,الخيار {0} للحقل {1} ليس جدولًا فرعيًا,
Invalid Option,خيار غير صالح,
Request Body consists of an invalid JSON structure,يتكون نص الطلب من بنية JSON غير صالحة,
GST State,دولة ضريبة السلع والخدمات,
Andaman and Nicobar Islands,جزر أندامان ونيكوبار,
Andhra Pradesh,ولاية اندرا براديش,
Arunachal Pradesh,اروناتشال براديش,
Assam,آسام,
Bihar,بيهار,
Chandigarh,شانديغار,
Chhattisgarh,تشهاتيسجاره,
Dadra and Nagar Haveli,دادرا وناغار هافيلي,
Daman and Diu,دامان وديو,
Delhi,دلهي,
Goa,غوا,
Gujarat,ولاية غوجارات,
Haryana,هاريانا,
Himachal Pradesh,هيماشال براديش,
Jammu and Kashmir,جامو وكشمير,
Jharkhand,جهارخاند,
Karnataka,كارناتاكا,
Kerala,ولاية كيرالا,
Lakshadweep Islands,جزر لاكشادويب,
Madhya Pradesh,ماديا براديش,
Maharashtra,ماهاراشترا,
Manipur,مانيبور,
Meghalaya,ميغالايا,
Mizoram,ميزورام,
Nagaland,ناجالاند,
Odisha,أوديشا,
Other Territory,إقليم آخر,
Pondicherry,بونديشيري,
Punjab,البنجاب,
Rajasthan,راجستان,
Sikkim,سيكيم,
Tamil Nadu,تاميل نادو,
Telangana,تيلانجانا,
Tripura,تريبورا,
Uttar Pradesh,ولاية أوتار براديش,
Uttarakhand,أوتارانتشال,
West Bengal,ولاية البنغال الغربية,
GST State Number,رقم حالة ضريبة السلع والخدمات,
Import from Google Sheets,استيراد من جداول بيانات Google,
Must be a publicly accessible Google Sheets URL,يجب أن يكون عنوان URL الخاص بجداول بيانات Google متاحًا للجميع,
Refresh Google Sheet,قم بتحديث ورقة Google,
Import File Errors and Warnings,استيراد ملف الأخطاء والتحذيرات,
"Successfully imported {0} records out of {1}. Click on Export Errored Rows, fix the errors and import again.",تم بنجاح استيراد {0} من السجلات من {1}. انقر فوق تصدير الصفوف ذات الأخطاء ، وأصلح الأخطاء واستورد مرة أخرى.,
"Successfully imported {0} record out of {1}. Click on Export Errored Rows, fix the errors and import again.",تم بنجاح استيراد سجل {0} من {1}. انقر فوق تصدير الصفوف ذات الأخطاء ، وأصلح الأخطاء واستورد مرة أخرى.,
"Successfully updated {0} records out of {1}. Click on Export Errored Rows, fix the errors and import again.",تم بنجاح تحديث {0} سجلات من {1}. انقر فوق تصدير الصفوف ذات الأخطاء ، وأصلح الأخطاء واستورد مرة أخرى.,
"Successfully updated {0} record out of {1}. Click on Export Errored Rows, fix the errors and import again.",تم بنجاح تحديث سجل {0} من {1}. انقر فوق تصدير الصفوف ذات الأخطاء ، وأصلح الأخطاء واستورد مرة أخرى.,
Data Import Legacy,تراث استيراد البيانات,
Documents restored successfully,تمت استعادة المستندات بنجاح,
Documents that were already restored,المستندات التي تمت استعادتها بالفعل,
Documents that failed to restore,المستندات التي فشلت في استعادتها,
Document Restoration Summary,ملخص استعادة المستند,
Hide Days,إخفاء الأيام,
Hide Seconds,إخفاء الثواني,
Hide Border,إخفاء الحدود,
Index Web Pages for Search,فهرس صفحات الويب للبحث,
Action / Route,العمل / الطريق,
Document Naming Rule,قاعدة تسمية الوثيقة,
Rule Conditions,شروط القاعدة,
Digits,أرقام,
Example: 00001,مثال: 00001,
Counter,عداد,
Document Naming Rule Condition,شرط قاعدة تسمية المستند,
Installed Application,التطبيق المثبت,
Application Name,اسم التطبيق,
Application Version,إصدار التطبيق,
Git Branch,فرع جيت,
Installed Applications,التطبيقات المثبتة,
Navbar Item,عنصر Navbar,
Item Label,تسمية العنصر,
Item Type,نوع العنصر,
Separator,فاصل,
Navbar Settings,إعدادات Navbar,
Application Logo,شعار التطبيق,
Logo Width,عرض الشعار,
Dropdowns,هبوط قطرة,
Settings Dropdown,قائمة الإعدادات المنسدلة,
Help Dropdown,قائمة المساعدة المنسدلة,
Query / Script,استعلام / برنامج نصي,
"Filters will be accessible via <code>filters</code>. <br><br>Send output as <code>result = [result]</code>, or for old style <code>data = [columns], [result]</code>","يمكن الوصول إلى <code>filters</code> عبر <code>filters</code> .<br><br> إرسال الإخراج <code>result = [result]</code> ، أو <code>data = [columns], [result]</code> النمط القديم <code>data = [columns], [result]</code>",
Client Code,رمز العميل,
Report Column,عمود التقرير,
Report Filter,عامل تصفية التقرير,
Wildcard Filter,مرشح البدل,
"Will add ""%"" before and after the query",ستضيف &quot;٪&quot; قبل وبعد الاستعلام,
"Route: Example ""/desk""",المسار: مثال &quot;/ مكتب&quot;,
Enable Onboarding,تمكين Onboarding,
Password Reset Link Generation Limit,حد إنشاء ارتباط إعادة تعيين كلمة المرور,
Hourly rate limit for generating password reset links,حد المعدل بالساعة لإنشاء روابط إعادة تعيين كلمة المرور,
Send document Web View link in email,إرسال ارتباط عرض الويب للمستند بالبريد الإلكتروني,
Enable Auto-deletion of Prepared Reports,تمكين الحذف التلقائي للتقارير المعدة,
Prepared Report Expiry Period (Days),فترة انتهاء صلاحية التقرير المُعد (أيام),
System will automatically delete Prepared Reports after these many days since creation,سيقوم النظام تلقائيًا بحذف التقارير المعدة بعد هذه الأيام العديدة منذ الإنشاء,
Package Document Type,نوع وثيقة الحزمة,
Include Attachments,قم بتضمين المرفقات,
Overwrite,الكتابة فوق,
Package Publish Target,هدف نشر الحزمة,
Site URL,URL الموقع,
Package Publish Tool,أداة نشر الحزمة,
Click on the row for accessing filters.,انقر فوق الصف للوصول إلى المرشحات.,
Sites,المواقع,
Last Deployed On,آخر نشر في,
Console Log,سجل وحدة التحكم,
"Set Default Options for all charts on this Dashboard (Ex: ""colors"": [""#d1d8dd"", ""#ff5858""])",تعيين الخيارات الافتراضية لجميع الرسوم البيانية في لوحة المعلومات هذه (على سبيل المثال: &quot;الألوان&quot;: [&quot;# d1d8dd&quot;، &quot;# ff5858&quot;]),
Use Report Chart,استخدم مخطط التقرير,
Heatmap,خريطة الحرارة,
Dynamic Filters,مرشحات ديناميكية,
Dynamic Filters JSON,المرشحات الديناميكية JSON,
Set Dynamic Filters,تعيين عوامل التصفية الديناميكية,
Click to Set Dynamic Filters,انقر لتعيين عوامل تصفية ديناميكية,
Hide Custom DocTypes and Reports,إخفاء أنواع المستندات والتقارير المخصصة,
Checking this will hide custom doctypes and reports cards in Links section,سيؤدي تحديد هذا إلى إخفاء نماذج المستندات المخصصة وبطاقات التقارير في قسم الروابط,
DocType View,طريقة عرض DocType,
Which view of the associated DocType should this shortcut take you to?,ما هي طريقة عرض DocType المرتبطة التي يجب أن يأخذك إليها هذا الاختصار؟,
List View Settings,إعدادات عرض القائمة,
Maximum Number of Fields,أقصى عدد من الحقول,
Module Onboarding,وحدة Onboarding,
System managers are allowed by default,يسمح لمديري النظام بشكل افتراضي,
Documentation URL,URL التوثيق,
Is Complete,كاملة,
Alert,إنذار,
Document Link,رابط المستند,
Attached File,ملف مرفق,
Attachment Link,رابط المرفقات,
Open Reference Document,افتح مستند مرجعي,
Custom Configuration,التكوين المخصص,
Filters Configuration,تكوين المرشحات,
Dynamic Filters Section,قسم المرشحات الديناميكية,
Please create Card first,الرجاء إنشاء البطاقة أولاً,
Onboarding Permission,إذن على متن الطائرة,
Onboarding Step,خطوة Onboarding,
Is Mandatory,إلزامي,
Is Skipped,تم تخطي,
Create Entry,إنشاء الدخول,
Update Settings,إعدادات التحديث,
Show Form Tour,إظهار جولة في النموذج,
View Report,عرض التقرير,
Go to Page,انتقل إلى صفحة,
Watch Video,شاهد الفيديو,
Show Full Form?,إظهار الشكل الكامل؟,
Show full form instead of a quick entry modal,إظهار شكل كامل بدلاً من إدخال سريع مشروط,
Report Reference Doctype,تقرير مرجع Doctype,
Report Description,وصف تقرير,
This will be shown to the user in a dialog after routing to the report,سيظهر هذا للمستخدم في مربع حوار بعد التوجيه إلى التقرير,
Example: #Tree/Account,مثال: # شجرة / حساب,
Callback Title,عنوان رد الاتصال,
Callback Message,رسالة رد,
This will be shown in a modal after routing,سيظهر هذا في شكل مشروط بعد التوجيه,
Validate Field,تحقق من صحة الحقل,
Value to Validate,قيمة للتحقق من صحتها,
Use % for any non empty value.,استخدم٪ لأي قيمة غير فارغة.,
Video URL,رابط الفيديو,
Onboarding Step Map,خريطة خطوة Onboarding,
Step,خطوة,
System Console,وحدة تحكم النظام,
Console,وحدة التحكم,
To print output use <code>log(text)</code>,لطباعة الإخراج ، استخدم <code>log(text)</code>,
Commit,ارتكب,
Execute Console script,تنفيذ البرنامج النصي لوحدة التحكم,
Execute,نفذ - اعدم,
Create Contacts from Incoming Emails,إنشاء جهات اتصال من رسائل البريد الإلكتروني الواردة,
Inbox User,مسؤل علبة الوارد,
Disabled Auto Reply,الرد التلقائي معطل,
Schedule Sending,جدولة الإرسال,
Message (Markdown),الرسالة (Markdown),
Message (HTML),الرسالة (HTML),
Send Attachments,إرسال المرفقات,
Testing,اختبارات,
System Notification,إعلام النظام,
WhatsApp,ال WhatsApp,
Twilio Number,رقم تويليو,
"To use WhatsApp for Business, initialize <a href=""#Form/Twilio Settings"">Twilio Settings</a>.","لاستخدام WhatsApp for Business ، قم بتهيئة <a href=""#Form/Twilio Settings"">Twilio Settings</a> .",
"To use Slack Channel, add a <a href=""#List/Slack%20Webhook%20URL/List"">Slack Webhook URL</a>.","لاستخدام قناة Slack ، أضف <a href=""#List/Slack%20Webhook%20URL/List"">عنوان URL لـ Slack Webhook</a> .",
Send System Notification,إرسال إشعار النظام,
"If enabled, the notification will show up in the notifications dropdown on the top right corner of the navigation bar.",في حالة التمكين ، سيظهر الإشعار في القائمة المنسدلة للإشعارات أعلى الزاوية اليمنى من شريط التنقل.,
Send To All Assignees,أرسل إلى جميع المعينين,
Receiver By Document Field,المتلقي حسب حقل المستند,
Receiver By Role,المتلقي حسب الدور,
Child Table,طاولة فرعية,
Remote Value Filters,مرشحات القيمة البعيدة,
API Key of the user(Event Subscriber) on the producer site,مفتاح API الخاص بالمستخدم (المشترك في الحدث) على موقع المنتج,
API Secret of the user(Event Subscriber) on the producer site,سر واجهة برمجة التطبيقات للمستخدم (المشترك في الحدث) على موقع المنتج,
Paytm Settings,إعدادات Paytm,
Merchant Key,مفتاح التاجر,
Staging,انطلاق,
Industry Type ID,معرف نوع الصناعة,
See https://docs.aws.amazon.com/general/latest/gr/s3.html for details.,راجع https://docs.aws.amazon.com/general/latest/gr/s3.html للحصول على التفاصيل.,
af-south-1,af-south-1,
ap-east-1,ap-east-1,
eu-south-1,الاتحاد الأوروبي الجنوبي -1,
me-south-1,لي الجنوب 1,
Twilio Number Group,مجموعة Twilio Number Group,
Twilio Settings,إعدادات Twilio,
Auth Token,رمز المصادقة,
Read Time,وقت القراءة,
in minutes,في دقائق,
Featured,متميز,
Hide CTA,إخفاء CTA,
"Description for listing page, in plain text, only a couple of lines. (max 200 characters)",وصف لصفحة القائمة ، بنص عادي ، سطرين فقط. (بحد أقصى 200 حرف),
Meta Title,عنوان الفوقية,
Enable Social Sharing,تمكين المشاركة الاجتماعية,
Show CTA in Blog,إظهار CTA في المدونة,
CTA,CTA,
CTA Label,تسمية CTA,
CTA URL,CTA URL,
Default Portal Home,الصفحة الرئيسية للمدخل الافتراضي,
"Example: ""/desk""",مثال: &quot;/ desk&quot;,
Social Link Settings,إعدادات الارتباط الاجتماعي,
Social Link Type,نوع الارتباط الاجتماعي,
facebook,موقع التواصل الاجتماعي الفيسبوك,
linkedin,ينكدين,
twitter,تويتر,
"If Icon is set, it will be shown instead of Label",إذا تم تعيين الرمز ، فسيتم عرضه بدلاً من التصنيف,
Apply Document Permissions,تطبيق أذونات المستند,
"For help see <a href=""https://frappeframework.com/docs/user/en/guides/portal-development/web-forms"" target=""_blank"">Client Script API and Examples</a>","للحصول على المساعدة ، راجع <a href=""https://frappeframework.com/docs/user/en/guides/portal-development/web-forms"" target=""_blank"">أمثلة و API Script</a>",
Dynamic Route,الطريق الديناميكي,
Map route parameters into form variables. Example <code>/project/&lt;name&gt;</code>,تعيين معلمات الطريق في متغيرات النموذج. مثال <code>/project/&lt;name&gt;</code>,
Context Script,سيناريو السياق,
"<p>Set context before rendering a template. Example:</p><p>\n</p><div><pre><code>\ncontext.project = frappe.get_doc(""Project"", frappe.form_dict.name)\n</code></pre></div>","<p style="""">قم بتعيين السياق قبل تقديم قالب. مثال:</p><p style=""""></p><div style=""""><pre style=""""> <code>context.project = frappe.get_doc(&quot;Project&quot;, frappe.form_dict.name)</code></pre></div>",
Title of the page,عنوان الصفحة,
This title will be used as the title of the webpage as well as in meta tags,سيتم استخدام هذا العنوان كعنوان لصفحة الويب وكذلك في العلامات الوصفية,
Makes the page public,يجعل الصفحة عامة,
Checking this will publish the page on your website and it'll be visible to everyone.,سيؤدي التحقق من ذلك إلى نشر الصفحة على موقع الويب الخاص بك وستكون مرئية للجميع.,
URL of the page,عنوان URL للصفحة,
"This will be automatically generated when you publish the page, you can also enter a route yourself if you wish",سيتم إنشاء هذا تلقائيًا عند نشر الصفحة ، ويمكنك أيضًا إدخال مسار بنفسك إذا كنت ترغب في ذلك,
Content type for building the page,نوع المحتوى لبناء الصفحة,
"You can select one from the following,",يمكنك اختيار واحد مما يلي ،,
Standard rich text editor with controls,محرر نص منسق قياسي مع عناصر تحكم,
Github flavoured markdown syntax,أسلوب تخفيض سعر جيثب بنكهة,
HTML with jinja support,HTML مع دعم jinja,
Frappe page builder using components,Frappe Page Builder باستخدام المكونات,
Checking this will show a text area where you can write custom javascript that will run on this page.,سيؤدي التحقق من هذا إلى إظهار منطقة نصية حيث يمكنك كتابة جافا سكريبت مخصص سيتم تشغيله على هذه الصفحة.,
Meta title for SEO,عنوان Meta لـ SEO,
"By default the title is used as meta title, adding a value here will override it.",بشكل افتراضي ، يتم استخدام العنوان كعنوان تعريف ، وستؤدي إضافة قيمة هنا إلى تجاوزه.,
"The meta description is an HTML attribute that provides a brief summary of a web page. Search engines such as Google often display the meta description in search results, which can influence click-through rates.",وصف التعريف هو سمة HTML توفر ملخصًا موجزًا لصفحة الويب. غالبًا ما تعرض محركات البحث مثل Google الوصف التعريفي في نتائج البحث ، مما قد يؤثر على معدلات النقر.,
"The meta image is unique image representing the content of the page. Images for this Card should be at least 280px in width, and at least 150px in height.",الصورة الوصفية هي صورة فريدة تمثل محتوى الصفحة. يجب ألا يقل عرض صور هذه البطاقة عن 280 بكسل ، وأن لا يقل ارتفاعها عن 150 بكسل.,
Add Space on Top,أضف مساحة في الأعلى,
Add Space on Bottom,أضف مساحة في الأسفل,
Is Unique,فريد من نوعة,
User Agent,وكيل المستخدم,
Table Break,فاصل الجدول,
Hide Login,إخفاء تسجيل الدخول,
Navbar Template,قالب نافبار,
Navbar Template Values,قيم قالب نافبار,
Call To Action,دعوة للعمل,
Call To Action URL,عنوان URL للدعوة إلى العمل,
Footer Logo,تذييل الشعار,
Footer Template,قالب التذييل,
Footer Template Values,قيم قالب التذييل,
Enable Tracking Page Views,تمكين تتبع مشاهدات الصفحة,
"Checking this will enable tracking page views for blogs, web pages, etc.",سيؤدي التحقق من ذلك إلى تمكين تتبع مشاهدات الصفحة للمدونات وصفحات الويب وما إلى ذلك.,
Disable Signup for your site,تعطيل الاشتراك في موقعك,
Check this if you don't want users to sign up for an account on your site. Users won't get desk access unless you explicitly provide it.,تحقق من هذا إذا كنت لا تريد أن يقوم المستخدمون بالتسجيل للحصول على حساب على موقعك. لن يتمكن المستخدمون من الوصول إلى المكتب ما لم تقدمه صراحةً.,
URL to go to on clicking the slideshow image,عنوان URL للانتقال إليه عند النقر فوق صورة عرض الشرائح,
Custom Overrides,تجاوزات مخصصة,
Ignored Apps,التطبيقات التي تم تجاهلها,
Include Theme from Apps,تضمين سمة من التطبيقات,
Website Theme Ignore App,موضوع تجاهل التطبيق,
Are you sure you want to save this document?,هل أنت متأكد أنك تريد حفظ هذا المستند؟,
Refresh All,تحديث كافة,
"Level 0 is for document level permissions, higher levels for field level permissions.",المستوى 0 مخصص لأذونات مستوى المستند ، ومستويات أعلى للأذونات على مستوى الحقل.,
Website Analytics,تحليلات الموقع,
d,د,Days (Field: Duration)
h,ح,Hours (Field: Duration)
m,م,Minutes (Field: Duration)
s,س,Seconds (Field: Duration)
Less,أقل,
Not a valid DocType view:,طريقة عرض DocType غير صالحة:,
Unknown View,عرض غير معروف,
Go Back,عد,
Let's take you back to onboarding,دعنا نعيدك إلى الإعداد,
Great Job,عمل عظيم,
Looks Great,تبدو رائعة,
Looks like you didn't change the value,يبدو أنك لم تغير القيمة,
Oops,وجه الفتاة,
Skip Step,تخطي الخطوة,
"You're doing great, let's take you back to the onboarding page.",أنت تقوم بعمل رائع ، دعنا نعيدك إلى صفحة الإعداد.,
Good Work 🎉,عمل جيد 🎉,
Submit this document to complete this step.,أرسل هذا المستند لإكمال هذه الخطوة.,
Great,عظيم,
You may continue with onboarding,يمكنك الاستمرار في الإعداد,
You seem good to go!,يبدو أنك على ما يرام!,
Onboarding Complete,اكتمل الإعداد,
{0} Settings,{0} الإعدادات,
{0} Fields,{0} الحقول,
Reset Fields,تصفير البيانات في الحقول,
Select Fields,حدد الحقول,
Warning: Unable to find {0} in any table related to {1},تحذير: تعذر العثور على {0} في أي جدول متعلق بـ {1},
Tree view is not available for {0},عرض الشجرة غير متاح لـ {0},
Create Card,إنشاء بطاقة,
Card Label,ملصق البطاقة,
Reports already in Queue,التقارير موجودة بالفعل في قائمة الانتظار,
Proceed Anyway,المتابعة على أية حال,
Delete and Generate New,حذف وإنشاء جديد,
1 Report,1 تقرير,
{0} ({1}) (1 row mandatory),{0} ({1}) (صف واحد إلزامي),
Select Fields To Insert,حدد الحقول المطلوب إدراجها,
Select Fields To Update,حدد الحقول المراد تحديثها,
"This document is already amended, you cannot ammend it again",تم تعديل هذا المستند بالفعل ، ولا يمكنك تعديله مرة أخرى,
Add to ToDo,أضف إلى ToDo,
{0} is currently {1},{0} حاليًا {1},
{0} are currently {1},{0} حاليًا {1},
Currently Replying,الرد حاليا,
created {0},تم إنشاء {0},
Make a call,إجراء مكالمة,
Change,يتغيرون,Coins
Too Many Requests,طلبات كثيرة جدا,
"Invalid Authorization headers, add a token with a prefix from one of the following: {0}.",رؤوس المصادقة غير صالحة ، أضف رمزًا مميزًا ببادئة من أحد الخيارات التالية: {0}.,
"Invalid Authorization Type {0}, must be one of {1}.",نوع التفويض غير صالح {0} ، يجب أن يكون واحدًا من {1}.,
{} is not a valid date string.,{} ليست سلسلة تاريخ صالحة.,
Invalid Date,تاريخ غير صالح,
Please select a valid date filter,الرجاء تحديد مرشح تاريخ صالح,
Value {0} must be in the valid duration format: d h m s,يجب أن تكون القيمة {0} بتنسيق المدة الصالح: dhms,
Google Sheets URL is invalid or not publicly accessible.,عنوان URL الخاص بجداول بيانات Google غير صالح أو لا يمكن الوصول إليه بشكل عام.,
"Google Sheets URL must end with ""gid={number}"". Copy and paste the URL from the browser address bar and try again.",يجب أن ينتهي عنوان URL الخاص بجداول بيانات Google بـ &quot;gid = {number}&quot;. انسخ والصق عنوان URL من شريط عنوان المتصفح وحاول مرة أخرى.,
Incorrect URL,URL غير صحيح,
"""{0}"" is not a valid Google Sheets URL",&quot;{0}&quot; ليس عنوان URL صالحًا لجداول بيانات Google,
Duplicate Name,اسم مكرر,
"Please check the value of ""Fetch From"" set for field {0}",يرجى التحقق من قيمة مجموعة &quot;الجلب من&quot; للحقل {0},
Wrong Fetch From value,إحضار خاطئ من القيمة,
A field with the name '{}' already exists in doctype {}.,يوجد حقل بالاسم &quot;{}&quot; بالفعل في DOCTYPE {}.,
Custom Field {0} is created by the Administrator and can only be deleted through the Administrator account.,يتم إنشاء الحقل المخصص {0} بواسطة المسؤول ولا يمكن حذفه إلا من خلال حساب المسؤول.,
Failed to send {0} Auto Email Report,فشل إرسال تقرير البريد الإلكتروني التلقائي {0},
Test email sent to {0},تم إرسال بريد إلكتروني تجريبي إلى {0},
Email queued to {0} recipients,تم وضع البريد الإلكتروني في قائمة الانتظار لـ {0} من المستلمين,
Newsletter should have at least one recipient,يجب أن تحتوي الرسالة الإخبارية على مستلم واحد على الأقل,
Please enable Twilio settings to send WhatsApp messages,يرجى تمكين إعدادات Twilio لإرسال رسائل WhatsApp,
"Not allowed to attach {0} document, please enable Allow Print For {0} in Print Settings",غير مسموح بإرفاق مستند {0} ، يرجى تمكين السماح بالطباعة لـ {0} في إعدادات الطباعة,
Signup Disabled,تم تعطيل التسجيل,
Signups have been disabled for this website.,تم تعطيل الاشتراكات لهذا الموقع.,
Open Document,افتح المستند,
The comment cannot be empty,لا يمكن أن يكون التعليق فارغًا,
Hourly comment limit reached for: {0},تم بلوغ حد التعليق بالساعة لـ: {0},
Please add a valid comment.,الرجاء إضافة تعليق صالح.,
Document {0} Already Restored,تمت استعادة المستند {0} بالفعل,
Restoring Deleted Document,استعادة المستند المحذوف,
{function} of {fieldlabel},{function} من {fieldlabel},
Invalid template file for import,ملف نموذج غير صالح للاستيراد,
Invalid or corrupted content for import,محتوى غير صالح أو تالف للاستيراد,
Value {0} must in {1} format,يجب أن تكون القيمة {0} بتنسيق {1},
{0} is a mandatory field asdadsf,{0} هو حقل إلزامي asdadsf,
Could not map column {0} to field {1},تعذر تعيين العمود {0} للحقل {1},
Skipping Duplicate Column {0},تخطي عمود مكرر {0},
The column {0} has {1} different date formats. Automatically setting {2} as the default format as it is the most common. Please change other values in this column to this format.,العمود {0} له {1} تنسيقات تاريخ مختلفة. تعيين {2} تلقائيًا كتنسيق افتراضي لأنه الأكثر شيوعًا. يرجى تغيير القيم الأخرى في هذا العمود إلى هذا التنسيق.,
You have reached the hourly limit for generating password reset links. Please try again later.,لقد وصلت إلى الحد الأقصى المحدد بالساعة لإنشاء روابط إعادة تعيين كلمة المرور. الرجاء معاودة المحاولة في وقت لاحق.,
Please hide the standard navbar items instead of deleting them,الرجاء إخفاء عناصر شريط التنقل القياسية بدلاً من حذفها,
DocType's name should not start or end with whitespace,يجب ألا يبدأ اسم DocType أو ينتهي بمسافة,
File name cannot have {0},لا يمكن أن يحتوي اسم الملف على {0},
{0} is not a valid file url,{0} ليس عنوان url صالحًا للملف,
Error Attaching File,خطأ في إرفاق الملف,
Please generate keys for the Event Subscriber User {0} first.,الرجاء إنشاء مفاتيح للمستخدم المشترك في الحدث {0} أولاً.,
Please set API Key and Secret on the producer and consumer sites first.,يُرجى تعيين مفتاح وسر واجهة برمجة التطبيقات على مواقع المنتج والمستهلك أولاً.,
User {0} not found on the producer site,المستخدم {0} غير موجود في موقع المنتج,
Event Subscriber has to be a System Manager.,يجب أن يكون المشترك في الحدث مدير نظام.,
Row #{0}: Invalid Local Fieldname,الصف # {0}: اسم حقل محلي غير صالح,
Row #{0}: Please set Mapping or Default Value for the field {1} since its a dependency field,الصف # {0}: الرجاء تعيين &quot;تعيين&quot; أو &quot;القيمة الافتراضية&quot; للحقل {1} نظرًا لأنه حقل تبعية,
Row #{0}: Please set remote value filters for the field {1} to fetch the unique remote dependency document,الصف رقم {0}: الرجاء تعيين عوامل تصفية القيمة البعيدة للحقل {1} لجلب مستند التبعية الفريد عن بُعد,
Paytm payment gateway settings,إعدادات بوابة الدفع Paytm,
"Company, Fiscal Year and Currency defaults",التخلف عن السداد للشركة والسنة المالية والعملات,
Razorpay Signature Verification Failed,فشل التحقق من توقيع Razorpay,
Google Drive - Could not locate - {0},Google Drive - تعذر تحديد الموقع - {0},
"Sync token was invalid and has been resetted, Retry syncing.",كان رمز المزامنة المميز غير صالح وتم إعادة ضبطه ، أعد محاولة المزامنة.,
Please select another payment method. Paytm does not support transactions in currency '{0}',الرجاء تحديد طريقة دفع أخرى. لا يدعم Paytm المعاملات بالعملة &quot;{0}&quot;,
Invalid Account SID or Auth Token.,SID الحساب أو رمز المصادقة غير صالح.,
Please enable twilio settings before sending WhatsApp messages,يرجى تمكين إعدادات twilio قبل إرسال رسائل WhatsApp,
Delivery Failed,فشل التسليم,
Twilio WhatsApp Message Error,خطأ رسالة Twilio WhatsApp,
A featured post must have a cover image,يجب أن تحتوي الوظيفة المميزة على صورة غلاف,
Load More,تحميل المزيد,
Published on,نشرت في,
Enable developer mode to create a standard Web Template,قم بتمكين وضع المطور لإنشاء قالب ويب قياسي,
Was this article helpful?,هل كان المقال مساعدا؟!,
Thank you for your feedback!,شكرا لك على ملاحظاتك!,
New Mention on {0},إشارة جديدة في {0},
Assignment Update on {0},تحديث الواجب بتاريخ {0},
New Document Shared {0},مستند جديد مشترك {0},
Energy Point Update on {0},تحديث Energy Point على {0},
You cannot create a dashboard chart from single DocTypes,لا يمكنك إنشاء مخطط لوحة معلومات من أنواع DocTypes الفردية,
Invalid json added in the custom options: {0},تمت إضافة json غير صالح في الخيارات المخصصة: {0},
Invalid JSON in card links for {0},JSON غير صالح في روابط البطاقة لـ {0},
Standard Not Set,المعيار غير محدد,
Please set the following documents in this Dashboard as standard first.,يرجى تعيين المستندات التالية في لوحة المعلومات هذه كمعيار أولاً.,
Shared with the following Users with Read access:{0},مشترك مع المستخدمين التاليين الذين لهم حق الوصول للقراءة: {0},
Already in the following Users ToDo list:{0},بالفعل في قائمة &quot;المهام للمستخدمين&quot; التالية: {0},
Your assignment on {0} {1} has been removed by {2},تمت إزالة واجبك في {0} {1} بواسطة {2},
Invalid Credentials,بيانات الاعتماد غير صالحة,
Print UOM after Quantity,اطبع UOM بعد الكمية,
Uncaught Server Exception,استثناء خادم لم يتم اكتشافه,
There was an error building this page,كان هناك خطأ في بناء هذه الصفحة,
Hide Traceback,إخفاء Traceback,
Value from this field will be set as the due date in the ToDo,سيتم تعيين القيمة من هذا الحقل كتاريخ الاستحقاق في ToDo,
New module created {0},تم إنشاء وحدة جديدة {0},
"Report has no numeric fields, please change the Report Name",لا يحتوي التقرير على حقول رقمية ، يُرجى تغيير اسم التقرير,
There are documents which have workflow states that do not exist in this Workflow. It is recommended that you add these states to the Workflow and change their states before removing these states.,هناك مستندات بها حالات سير عمل غير موجودة في سير العمل هذا. يوصى بإضافة هذه الحالات إلى سير العمل وتغيير حالاتها قبل إزالة هذه الحالات.,
Worflow States Don't Exist,حالات Worflow لا وجود لها,
Save Anyway,حفظ على أي حال,
Energy Points:,نقاط الطاقة:,
Review Points:,نقاط المراجعة:,
Rank:,مرتبة:,
Monthly Rank:,الترتيب الشهري:,
Invalid expression set in filter {0} ({1}),تم تعيين تعبير غير صالح في عامل التصفية {0} ({1}),
Invalid expression set in filter {0},تم تعيين تعبير غير صالح في عامل التصفية {0},
{0} {1} added to Dashboard {2},تمت إضافة {0} {1} إلى لوحة التحكم {2},
Set Filters for {0},تعيين عوامل التصفية لـ {0},
Not permitted to view {0},غير مسموح بمشاهدة {0},
Camera,الة تصوير,
Invalid filter: {0},مرشح غير صالح: {0},
Let's Get Started,هيا بنا نبدأ,
Reports & Masters,التقارير والواجهات,
New {0} {1} added to Dashboard {2},تمت إضافة {0} {1} جديد إلى لوحة التحكم {2},
New {0} {1} created,تم إنشاء {0} {1} جديد,
New {0} Created,جديد {0} تم إنشاؤه,
"Invalid ""depends_on"" expression set in filter {0}",تم تعيين تعبير &quot;يعتمد على&quot; غير صالح في عامل التصفية {0},
{0} Reports,{0} التقارير,
There is {0} with the same filters already in the queue:,يوجد {0} بالفلاتر نفسها في قائمة الانتظار بالفعل:,
There are {0} with the same filters already in the queue:,يوجد {0} بالفلاتر نفسها في قائمة الانتظار بالفعل:,
Are you sure you want to generate a new report?,هل أنت متأكد أنك تريد إنشاء تقرير جديد؟,
{0}: {1} vs {2},{0}: {1} ضد {2},
Add a {0} Chart,أضف مخطط {0},
Currently you have {0} review points,حاليًا لديك {0} من نقاط المراجعة,
{0} is not a valid DocType for Dynamic Link,{0} ليس نوع DocType صالحًا للارتباط الديناميكي,
via Assignment Rule,عبر قاعدة التنازل,
Based on Field,على أساس الميدان,
Assign to the user set in this field,تعيين المستخدم في هذا المجال,
Log Setting User,مستخدم إعداد السجل,
Log Settings,إعدادات السجل,
Error Log Notification,إعلام سجل الخطأ,
Users To Notify,يخطر المستخدمون,
Log Cleanup,تنظيف السجل,
Clear Error log After,مسح سجل الخطأ بعد,
Clear Activity Log After,امسح سجل النشاط بعد,
Clear Email Queue After,امسح قائمة انتظار البريد الإلكتروني بعد,
Please save to edit the template.,يرجى الحفظ لتعديل القالب.,
Google Analytics Anonymize IP,تحليلات جوجل لإخفاء هوية IP,
Incorrect email or password. Please check your login credentials.,بريد أو كلمة مرورغير صحيحة. يرجى التحقق من بيانات اعتماد تسجيل الدخول الخاصة بك.,
Incorrect Configuration,التكوين غير الصحيح,
You are not allowed to delete Standard Report,لا يُسمح لك بحذف التقرير القياسي,
You have unseen {0},لديك غير مرئي {0},
Log cleanup and notification configuration,تنظيف السجل وتكوين الإخطار,
State/Province,الولاية / المقاطعة,
Document Actions,وثيقة الإجراءات,
Document Links,روابط الوثيقة,
List Settings,إعدادات القائمة,
Cannot delete standard link. You can hide it if you want,لا يمكن حذف الارتباط القياسي. يمكنك إخفاء ذلك إذا كنت تريد,
Cannot delete standard action. You can hide it if you want,لا يمكن حذف الإجراء القياسي. يمكنك إخفاء ذلك إذا كنت تريد,
Applied On,تم التطبيق,
Row Name,اسم الصف,
For DocType Link / DocType Action,لإجراء DocType Link / DocType,
Cannot edit filters for standard charts,لا يمكن تحرير عوامل التصفية للمخططات القياسية,
Event Producer Last Update,آخر تحديث لمنتج الحدث,
Default for 'Check' type of field {0} must be either '0' or '1',يجب أن يكون الإعداد الافتراضي لنوع حقل &quot;التحقق&quot; {0} إما &quot;0&quot; أو &quot;1&quot;,
Non Negative,غير سلبي,
Rules with higher priority number will be applied first.,سيتم تطبيق القواعد ذات رقم الأولوية الأعلى أولاً.,
Open URL in a New Tab,افتح URL في علامة تبويب جديدة,
Align Right,محاذاة اليمين,
Loading Filters...,تحميل عوامل التصفية ...,
Count Customizations,عد التخصيصات,
For Example: {} Open,على سبيل المثال: {} Open,
Choose Existing Card or create New Card,اختر بطاقة موجودة أو أنشئ بطاقة جديدة,
Number Cards,عدد البطاقات,
Function Based On,وظيفة على أساس,
Add Filters,إضافة عوامل تصفية,
Skip,تخطى,
Dismiss,رفض,
Value cannot be negative for,لا يمكن أن تكون القيمة سالبة لـ,
Value cannot be negative for {0}: {1},لا يمكن أن تكون القيمة سالبة لـ {0}: {1},
Negative Value,قيمة سالبة,
Authentication failed while receiving emails from Email Account: {0}.,فشلت المصادقة أثناء تلقي رسائل البريد الإلكتروني من حساب البريد الإلكتروني: {0}.,
Message from server: {0},رسالة من الخادم: {0},
MODULES: الوحدات البرمجية,
"""Customer Provided Item"" cannot be Purchase Item also","""الأصناف المقدمة من العملاء"" لا يمكن شرائها ايضا",
"""Customer Provided Item"" cannot have Valuation Rate","""الأصناف المقدمة من العملاء"" لا يمكن ان تقيم بمعدل سعر",
"""Is Fixed Asset"" cannot be unchecked, as Asset record exists against the item","""اصل ثابت"" لا يمكن أن يكون غير محدد، حيث يوجد سجل أصول مقابل البند",
'Based On' and 'Group By' can not be same,'على أساس' و 'المجموعة حسب' لا يمكن أن يكونا نفس الشيء,
'Days Since Last Order' must be greater than or equal to zero,"يجب أن تكون ""الأيام منذ آخر طلب"" أكبر من أو تساوي الصفر",
'Entries' cannot be empty,المدخلات لا يمكن أن تكون فارغة,
'From Date' is required,من تاريخ (مطلوب),
'From Date' must be after 'To Date',"""من تاريخ "" يجب أن يكون بعد "" إلى تاريخ """,
'Has Serial No' can not be 'Yes' for non-stock item,"""لهُ رقم تسلسل""  لا يمكن ان يكون ""نعم"" لبند غير قابل للتخزين",
'Opening','افتتاحي',
'To Case No.' cannot be less than 'From Case No.','الى الحالة  رقم' لا يمكن أن يكون أقل من 'من الحالة رقم',
'To Date' is required,' إلى تاريخ ' مطلوب,
'Total',&#39;مجموع&#39;,
'Update Stock' can not be checked because items are not delivered via {0},&quot;تحديث المخزن&quot; لا يمكن التحقق منه لأنه لم يتم تسليم المواد عن طريق {0},
'Update Stock' cannot be checked for fixed asset sale,لا يمكن التحقق من ' تحديث المخزن ' لبيع الأصول الثابتة\n<br>\n'Update Stock' cannot be checked for fixed asset sale,
) for {0},) لـ {0},
1 exact match.,1 تطابق تام.,
90-Above,90 و أكثر,
A Customer Group exists with same name please change the Customer name or rename the Customer Group,مجموعة الزبائن موجودة بنفس الاسم الرجاء تغيير اسم العميل أو اعادة تسمية مجموعة الزبائن\n<br>\nA Customer Group exists with same name please change the Customer name or rename the Customer Group,
A Default Service Level Agreement already exists.,اتفاقية مستوى الخدمة الافتراضية موجودة بالفعل.,
A Lead requires either a person's name or an organization's name,يتطلب العميل المتوقع اسم شخص أو اسم مؤسسة,
A customer with the same name already exists,يوجد عميل يحمل الاسم نفسه من قبل,
A question must have more than one options,يجب أن يكون للسؤال أكثر من خيار,
A qustion must have at least one correct options,يجب أن يحتوي السؤال على خيارات صحيحة واحدة على الأقل,
A {0} exists between {1} and {2} (,{0} موجود بين {1} و {2} (,
A4,A4,
API Endpoint,نقطة وصولAPI,
API Key,مفتاح API,
Abbr can not be blank or space,الاسم المختصر لا يمكن أن يكون فارغاً او به مسافة,
Abbreviation already used for another company,الاختصار قد استخدم بالفعل لشركة أخرى\n<br>\nAbbreviation already used for another company,
Abbreviation cannot have more than 5 characters,الاختصار لا يمكن أن تكون أكثر من 5 حروف\n<br>\nAbbreviation cannot have more than 5 characters,
Abbreviation is mandatory,الاسم المختصر إلزامي,
About the Company,عن الشركة,
About your company,عن شركتك,
Above,فوق,
Absent,غائب,
Academic Term,الفصل الأكاديمي,
Academic Term: ,الشروط الأكاديمية :,
Academic Year,السنة الدراسية,
Academic Year: ,السنة الأكاديمية:,
Accepted + Rejected Qty must be equal to Received quantity for Item {0},الكمية المقبولة + الكمية المرفوضة يجب أن تساوي الكمية المستلمة من الصنف {0},
Access Token,رمز وصول,
Accessable Value,قيمة الوصول,
Account,الحساب,
Account Number,رقم الحساب,
Account Number {0} already used in account {1},رقم الحساب {0} بالفعل مستخدم في الحساب {1},
Account Pay Only,حساب دفع فقط,
Account Type,نوع الحساب,
Account Type for {0} must be {1},نوع الحساب {0} يجب ان يكون {1},
"Account balance already in Credit, you are not allowed to set 'Balance Must Be' as 'Debit'","رصيد الحساب بالفعل دائن ، لا يسمح لك لتعيين ' الرصيد يجب ان يكون ' ك ' مدين '\n<br>\nAccount balance already in Credit, you are not allowed to set 'Balance Must Be' as 'Debit'",
"Account balance already in Debit, you are not allowed to set 'Balance Must Be' as 'Credit'",رصيد الحساب بالفعل مدين، لا يسمح لك بتعيين 'الرصيد يجب أن يكون دائن',
Account number for account {0} is not available.<br> Please setup your Chart of Accounts correctly.,رقم الحساب للحساب {0} غير متوفر. <br> يرجى إعداد مخطط الحسابات بشكل صحيح.,
Account with child nodes cannot be converted to ledger,لا يمكن تحويل الحساب إلى دفتر الأستاذ لأن لديه حسابات فرعية\n<br>\nAccount with child nodes cannot be converted to ledger,
Account with child nodes cannot be set as ledger,الحساب لديه حسابات فرعية لا يمكن إضافته لدفتر الأستاذ.\n<br>\nAccount with child nodes cannot be set as ledger,
Account with existing transaction can not be converted to group.,لا يمكن تحويل حساب جرت عليه أي عملية إلى تصنيف مجموعة,
Account with existing transaction can not be deleted,الحساب لديه معاملات موجودة لا يمكن حذفه\n<br>\nAccount with existing transaction can not be deleted,
Account with existing transaction cannot be converted to ledger,لا يمكن تحويل الحساب مع الحركة الموجودة إلى دفتر الأستاذ\n<br>\nAccount with existing transaction cannot be converted to ledger,
Account {0} does not belong to company: {1},الحساب {0} لا يتنمى للشركة {1}\n<br>\nAccount {0} does not belong to company: {1},
Account {0} does not belongs to company {1},الحساب {0} لا ينتمي للشركة {1}\n<br>\nAccount {0} does not belongs to company {1},
Account {0} does not exist,حساب {0} غير موجود,
Account {0} does not exists,الحساب {0} غير موجود,
Account {0} does not match with Company {1} in Mode of Account: {2},الحساب {0} لا يتطابق مع الشركة {1} في طريقة الحساب: {2},
Account {0} has been entered multiple times,الحساب {0} تم إدخاله عدة مرات\n<br>\nAccount {0} has been entered multiple times,
Account {0} is added in the child company {1},تتم إضافة الحساب {0} في الشركة التابعة {1},
Account {0} is frozen,الحساب {0} مجمد\n<br>\nAccount {0} is frozen,
Account {0} is invalid. Account Currency must be {1},الحساب {0} غير صحيح. يجب أن تكون عملة الحساب {1},
Account {0}: Parent account {1} can not be a ledger,الحساب {0}: الحساب الرئيسي {1} لا يمكن أن يكون حساب دفتر أستاذ,
Account {0}: Parent account {1} does not belong to company: {2},الحساب {0}: الحساب الرئيسي {1} لا ينتمي إلى الشركة: {2},
Account {0}: Parent account {1} does not exist,الحساب {0}: الحساب الرئيسي {1} غير موجود,
Account {0}: You can not assign itself as parent account,الحساب {0}: لا يمكنك جعله حساب رئيسي,
Account: {0} can only be updated via Stock Transactions,الحساب: {0} يمكن تحديثه فقط إلا من خلال معاملات المخزون,
Account: {0} with currency: {1} can not be selected,الحساب: {0} مع العملة: {1} لا يمكن اختياره,
Accountant,محاسب,
Accounting,المحاسبة,
Accounting Entry for Asset,المدخلات الحسابية للأصول,
Accounting Entry for Stock,القيود المحاسبية للمخزون,
Accounting Entry for {0}: {1} can only be made in currency: {2},المدخول المحاسبي ل {0}: {1} يمكن أن يكون فقط بالعملة {1}.\n<br>\nAccounting Entry for {0}: {1} can only be made in currency: {2},
Accounting Ledger,موازنة دفتر الأستاذ,
Accounting journal entries.,القيود المحاسبية لدفتر اليومية,
Accounts,الحسابات,
Accounts Manager,المدير المالي,
Accounts Payable,الحسابات الدائنة,
Accounts Payable Summary,ملخص الحسابات المستحقة للدفع,
Accounts Receivable,الحسابات المدينة,
Accounts Receivable Summary,ملخص الحسابات المدينة,
Accounts User,المحاسب,
Accounts table cannot be blank.,جدول الحسابات لا يمكن أن يكون فارغا.,
Accrual Journal Entry for salaries from {0} to {1},مدخل يومية تراكمية للرواتب من {0} إلى {1},
Accumulated Depreciation,مجمع الإهلاكات,
Accumulated Depreciation Amount,قيمة مجمع الإهلاكات,
Accumulated Depreciation as on,مجمع الإهلاكات كما في,
Accumulated Monthly,متراكمة شهريا,
Accumulated Values,القيم المتراكمة,
Accumulated Values in Group Company,القيم المتراكمة في مجموعة الشركة,
Achieved ({}),محقق ({}),
Action,الاجراء,
Action Initialised,الاجراء يتم تهيئته,
Actions,الإجراءات,
Active,فعال,
Active Leads / Customers,الزبائن المحتملين النشطاء / زبائن,
Activity Cost exists for Employee {0} against Activity Type - {1},تكلفة النشاط موجودة للموظف {0} مقابل نوع النشاط - {1},
Activity Cost per Employee,تكلفة النشاط لكل موظف,
Activity Type,نوع النشاط,
Actual Cost,التكلفة الفعلية,
Actual Delivery Date,تاريخ التسليم الفعلي,
Actual Qty,الكمية الفعلية,
Actual Qty is mandatory,الكمية الفعلية هي إلزامية,
Actual Qty {0} / Waiting Qty {1},الكمية الفعلية {0} / الكمية المنتظره {1},
Actual Qty: Quantity available in the warehouse.,الكمية الفعلية : الكمية المتوفرة في المستودع.,
Actual qty in stock,الكمية الفعلية في المخزون,
Actual type tax cannot be included in Item rate in row {0},نوع الضريبة الفعلي لا يمكن تضمينه في معدل الصنف في الصف {0},
Add,إضافة,
Add / Edit Prices,إضافة و تعديل الأسعار,
Add All Suppliers,إضافة جميع الموردين,
Add Comment,أضف تعليق,
Add Customers,إضافة العملاء,
Add Employees,إضافة موظفين,
Add Item,اضافة صنف,
Add Items,إضافة اصناف,
Add Leads,إضافة العملاء المتوقعين,
Add Multiple Tasks,إضافة مهام متعددة,
Add Row,اضف سطر,
Add Sales Partners,إضافة شركاء المبيعات,
Add Serial No,إضافة رقم تسلسلي,
Add Students,أضف طلاب,
Add Suppliers,إضافة الموردين,
Add Time Slots,إضافة فترة زمنية,
Add Timesheets,إضافة جداول زمنية,
Add Timeslots,إضافة فسحات زمنية,
Add Users to Marketplace,إضافة مستخدمين إلى السوق,
Add a new address,أضف عنوانا جديدا,
Add cards or custom sections on homepage,إضافة بطاقات أو أقسام مخصصة على الصفحة الرئيسية,
Add more items or open full form,إضافة المزيد من الاصناف أو فتح نموذج كامل,
Add notes,أضف ملاحظات,
Add the rest of your organization as your users. You can also add invite Customers to your portal by adding them from Contacts,أضف بقية أفراد مؤسستك كمستخدمين. يمكنك أيضا إضافة دعوة العملاء إلى بوابتك عن طريق إضافتهم من جهات الاتصال,
Add to Details,إضافة إلى التفاصيل,
Add/Remove Recipients,إضافة / إزالة المستلمين,
Added,تم الاضافة,
Added to details,تم اضافته الى التفاصيل,
Added {0} users,تمت إضافة {0} مستخدمين,
Additional Salary Component Exists.,مكون الراتب الإضافي موجود.,
Address,العنوان,
Address Line 2,العنوان رقم 2,
Address Name,اسم العنوان,
Address Title,إسم العنوان,
Address Type,نوع العنوان,
Administrative Expenses,نفقات إدارية,
Administrative Officer,موظف إداري,
Administrator,المدير,
Admission,القبول,
Admission and Enrollment,القبول والتسجيل,
Admissions for {0},قبول ل {0},
Admit,يتقدم,
Admitted,مقبول,
Advance Amount,المبلغ مقدما,
Advance Payments,دفعات مقدمة,
Advance account currency should be same as company currency {0},يجب أن تكون عملة الحساب المسبق مماثلة لعملة الشركة {0},
Advance amount cannot be greater than {0} {1},قيمة الدفعة المقدمة لا يمكن أن تكون أكبر من {0} {1},
Advertising,الدعاية,
Aerospace,الفضاء,
Against,مقابل,
Against Account,مقابل الحساب,
Against Journal Entry {0} does not have any unmatched {1} entry,مقابل القيود اليومية {0} لا يحتوى اي تطابق {1} ادخال\n<br>\nAgainst Journal Entry {0} does not have any unmatched {1} entry,
Against Journal Entry {0} is already adjusted against some other voucher,مقابل القيود اليومية المدخله {0} تم تعديله بالفعل لقسيمة أخرى\n<br>\nAgainst Journal Entry {0} is already adjusted \nagainst some other voucher,
Against Supplier Invoice {0} dated {1},مقابل فاتورة المورد {0} بتاريخ {1},
Against Voucher,مقابل إيصال,
Against Voucher Type,مقابل نوع الإيصال,
Age,العمر,
Age (Days),(العمر (أيام,
Ageing Based On,العمر على أساس,
Ageing Range 1,مدى العمر 1,
Ageing Range 2,مدى العمر 2,
Ageing Range 3,مدى العمر 3,
Agriculture,الزراعة,
Agriculture (beta),الزراعة (تجريبي),
Airline,الطيران,
All Accounts,جميع الحسابات,
All Addresses.,جميع العناوين.,
All Assessment Groups,جميع مجموعات التقييم,
All BOMs,كل الأصناف الآلية,
All Contacts.,جميع جهات الاتصال.,
All Customer Groups,جميع مجموعات العملاء,
All Day,كل يوم,
All Departments,جميع الادارات,
All Healthcare Service Units,جميع وحدات خدمات الرعاية الصحية,
All Item Groups,كل مجموعات الأصناف,
All Jobs,جميع الوظائف,
All Products,جميع المنتجات,
All Products or Services.,جميع المنتجات أو الخدمات.,
All Student Admissions,قبول جميع الطلاب,
All Supplier Groups,جميع مجموعات الموردين,
All Supplier scorecards.,جميع نتائج الموردين,
All Territories,جميع المناطق,
All Warehouses,جميع المستودعات,
All communications including and above this shall be moved into the new Issue,يجب نقل جميع الاتصالات بما في ذلك وما فوقها إلى الإصدار الجديد,
All items have already been invoiced,كل الأصناف قد تم فوترتها من قبل,
All items have already been transferred for this Work Order.,جميع الإصناف تم نقلها لأمر العمل,
All other ITC,جميع ITC الأخرى,
All the mandatory Task for employee creation hasn't been done yet.,لم يتم تنفيذ جميع المهام الإلزامية لإنشاء الموظفين حتى الآن.,
All these items have already been invoiced,تم فوترة كل هذه الاصناف,
Allocate Payment Amount,تخصيص مبلغ الدفع,
Allocated Amount,المبلغ المخصص,
Allocated Leaves,الإجازات المخصصة,
Allocating leaves...,تخصيص الإجازات...,
Allow Delete,السماح بالحذف,
Already record exists for the item {0},يوجد سجل للصنف {0},
"Already set default in pos profile {0} for user {1}, kindly disabled default",تم تعيين الإعداد الافتراضي في الملف الشخصي لنقطة البيع {0} للمستخدم {1}، يرجى تعطيل الإعداد الافتراضي,
Alternate Item,صنف بديل,
Alternative item must not be same as item code,يجب ألا يكون الصنف البديل هو نفسه رمز الصنف,
Amended From,معدل من,
Amount,المبلغ,
Amount After Depreciation,القيمة بعد الاهلاك,
Amount of Integrated Tax,مقدار الضريبة المتكاملة,
Amount of TDS Deducted,مبلغ TDS المقتطع,
Amount should not be less than zero.,يجب ألا يقل المبلغ عن الصفر.,
Amount to Bill,قيمة الفاتورة,
Amount {0} {1} against {2} {3},مبلغ {0} {1} مقابل {2} {3},
Amount {0} {1} deducted against {2},مبلغ {0} {1} خصم مقابل {2},
Amount {0} {1} transferred from {2} to {3},القيمة {0} {1} نقلت من {2} إلى {3},
Amount {0} {1} {2} {3},القيمة {0} {1} {2} {3},
Amt,الإجمالي,
"An Item Group exists with same name, please change the item name or rename the item group",توجد مجموعة صنف بنفس الاسم، يرجى تغيير اسم الصنف أو إعادة تسمية مجموعة الصنف,
An academic term with this 'Academic Year' {0} and 'Term Name' {1} already exists. Please modify these entries and try again.,"يوجد بالفعل فصل دراسي  مع ""السنة الدراسية"" {0} و ""اسم الفصل"" {1}. يرجى تعديل هذه الإدخالات والمحاولة مرة أخرى.",
An error occurred during the update process,حدث خطأ أثناء عملية التحديث,
"An item exists with same name ({0}), please change the item group name or rename the item",يوجد صنف بنفس الاسم ({0})، يرجى تغيير اسم مجموعة الصنف أو إعادة تسمية الصنف,
Analyst,محلل,
Analytics,مختص التحليلات,
Annual Billing: {0},الفواتير السنوية:  {0},
Annual Salary,الراتب السنوي,
Anonymous,مجهول,
Another Budget record '{0}' already exists against {1} '{2}' and account '{3}' for fiscal year {4},سجل الموازنة الآخر &#39;{0}&#39; موجود بالفعل مقابل {1} &#39;{2}&#39; وحساب &#39;{3}&#39; للسنة المالية {4},
Another Period Closing Entry {0} has been made after {1},قيد إقفال فترة أخرى {0} تم إنشائها بعد {1},
Another Sales Person {0} exists with the same Employee id,مندوب مبيعات آخر {0} موجود بنفس رقم هوية الموظف,
Antibiotic,مضاد حيوي,
Apparel & Accessories,ملابس واكسسوارات,
Applicable For,قابل للتطبيق ل,
"Applicable if the company is SpA, SApA or SRL",قابل للتطبيق إذا كانت الشركة SpA أو SApA أو SRL,
Applicable if the company is a limited liability company,قابل للتطبيق إذا كانت الشركة شركة ذات مسؤولية محدودة,
Applicable if the company is an Individual or a Proprietorship,قابل للتطبيق إذا كانت الشركة فردية أو مملوكة,
Applicant,مقدم الطلب,
Applicant Type,نوع مقدم الطلب,
Application of Funds (Assets),استخدام الاموال (الأصول),
Application period cannot be across two allocation records,فترة الطلب لا يمكن ان تكون خلال سجلين مخصصين,
Application period cannot be outside leave allocation period,فترة الطلب لا يمكن أن تكون خارج فترة الاجازة المسموحة للموظف.\n<br>\nApplication period cannot be outside leave allocation period,
Applied,تم الطلب,
Apply Now,اطلب الآن,
Appointment Confirmation,تأكيد الموعد,
Appointment Duration (mins),المدة الزمنية للموعد (دقيقة),
Appointment Type,نوع الموعد,
Appointment {0} and Sales Invoice {1} cancelled,تم إلغاء الموعد {0} و فاتورة المبيعات {1},
Appointments and Encounters,المواعيد واللقاءات,
Appointments and Patient Encounters,مواعيد ولقاءات المرضى,
Appraisal {0} created for Employee {1} in the given date range,تقييم الاداء {0} تم إنشاؤه للموظف {1} في النطاق الزمني المحدد,
Apprentice,وضع تحت التدريب,
Approval Status,حالة الموافقة,
Approval Status must be 'Approved' or 'Rejected',حالة الموافقة يجب ان تكون (موافق عليه) او (مرفوض),
Approve,للموافقة,
Approving Role cannot be same as role the rule is Applicable To,لا يمكن أن يكون شرط الموافقة هو نفس الشرط الذي تنطبق عليه القاعدة,
Approving User cannot be same as user the rule is Applicable To,المستخدم الذي لدية صلاحية الموافقة لايمكن أن يكون نفس المستخدم الذي تنطبق عليه القاعدة,
"Apps using current key won't be able to access, are you sure?",التطبيقات التي تستخدم المفتاح الحالي لن تتمكن من الدخول ، هل انت متأكد ؟,
Are you sure you want to cancel this appointment?,هل انت متاكد من إلغاء هذا الموعد؟,
Arrear,المتأخرات,
As Examiner,كممتحن,
As On Date,كما هو بتاريخ,
As Supervisor,كمشرف,
As per rules 42 & 43 of CGST Rules,وفقًا للقواعد 42 و 43 من قواعد CGST,
As per section 17(5),حسب القسم 17 (5),
As per your assigned Salary Structure you cannot apply for benefits,حسب هيكل الرواتب المعيّن الخاص بك ، لا يمكنك التقدم بطلب للحصول على مخصصات,
Assessment,التقييم,
Assessment Criteria,معايير التقييم,
Assessment Group,فريق التقييم,
Assessment Group: ,مجموعة التقييم:,
Assessment Plan,خطة التقييم,
Assessment Plan Name,اسم خطة التقييم,
Assessment Report,تقرير التقييم,
Assessment Reports,تقارير التقييم,
Assessment Result,نتائج التقييم,
Assessment Result record {0} already exists.,سجل نتيجة التقييم {0} موجود بالفعل.,
Asset,الأصل,
Asset Category,فئة الأصول,
Asset Category is mandatory for Fixed Asset item,فئة الاصول إلزامية لبنود الاصول الثابتة\n<br>\nAsset Category is mandatory for Fixed Asset item,
Asset Maintenance,صيانة الأصول,
Asset Movement,حركة الأصول,
Asset Movement record {0} created,تم إنشاء سجل حركة الأصول {0}\n<br>\nAsset Movement record {0} created,
Asset Name,اسم الأصل,
Asset Received But Not Billed,أصل مستلم ولكن غير مفوتر,
Asset Value Adjustment,تعديل قيمة الأصول,
"Asset cannot be cancelled, as it is already {0}",لا يمكن إلغاء الأصل، لانه بالفعل {0},
Asset scrapped via Journal Entry {0},ألغت الأصول عن طريق قيد اليومية {0}\n<br>\n Asset scrapped via Journal Entry {0},
"Asset {0} cannot be scrapped, as it is already {1}","لا يمكن إلغاء الأصل {0} ، كما هو بالفعل {1}\n<br>\nAsset {0} cannot be scrapped, as it is already {1}",
Asset {0} does not belong to company {1},الأصل {0} لا ينتمي للشركة {1}\n<br>\nAsset {0} does not belong to company {1},
Asset {0} must be submitted,الاصل {0} يجب تقديمه,
Assets,الأصول,
Assign,احالة,
Assign Salary Structure,تعيين هيكل الرواتب,
Assign To,احالة إلى,
Assign to Employees,تم احالتها للموظفين,
Assigning Structures...,تعيين هيكلة الرواتب...,
Associate,مرتبط,
At least one mode of payment is required for POS invoice.,يلزم وضع نمط واحد على الاقل لدفع فاتورة نقطة البيع.\n<br>\nAt least one mode of payment is required for POS invoice.,
Atleast one item should be entered with negative quantity in return document,يجب إدخال صنف واحد على الأقل مع كمية سالبة في وثيقة الارجاع,
Atleast one of the Selling or Buying must be selected,يجب اختيار واحدة من الخيارات على الاقل للبيع او الشراء,
Atleast one warehouse is mandatory,على الأقل مستودع واحد إلزامي\n<br>\nAtleast one warehouse is mandatory,
Attach Logo,إرفاق الشعار,
Attachment,المرفق,
Attachments,المرفقات,
Attendance,الحضور,
Attendance From Date and Attendance To Date is mandatory,الزامية الحضور من تاريخ والحضور إلى تاريخ \n<br>\nAttendance From Date and Attendance To Date is mandatory,
Attendance Record {0} exists against Student {1},سجل الحضور {0} موجود مقابل الطالب {1},
Attendance can not be marked for future dates,لا يمكن اثبات الحضور لتاريخ مستقبلي,
Attendance date can not be less than employee's joining date,تاريخ الحضور لا يمكن أن يكون أقل من تاريخ التحاق الموظف\n<br>\nAttendance date can not be less than employee's joining date,
Attendance for employee {0} is already marked,تم تسجيل الحضور للموظف {0} بالفعل\n<br>\nAttendance for employee {0} is already marked,
Attendance for employee {0} is already marked for this day,تم تسجيل الحضور بالفعل للموظف {0} لهذا اليوم\n<br>\nAttendance for employee {0} is already marked for this day,
Attendance has been marked successfully.,تم وضع علامة الحضور بنجاح.,
Attendance not submitted for {0} as it is a Holiday.,لم يتم إرسال الحضور إلى {0} لأنه عطلة.,
Attendance not submitted for {0} as {1} on leave.,لم يتم إرسال المشاركة {0} كـ {1} في الإجازة.,
Attribute table is mandatory,جدول السمات إلزامي,
Attribute {0} selected multiple times in Attributes Table,تم تحديد السمه {0} عدة مرات في جدول السمات\n<br>\nAttribute {0} selected multiple times in Attributes Table,
Author,المؤلف,
Authorized Signatory,المخول بالتوقيع,
Auto Material Requests Generated,إنشاء طلب مواد تلقائي,
Auto Repeat,تكرار تلقائي,
Auto repeat document updated,تكرار تلقائي للوثائق المحدثة,
Automotive,المحرك الذاتي,
Available,متاح,
Available Leaves,الاجازات المتوفرة,
Available Qty,الكمية المتاحة,
Available Selling,المبيعات المتاحة,
Available for use date is required,مطلوب لتاريخ الاستخدام المتاح,
Available slots,الفتحات المتاحة,
Available {0},متاح {0},
Available-for-use Date should be after purchase date,يجب أن يكون التاريخ متاحًا بعد تاريخ الشراء,
Average Age,متوسط العمر,
Average Rate,المعدل المتوسط,
Avg Daily Outgoing,متوسط الصادرات اليومية,
Avg. Buying Price List Rate,متوسط قائمة أسعار الشراء,
Avg. Selling Price List Rate,متوسط قائمة أسعار البيع,
Avg. Selling Rate,متوسط معدل البيع,
BOM,فاتورة المواد,
BOM Browser,BOM متصفح,
BOM No,رقم قائمة المواد,
BOM Rate,سعر قائمة المواد,
BOM Stock Report,تقرير مخزون فاتورة المواد,
BOM and Manufacturing Quantity are required,مطلوب، قائمة مكونات المواد و كمية التصنيع,
BOM does not contain any stock item,فاتورة الموارد لا تحتوي على أي صنف مخزون,
BOM {0} does not belong to Item {1},قائمة المواد {0} لا تنتمي إلى الصنف {1},
BOM {0} must be active,فاتورة المواد {0} يجب أن تكون فعالة\n<br>\nBOM {0} must be active,
BOM {0} must be submitted,فاتورة المواد {0} يجب أن تكون مسجلة\n<br>\nBOM {0} must be submitted,
Balance,الموازنة,
Balance (Dr - Cr),الرصيد (مدين - دائن),
Balance ({0}),الرصيد ({0}),
Balance Qty,كمية الرصيد,
Balance Sheet,المركز المالي,
Balance Value,قيمة الرصيد,
Balance for Account {0} must always be {1},رصيد الحساب لـ {0} يجب ان يكون دائما {1},
Bank,البنوك,
Bank Account,الحساب البنكي,
Bank Accounts,الحسابات البنكية,
Bank Draft,مذكرة بنكية,
Bank Entries,عمليات البنك,
Bank Name,اسم البنك,
Bank Overdraft Account,حساب السحب على المكشوف,
Bank Reconciliation,تسويات بنكية,
Bank Reconciliation Statement,بيان تسوية حساب بنكية,
Bank Statement,كشف حساب بنكى,
Bank Statement Settings,إعدادات كشف الحساب البنكي,
Bank Statement balance as per General Ledger,كشف رصيد الحساب البنكي وفقا لدفتر الأستاذ العام,
Bank account cannot be named as {0},لا يمكن تسمية الحساب البنكي باسم {0},
Bank/Cash transactions against party or for internal transfer,المعاملات البنكية أو النقدية مقابل طرف معين أو للنقل الداخلي,
Banking,الخدمات البنكية,
Banking and Payments,المدفوعات و الأعمال البنكية,
Barcode {0} already used in Item {1},الباركود {0} مستخدم بالفعل في الصنف {1},
Barcode {0} is not a valid {1} code,الباركود {0} ليس رمز {1} صحيحًا,
Base,الاساسي,
Base URL,الرابط الأساسي,
Based On,وبناء على,
Based On Payment Terms,بناء على شروط الدفع,
Basic,الأساسي,
Batch,الدفعات,
Batch Entries,إدخالات دفعة,
Batch ID is mandatory,معرف الدُفعة إلزامي,
Batch Inventory,جرد الدفعة,
Batch Name,اسم الدفعة,
Batch No,رقم الدفعة,
Batch number is mandatory for Item {0},رقم الدفعة إلزامي للصنف {0}\n<br>\nBatch number is mandatory for Item {0},
Batch {0} of Item {1} has expired.,الدفعة {0} للعنصر {1} انتهت صلاحيتها\n<br>\nBatch {0} of Item {1} has expired.,
Batch {0} of Item {1} is disabled.,تم تعطيل الدفعة {0} من الصنف {1}.,
Batch: ,دفعة:,
Batches,دفعات,
Become a Seller,كن بائعًا,
Beginner,مبتدئ,
Bill,الفاتورة,
Bill Date,تاريخ الفاتورة,
Bill No,رقم الفاتورة,
Bill of Materials,فاتورة المواد,
Bill of Materials (BOM),قوائم المواد,
Billable Hours,ساعات للفوترة,
Billed,مفوتر,
Billed Amount,القيمة المقدم فاتورة بها,
Billing,الفواتير,
Billing Address,عنوان تقديم الفواتير,
Billing Address is same as Shipping Address,عنوان الفواتير هو نفس عنوان الشحن,
Billing Amount,قيمة الفواتير,
Billing Status,حالة الفواتير,
Billing currency must be equal to either default company's currency or party account currency,يجب أن تكون عملة الفوترة مساوية لعملة الشركة الافتراضية أو عملة حساب الطرف,
Bills raised by Suppliers.,فواتير حولت من قبل الموردين.,
Bills raised to Customers.,فواتير حولت للزبائن.,
Biotechnology,التكنولوجيا الحيوية,
Birthday Reminder,تذكير عيد ميلاد,
Black,أسود,
Blanket Orders from Customers.,عقد شراء دائم من العملاء.,
Block Invoice,حظر الفاتورة,
Boms,قوائم المواد,
Bonus Payment Date cannot be a past date,لا يمكن أن يكون تاريخ الدفع المكافأ تاريخًا سابقًا,
Both Trial Period Start Date and Trial Period End Date must be set,يجب تعيين كل من تاريخ بدء الفترة التجريبية وتاريخ انتهاء الفترة التجريبية,
Both Warehouse must belong to same Company,يجب أن ينتمي كل المستودعان إلى نفس الشركة\n<br>\nBoth Warehouse must belong to same Company,
Branch,الفرع,
Broadcasting,إذاعة,
Brokerage,أعمال سمسرة,
Browse BOM,تصفح قائمة المواد,
Budget Against,مقابل ميزانية,
Budget List,قائمة الميزانية,
Budget Variance Report,تقرير إنحرافات الموازنة,
Budget cannot be assigned against Group Account {0},لايمكن أسناد الميزانية مقابل مجموعة الحسابات {0},
"Budget cannot be assigned against {0}, as it's not an Income or Expense account",لا يمكن تعيين الميزانية مقابل {0}، حيث إنها ليست حسابا للدخل أو للمصروفات,
Buildings,المباني,
Bundle items at time of sale.,حزمة البنود في وقت البيع.,
Business Development Manager,مدير تطوير الأعمال,
Buy,الشراء,
Buying,المشتريات,
Buying Amount,قيمة الشراء,
Buying Price List,قائمة أسعار الشراء,
Buying Rate,معدل الشراء,
"Buying must be checked, if Applicable For is selected as {0}",يجب أن يتم التحقق من الشراء، إذا تم تحديد مطبق لل{0},
By {0},بواسطة {0},
Bypass credit check at Sales Order ,تجاوز اختبار الائتمان في أمر المبيعات,
C-Form records,سجلات النموذج - س,
C-form is not applicable for Invoice: {0},C-النموذج لا ينطبق على الفاتورة: {0},
CEO,المدير التنفيذي,
CESS Amount,مبلغ CESS,
CGST Amount,مبلغ CGST,
CRM,إدارة علاقات الزبائن,
CWIP Account,حساب CWIP,
Calculated Bank Statement balance,حساب رصيد الحساب البنكي,
Calls,مكالمات هاتفية,
Campaign,الحملة,
Can be approved by {0},يمكن الموافقة عليها بواسطة {0},
"Can not filter based on Account, if grouped by Account",لا يمكن الفلتره علي اساس (الحساب)، إذا تم وضعه في مجموعة على اساس (حساب),
"Can not filter based on Voucher No, if grouped by Voucher",لا يمكن الفلتره علي اساس (رقم الأيصال)، إذا تم وضعه في مجموعة على اساس (ايصال),
"Can not mark Inpatient Record Discharged, there are Unbilled Invoices {0}",لا يمكن وضع علامة على سجل المرضى الداخليين ، وهناك فواتير غير مدفوعة {0},
Can only make payment against unbilled {0},يمكن إجراء الدفع فقط مقابل فاتورة غير مدفوعة {0},
Can refer row only if the charge type is 'On Previous Row Amount' or 'Previous Row Total',Can refer row only if the charge type is 'On Previous Row Amount' or 'Previous Row Total',
"Can't change valuation method, as there are transactions against some items which does not have it's own valuation method",لا يمکن تغيير طريقة التقييم حيث أن ھناك معاملات مقابل بعض البنود التي ليس لديھا طريقة تقييم خاصة,
Can't create standard criteria. Please rename the criteria,لا يمكن إنشاء معايير قياسية. يرجى إعادة تسمية المعايير,
Cancel,إلغاء,
Cancel Material Visit {0} before cancelling this Warranty Claim,إلغاء الزيارة {0} قبل إلغاء طلب الضمانة,
Cancel Material Visits {0} before cancelling this Maintenance Visit,إلغاء المواد الخاصة بالزيارة {0} قبل إلغاء زيارة الصيانة هذه,
Cancel Subscription,إلغاء الاشتراك,
Cancel the journal entry {0} first,قم بإلغاء إدخال دفتر اليومية {0} أولاً,
Canceled,ملغية,
"Cannot Submit, Employees left to mark attendance",لا يمكن الإرسال ، الموظفين نسيوا لوضع علامة الحضور,
Cannot be a fixed asset item as Stock Ledger is created.,لا يمكن أن يكون عنصر الأصول الثابتة كما يتم إنشاء دفتر الأستاذ.,
Cannot cancel because submitted Stock Entry {0} exists,لا يمكن الإلغاء لان هناك تدوينات مخزون مقدمة {0} موجوده,
Cannot cancel transaction for Completed Work Order.,لا يمكن إلغاء المعاملة لأمر العمل المكتمل.,
Cannot cancel {0} {1} because Serial No {2} does not belong to the warehouse {3},لا يمكن إلغاء {0} {1} لأن Serial No {2} لا ينتمي إلى المستودع {3},
Cannot change Attributes after stock transaction. Make a new Item and transfer stock to the new Item,لا يمكن تغيير السمات بعد معاملة المخزون. انشى عنصر جديد وانقل المعامله إلى الصنف الجديد,
Cannot change Fiscal Year Start Date and Fiscal Year End Date once the Fiscal Year is saved.,لا يمكن تغيير تاريخ بدء السنه المالية وتاريخ انتهاء السنه المالية بمجرد حفظ السنه المالية.\n<br>\nCannot change Fiscal Year Start Date and Fiscal Year End Date once the Fiscal Year is saved.,
Cannot change Service Stop Date for item in row {0},لا يمكن تغيير تاريخ إيقاف الخدمة للعنصر الموجود في الصف {0},
Cannot change Variant properties after stock transaction. You will have to make a new Item to do this.,لا يمكن تغيير خصائص المتغير بعد معاملة المخزون. سيكون عليك عمل عنصر جديد للقيام بذلك.,
"Cannot change company's default currency, because there are existing transactions. Transactions must be cancelled to change the default currency.",لا يمكن تغيير العملة الافتراضية للشركة، لأن هناك معاملات موجودة. يجب إلغاء المعاملات لتغيير العملة الافتراضية.,
Cannot change status as student {0} is linked with student application {1},لا يمكن تغيير الحالة كطالب {0} لانه مترابط مع استمارة الطالب {1},
Cannot convert Cost Center to ledger as it has child nodes,لا يمكن تحويل مركز التكلفة إلى حساب دفتر الأستاذ لانه مرتبط بعقدة فرعية,
Cannot covert to Group because Account Type is selected.,لا يمكن تحويل الحساب إلى تصنيف مجموعة لأن نوع الحساب تم اختياره.,
Cannot create Retention Bonus for left Employees,لا يمكن إنشاء مكافأة الاحتفاظ للموظفين المغادرين,
Cannot create a Delivery Trip from Draft documents.,لا يمكن استحداث رحلة تسليم لوثيقة بحالة مسودة,
Cannot deactivate or cancel BOM as it is linked with other BOMs,لا يمكن تعطيل أو إلغاء قائمة المواد لانها مترابطة مع قوائم مواد اخرى,
"Cannot declare as lost, because Quotation has been made.",لا يمكن ان تعلن بانها فقدت ، لأنه تم تقديم عرض مسعر.,
Cannot deduct when category is for 'Valuation' or 'Valuation and Total',"لا يمكن الخصم عندما تكون الفئة ل ""التقييم"" أو ""التقييم والإجمالي""",
Cannot deduct when category is for 'Valuation' or 'Vaulation and Total',لا يمكن خصمها عندما تكون الفئة ل ' التقييم ' أو ' التقييم والمجموع '\n<br>\nCannot deduct when category is for 'Valuation' or 'Valuation and Total',
"Cannot delete Serial No {0}, as it is used in stock transactions",لا يمكن حذف الرقم التسلسلي {0}، لانه يتم استخدامها في قيود المخزون,
Cannot enroll more than {0} students for this student group.,لا يمكن تسجيل أكثر من {0} طلاب لمجموعة الطلاب هذه.,
Cannot find Item with this barcode,لا يمكن العثور على العنصر مع هذا الرمز الشريطي,
Cannot find active Leave Period,لا يمكن ايجاد فترة الاجازة الفعالة,
Cannot produce more Item {0} than Sales Order quantity {1},لا يمكن أن تنتج المزيد من الصنف {0} اكثر من كمية طلب المبيعات {1},
Cannot promote Employee with status Left,لا يمكن ترقية موظف بحالة مغادرة,
Cannot refer row number greater than or equal to current row number for this Charge type,لا يمكن أن يشير رقم الصف أكبر من أو يساوي رقم الصف الحالي لهذا النوع المسؤول,
Cannot select charge type as 'On Previous Row Amount' or 'On Previous Row Total' for first row,"لا يمكن تحديد نوع الرسوم كما' في مبلغ الصف السابق  ' أو ' في الصف السابق إجمالي "" ل لصف الأول",
Cannot set a received RFQ to No Quote,لا يمكن تعيين استلام RFQ إلى أي اقتباس,
Cannot set as Lost as Sales Order is made.,لا يمكن أن تعين كخسارة لأنه تم تقديم أمر البيع. <br>Cannot set as Lost as Sales Order is made.,
Cannot set authorization on basis of Discount for {0},لا يمكن تحديد التفويض على أساس الخصم ل {0},
Cannot set multiple Item Defaults for a company.,لا يمكن تعيين عدة عناصر افتراضية لأي شركة.,
Cannot set quantity less than delivered quantity,لا يمكن ضبط كمية أقل من الكمية المسلمة,
Cannot set quantity less than received quantity,لا يمكن تعيين كمية أقل من الكمية المستلمة,
Cannot set the field <b>{0}</b> for copying in variants,لا يمكن تعيين الحقل <b>{0}</b> للنسخ في المتغيرات,
Cannot transfer Employee with status Left,لا يمكن نقل الموظف بالحالة Left,
Cannot {0} {1} {2} without any negative outstanding invoice,{0} {1} {2} لا يمكن  من دون أي فاتورة متبقي الدفع سالب,
Capital Equipments,المعدات الكبيرة,
Capital Stock,رأس المال,
Capital Work in Progress,العمل الرأسمالي في التقدم,
Cart,عربة التسوق,
Cart is Empty,السلة فارغة,
Case No(s) already in use. Try from Case No {0},رقم الحالة مستخدم بالفعل. حاول من رقم حالة {0}\n<br>\nCase No(s) already in use. Try from Case No {0},
Cash,نقدي,
Cash Flow Statement,بيان التدفق النقدي,
Cash Flow from Financing,التدفق النقدي من التمويل,
Cash Flow from Investing,التدفق النقد من الاستثمار,
Cash Flow from Operations,التدفق النقدي من العمليات,
Cash In Hand,النقدية الحاضرة,
Cash or Bank Account is mandatory for making payment entry,الحساب النقدي أو البنكي مطلوب لعمل تدوين المدفوعات <br>Cash or Bank Account is mandatory for making payment entry,
Cashier Closing,إغلاق أمين الصندوق,
Casual Leave,أجازة عادية,
Category,الفئة,
Category Name,اسم التصنيف,
Caution,الحذر,
Central Tax,الضريبة المركزية,
Certification,الشهادة,
Cess,Cess,
Change Amount,تغيير المبلغ,
Change Item Code,تغيير رمز الصنف,
Change POS Profile,تغيير الملف الشخصي POS,
Change Release Date,تغيير تاريخ الإصدار,
Change Template Code,تغيير كود القالب,
Changing Customer Group for the selected Customer is not allowed.,لا يسمح بتغيير مجموعة العملاء للعميل المحدد.,
Chapter,الفصل,
Chapter information.,معلومات الفصل.,
Charge of type 'Actual' in row {0} cannot be included in Item Rate,الرسوم من النوع (فعلي) في الصف {0} لا يمكن تضمينها في سعر الصنف,
Chargeble,Chargeble,
Charges are updated in Purchase Receipt against each item,تحديث الرسوم في فاتورة المشتريات مقابل كل صنف,
"Charges will be distributed proportionately based on item qty or amount, as per your selection",وسيتم توزيع الرسوم بشكل متناسب وثيقةا على كمية الصنف أو قيمته، حسب اختيارك,
Chart of Cost Centers,دليل مراكز التكلفة,
Check all,حدد الكل,
Checkout,دفع قبل الخروج,
Chemical,كيماويات,
Cheque,شيك,
Cheque/Reference No,رقم الصك / السند المرجع,
Cheques Required,الشيكات المطلوبة,
Cheques and Deposits incorrectly cleared,الشيكات والودائع تمت تصفيتها بشكل غير صحيح,
Child Item should not be a Product Bundle. Please remove item `{0}` and save,الصنف التابع لا ينبغي أن يكون (حزمة منتجات). الرجاء إزالة الصنف `{0}` والحفظ,
Child Task exists for this Task. You can not delete this Task.,المهمة التابعة موجودة لهذه المهمة. لا يمكنك حذف هذه المهمة.,
Child nodes can be only created under 'Group' type nodes,العقد التابعة يمكن أن تنشأ إلا في إطار 'مجموعة' نوع العُقد,
Child warehouse exists for this warehouse. You can not delete this warehouse.,مستودع فرعي موجود لهذا المستودع. لا يمكنك حذف هذا المستودع.\n<br>\nChild warehouse exists for this warehouse. You can not delete this warehouse.,
Circular Reference Error,Circular Reference Error,
City,المدينة,
City/Town,المدينة / البلدة,
Claimed Amount,المبلغ المطالب به,
Clay,Clay,
Clear filters,تصفية المرشحات,
Clear values,تصفية القيم,
Clearance Date,تاريخ الاستحقاق,
Clearance Date not mentioned,لم يتم ذكر تاريخ الاستحقاق,
Clearance Date updated,تم تحديث تاريخ التخليص\n<br>\nClearance Date updated,
Client,العميل,
Client ID,رمز العميل,
Client Secret,سر العميل,
Clinical Procedure,الإجراء السريري,
Clinical Procedure Template,نموذج الإجراء السريري,
Close Balance Sheet and book Profit or Loss.,اغلاق الميزانية و دفتر الربح أو الخسارة.,
Close Loan,إغلاق القرض,
Close the POS,أغلق POS,
Closed,مغلق,
Closed order cannot be cancelled. Unclose to cancel.,الطلب المغلق لايمكن إلغاؤه. ازالة الاغلاق لكي تتمكن من الالغاء,
Closing (Cr),إغلاق (دائن),
Closing (Dr),إغلاق (مدين),
Closing (Opening + Total),الإغلاق (الافتتاحي + الإجمالي),
Closing Account {0} must be of type Liability / Equity,يجب ان يكون الحساب الختامي {0} من النوع متطلبات/الأسهم\n<br>\nClosing Account {0} must be of type Liability / Equity,
Closing Balance,الرصيد الختامي,
Code,الرمز,
Collapse All,انتهاء الكل,
Color,اللون,
Colour,اللون,
Combined invoice portion must equal 100%,يجب أن يساوي جزء الفاتورة مجتمعة 100%,
Commercial,تجاري,
Commission,العمولة,
Commission Rate %,نسبة العمولة %,
Commission on Sales,عمولة على المبيعات,
Commission rate cannot be greater than 100,لا يمكن أن تكون نسبة العمولة أكبر من 100,
Community Forum,المنتديات,
Company (not Customer or Supplier) master.,الشركة (ليس زبون أو مورد).,
Company Abbreviation,اختصار الشركة,
Company Abbreviation cannot have more than 5 characters,لا يمكن أن يحتوي اختصار الشركة على أكثر من 5 أحرف,
Company Name,اسم الشركة,
Company Name cannot be Company,اسم الشركة لا يمكن أن تكون شركة,
Company currencies of both the companies should match for Inter Company Transactions.,يجب أن تتطابق عملات كلتا الشركتين مع معاملات الشركه الداخليه.,
Company is manadatory for company account,الشركة هي الزاميه لحساب الشركة,
Company name not same,اسم الشركة ليس مماثل\n<br>\nCompany name not same,
Company {0} does not exist,الشركة {0} غير موجودة,
"Company, Payment Account, From Date and To Date is mandatory",الشركة ، حساب الدفع ، من تاريخ والى تاريخ إلزامي,
Compensatory Off,تعويض,
Compensatory leave request days not in valid holidays,أيام طلب الإجازة التعويضية ليست في أيام العطل الصحيحة,
Complaint,الشكوى,
Completed Qty can not be greater than 'Qty to Manufacture',"الكمية المصنعة لا يمكن أن تكون أكبر من ""كمية التصنيع""",
Completion Date,تاريخ الانتهاء,
Computer,الحاسوب,
Condition,الحالة,
Configure,التهيئة,
Configure {0},تكوين {0},
Confirmed orders from Customers.,طلبات مؤكدة من الزبائن.,
Connect Amazon with ERPNext,اتصال الأمازون مع ERPNext,
Connect Shopify with ERPNext,قم بتوصيل Shopify باستخدام ERPNext,
Connect to Quickbooks,الاتصال Quickbooks,
Connected to QuickBooks,متصلة QuickBooks,
Connecting to QuickBooks,الاتصال بQuickBooks,
Consultation,استشارة,
Consultations,الاستشارات,
Consulting,الاستشارات,
Consumable,مستهلك,
Consumed,مستهلك,
Consumed Amount,القيمة المستهلكة,
Consumed Qty,الكميةالمستهلكه,
Consumer Products,منتجات المستهلك,
Contact,جهة الإتصال,
Contact Details,تفاصيل الاتصال,
Contact Number,رقم جهة الإتصال,
Contact Us,اتصل بنا,
Content,المحتوى,
Content Masters, المحتوى الاساسي,
Content Type,نوع المحتوى,
Continue Configuration,متابعة الاعدادات,
Contract,العقد,
Contract End Date must be greater than Date of Joining,يجب أن يكون تاريخ انتهاء العقد بعد تاريخ الالتحاق بالعمل,
Contribution %,المساهمة %,
Contribution Amount,قيمة المساهمة,
Conversion factor for default Unit of Measure must be 1 in row {0},معامل التحويل الافتراضي لوحدة القياس يجب أن يكون 1 في الصف {0},
Conversion rate cannot be 0 or 1,لا يمكن أن يكون معدل التحويل 0 أو 1,
Convert to Group,تحويل إلى تصنيف (مجموعة),
Convert to Non-Group,تحويل الي تصنيف (غير المجموعه),
Cosmetics,مستحضرات التجميل,
Cost Center,مركز التكلفة,
Cost Center Number,رقم مركز التكلفة,
Cost Center and Budgeting,مركز التكلفة والميزانية,
Cost Center is required in row {0} in Taxes table for type {1},مركز التكلفة مطلوب في الصف {0} في جدول الضرائب للنوع {1}\n<br>\nCost Center is required in row {0} in Taxes table for type {1},
Cost Center with existing transactions can not be converted to group,"مركز التكلفة لحركات مالية متواجده, لا يمكن تحويله لمجموعة\n<br>\nCost Center with existing transactions can not be converted to group",
Cost Center with existing transactions can not be converted to ledger,مركز التكلفة مع المعاملات الحالية لا يمكن تحويلها إلى حساب الاستاذ العام,
Cost Centers,مراكز التكلفة,
Cost Updated,تم تحديث التكلفة\n<br>\nCost Updated,
Cost as on,التكلفة كما في,
Cost of Delivered Items,تكلفة البنود المسلمة,
Cost of Goods Sold,تكلفة البضاعة المباعة,
Cost of Issued Items,تكلفة المواد المصروفة,
Cost of New Purchase,تكلفة الشراء الجديد,
Cost of Purchased Items,تكلفة الاصناف التي تم شراؤها,
Cost of Scrapped Asset,تكلفة الأصول الملغاة او المخردة,
Cost of Sold Asset,تكلفة الأصول المباعة,
Cost of various activities,تكلفة الأنشطة المختلفة,
"Could not create Credit Note automatically, please uncheck 'Issue Credit Note' and submit again",تعذر إنشاء إشعار دائن تلقائيًا ، يُرجى إلغاء تحديد &quot;إشعار دائن جديد&quot; وإرساله مرة أخرى,
Could not generate Secret,لا يمكن أن يبين السرية,
Could not retrieve information for {0}.,تعذر استرداد المعلومات ل {0}.,
Could not solve criteria score function for {0}. Make sure the formula is valid.,تعذر حل معايير نتيجه المعادله ل{0}. تأكد من أن الصيغة صحيحة.,
Could not solve weighted score function. Make sure the formula is valid.,تعذر حل نتيجه للمعادله المرجحة. تأكد من أن الصيغة صحيحة.,
Could not submit some Salary Slips,لا يمكن تقديم بعض قسائم الرواتب,
"Could not update stock, invoice contains drop shipping item.",تعذر تحديث المخزون، الفاتورة تحتوي على سقوط صنف مشحون.,
Country wise default Address Templates,نماذج العناوين الافتراضية للبلدان,
Course,المقرر التعليمي,
Course Code: ,رمز المقرر:,
Course Enrollment {0} does not exists,تسجيل الدورة التدريبية {0} غير موجود,
Course Schedule,الجدول الزمني للمقرر التعليمي,
Course: ,دورة:,
Cr,Cr,
Create,انشاء,
Create BOM,إنشاء BOM,
Create Delivery Trip,إنشاء رحلة تسليم,
Create Disbursement Entry,إنشاء إدخال الصرف,
Create Employee,إنشاء موظف,
Create Employee Records,إنشاء سجلات موظف,
"Create Employee records to manage leaves, expense claims and payroll",إنشاء سجلات موظف لإدارة الإجازات والمطالبة بالمصروفات والرواتب,
Create Fee Schedule,إنشاء جدول الرسوم,
Create Fees,إنشاء رسوم,
Create Inter Company Journal Entry,إنشاء Inter Journal Journal Entry,
Create Invoice,إنشاء فاتورة,
Create Invoices,إنشاء الفواتير,
Create Job Card,إنشاء بطاقة العمل,
Create Journal Entry,إنشاء إدخال دفتر اليومية,
Create Lab Test,إنشاء اختبار معملي,
Create Lead,إنشاء زبون محتمل,
Create Leads,إنشاء زبائن محتملين,
Create Maintenance Visit,إنشاء زيارة الصيانة,
Create Material Request,إنشاء طلب المواد,
Create Multiple,انشاء سطور متعددة,
Create Opening Sales and Purchase Invoices,إنشاء فواتير المبيعات و الشراء الافتتاحيه,
Create Payment Entries,إنشاء إدخالات الدفع,
Create Payment Entry,إنشاء إدخال الدفع,
Create Print Format,إنشاء تنسيق طباعة,
Create Purchase Order,إنشاء أمر الشراء,
Create Purchase Orders,إنشاء أمر شراء,
Create Quotation,إنشاء عرض سعر,
Create Salary Slip,إنشاء كشف الرواتب,
Create Salary Slips,إنشاء قسائم الرواتب,
Create Sales Invoice,إنشاء فاتورة مبيعات,
Create Sales Order,إنشاء أمر مبيعات,
Create Sales Orders to help you plan your work and deliver on-time,قم بإنشاء أوامر المبيعات لمساعدتك في تخطيط عملك وتقديمه في الوقت المحدد,
Create Sample Retention Stock Entry,إنشاء نموذج إدخال مخزون الاحتفاظ,
Create Student,انشاء طالب,
Create Student Batch,إنشاء دفعة الطالب,
Create Student Groups,إنشاء مجموعات الطلاب,
Create Supplier Quotation,إنشاء عرض سعر مورد,
Create Tax Template,إنشاء قالب الضريبة,
Create Timesheet,إنشاء الجدول الزمني,
Create User,إنشاء مستخدم جديد,
Create Users,إنشاء المستخدمين,
Create Variant,إنشاء متغير,
Create Variants,إنشاء المتغيرات,
Create a new Customer,إنشاء زبون جديد,
"Create and manage daily, weekly and monthly email digests.",إنشاء وإدارة البريد الإلكتروني يوميا وأسبوعية وشهرية .,
Create customer quotes,إنشاء عروض مسعرة للزبائن,
Create rules to restrict transactions based on values.,إنشاء قواعد لتقييد المعاملات على أساس القيم.,
Created By,منشئه بواسطه,
Created {0} scorecards for {1} between: ,تم إنشاء {0} بطاقات الأداء {1} بين:,
Creating Company and Importing Chart of Accounts,إنشاء شركة واستيراد مخطط الحسابات,
Creating Fees,إنشاء الرسوم,
Creating Payment Entries......,إنشاء إدخالات الدفع ......,
Creating Salary Slips...,إنشاء قسائم الرواتب ...,
Creating student groups,إنشاء مجموعات الطلاب,
Creating {0} Invoice,إنشاء الفاتورة {0},
Credit,دائن,
Credit ({0}),الدائن({0}),
Credit Account,حساب دائن,
Credit Balance,رصيد الدائن,
Credit Card,بطاقة ائتمان,
Credit Days cannot be a negative number,لا يمكن أن تكون أيام الائتمان رقما سالبا,
Credit Limit,الحد الائتماني,
Credit Note,إشعار دائن,
Credit Note Amount,مبلغ اشعار الائتمان,
Credit Note Issued,اصدار اشعار ائتمان ,
Credit Note {0} has been created automatically,تم إنشاء اشعار الائتمان {0} تلقائيًا,
Credit limit has been crossed for customer {0} ({1}/{2}),تم تجاوز حد الائتمان للعميل {0} ({1} / {2}),
Creditors,الدائنين,
Criteria weights must add up to 100%,يجب أن تضيف معايير الأوزان ما يصل إلى 100%,
Crop Cycle,دورة المحاصيل,
Crops & Lands,المحاصيل والأراضي,
Currency Exchange must be applicable for Buying or for Selling.,يجب أن يكون صرف العملات ساريًا للشراء أو البيع.,
Currency can not be changed after making entries using some other currency,لا يمكن تغيير العملة بعد إجراء إدخالات باستخدام بعض العملات الأخرى,
Currency exchange rate master.,الاساس الخاص بأسعار صرف العملات.,
Currency for {0} must be {1},العملة ل {0} يجب أن تكون {1} \n<br>\nCurrency for {0} must be {1},
Currency is required for Price List {0},العملة مطلوبة لقائمة الأسعار {0},
Currency of the Closing Account must be {0},عملة الحساب الختامي يجب أن تكون {0},
Currency of the price list {0} must be {1} or {2},العملة من قائمة الأسعار {0} يجب أن تكون {1} أو {2},
Currency should be same as Price List Currency: {0},يجب أن تكون العملة مماثلة لعملة قائمة الأسعار: {0},
Current,الجاري,
Current Assets,أصول متداولة,
Current BOM and New BOM can not be same,فاتورة المواد الحالية وفاتورة المواد الجديدة لايمكن أن يكونوا نفس الفاتورة\n<br>\nCurrent BOM and New BOM can not be same,
Current Job Openings,فرص العمل الحالية,
Current Liabilities,الخصوم المتداولة,
Current Qty,الكمية الحالية,
Current invoice {0} is missing,الفاتورة الحالية {0} مفقودة,
Custom HTML,مخصصةHTML,
Custom?,مخصص؟,
Customer,العميل,
Customer Addresses And Contacts,عناوين العملاء وجهات الإتصال,
Customer Contact,معلومات اتصال العميل,
Customer Database.,قاعدة بيانات العميل,
Customer Group,مجموعة العميل,
Customer Group is Required in POS Profile,مطلوب مجموعة العملاء في الملف الشخصي نقاط البيع,
Customer LPO,العميل لبو,
Customer LPO No.,العميل لبو رقم,
Customer Name,اسم العميل,
Customer POS Id,الرقم التعريفي لنقاط البيع للعملاء,
Customer Service,خدمة العملاء,
Customer and Supplier,العميل والمورد,
Customer is required,العميل مطلوب,
Customer isn't enrolled in any Loyalty Program,العميل غير مسجل في أي برنامج ولاء,
Customer required for 'Customerwise Discount',الزبون مطلوب للخصم المعني بالزبائن,
Customer {0} does not belong to project {1},العميل {0} لا ينتمي الى المشروع {1}\n<br>\nCustomer {0} does not belong to project {1},
Customer {0} is created.,تم إنشاء العميل {0}.,
Customers in Queue,العملاء في قائمة الانتظار,
Customize Homepage Sections,تخصيص أقسام الصفحة الرئيسية,
Customizing Forms,Customizing Forms,
Daily Project Summary for {0},ملخص المشروع اليومي لـ {0},
Daily Reminders,تذكير يومي,
Daily Work Summary,ملخص العمل اليومي,
Daily Work Summary Group,مجموعة ملخص العمل اليومي,
Data Import and Export,استيراد وتصدير البيانات,
Data Import and Settings,استيراد البيانات والإعدادات,
Database of potential customers.,قاعدة بيانات الزبائن المحتملين.,
Date Format,تنسيق التاريخ,
Date Of Retirement must be greater than Date of Joining,تاريخ التقاعد يجب أن يكون أكبر من تاريخ ا?نضمام\n<br>\nDate Of Retirement must be greater than Date of Joining,
Date is repeated,تاريخ متكرر\n<br>\nDate is repeated,
Date of Birth,تاريخ الميلاد,
Date of Birth cannot be greater than today.,تاريخ الميلاد لا يمكن أن يكون بعد تاريخ اليوم.,
Date of Commencement should be greater than Date of Incorporation,يجب أن يكون تاريخ البدء أكبر من تاريخ التأسيس,
Date of Joining,تاريخ الالتحاق بالعمل,
Date of Joining must be greater than Date of Birth,تاريخ ا?نضمام يجب أن يكون أكبر من تاريخ الميلاد\n<br>\nDate of Joining must be greater than Date of Birth,
Date of Transaction,تاريخ المعاملة,
Datetime,التاريخ والوقت,
Day,يوم,
Debit,مدين,
Debit ({0}),مدين ({0}),
Debit A/C Number,رقم الخصم,
Debit Account,حساب مدين,
Debit Note,إشعار مدين,
Debit Note Amount,مبلغ إشعار المدين,
Debit Note Issued,تم اصدار إشعار الخصم,
Debit To is required,مدين الى مطلوب,
Debit and Credit not equal for {0} #{1}. Difference is {2}.,المدين و الدائن غير متساوي ل {0} # {1}. الفرق هو {2}.,
Debtors,المدينون,
Debtors ({0}),المدينون ({0}),
Declare Lost,اعلان فقدان,
Deduction,الخصم,
Default Activity Cost exists for Activity Type - {0},تكلفة النشاط الافتراضي موجودة لنوع النشاط - {0},
Default BOM ({0}) must be active for this item or its template,يجب أن تكون قائمة المواد الافتراضية ({0}) نشطة لهذا الصنف أو قوالبه,
Default BOM for {0} not found,فاتورة المواد ل {0} غير موجودة\n<br>\nDefault BOM for {0} not found,
Default BOM not found for Item {0} and Project {1},لم يتم العثور على قائمة المواد الافتراضية للمادة {0} والمشروع {1},
Default Letter Head,ترويسة التقارير الأفتراضية,
Default Tax Template,نموذج الضرائب الافتراضي,
Default Unit of Measure for Item {0} cannot be changed directly because you have already made some transaction(s) with another UOM. You will need to create a new Item to use a different Default UOM.,لا يمكن تغيير وحدة القياس الافتراضية للصنف {0} مباشرة لأنك قمت بالفعل ببعض المعاملات (المعاملة) مع UOM أخرى. ستحتاج إلى إنشاء عنصر جديد لاستخدام واجهة مستخدم افتراضية مختلفة.\n<br>\nDefault Unit of Measure for Item {0} cannot be changed directly because you have already made some transaction(s) with another UOM. You will need to create a new Item to use a different Default UOM.,
Default Unit of Measure for Variant '{0}' must be same as in Template '{1}',وحدة القياس الافتراضية للمتغير '{0}' يجب أن تكون كما في النمودج '{1}',
Default settings for buying transactions.,إعدادات افتراضية لمعاملات الشراء.,
Default settings for selling transactions.,الإعدادات الافتراضية لمعاملات البيع.,
Default tax templates for sales and purchase are created.,تم إنشاء قوالب الضرائب الافتراضية للمبيعات والمشتريات.,
Default warehouse is required for selected item,المستودع الافتراضي للصنف المحدد متطلب,
Defaults,الافتراضات,
Defense,الدفاع,
Define Project type.,تعريف نوع المشروع.,
Define budget for a financial year.,تحديد ميزانية السنة المالية,
Define various loan types,تحديد أنواع القروض المختلفة,
Del,حذف,
Delay in payment (Days),التأخير في الدفع (أيام),
Delete all the Transactions for this Company,حذف كل المعاملات المتعلقة بالشركة\n<br>\nDelete all the Transactions for this Company,
Delete permanently?,الحذف بشكل نهائي؟,
Deletion is not permitted for country {0},الحذف غير مسموح به في البلد {0},
Delivered,تسليم,
Delivered Amount,القيمة التي تم تسليمها,
Delivered Qty,الكمية المستلمة,
Delivered: {0},تسليم: {0},
Delivery,تسليم,
Delivery Date,تاريخ التسليم,
Delivery Note,إشعار التسليم,
Delivery Note {0} is not submitted,لم يتم اعتماد ملاحظه التسليم {0}\n<br>\nDelivery Note {0} is not submitted,
Delivery Note {0} must not be submitted,ملاحظة التسليم {0} يجب ان تكون ارسلت\n<br>\nDelivery Note {0} must not be submitted,
Delivery Notes {0} must be cancelled before cancelling this Sales Order,مذكرات التسليم {0} يجب أن يتم الغاؤها قبل الغاء أمر البيع هذا\n<br>\nDelivery Notes {0} must be cancelled before cancelling this Sales Order,
Delivery Notes {0} updated,تم تعديل إشعار  التسليم {0},
Delivery Status,حالة التسليم,
Delivery Trip,عملية التوصيل,
Delivery warehouse required for stock item {0},مستودع التسليم مطلوب للصنف المستودعي {0}\n<br>\nDelivery warehouse required for stock item {0},
Department,الادارة,
Department Stores,مخازن الادارات,
Depreciation,الإهلاك,
Depreciation Amount,قيمة الإهلاك,
Depreciation Amount during the period,قيمة الإهلاك خلال الفترة,
Depreciation Date,تاريخ الإهلاك,
Depreciation Eliminated due to disposal of assets,تم إلغاء الإهلاك بسبب التخلص من الأصول,
Depreciation Entry,حركة الإهلاك,
Depreciation Method,طريقة الإهلاك,
Depreciation Row {0}: Depreciation Start Date is entered as past date,صف الإهلاك {0}: تاريخ بدء الإهلاك تم إدخاله كتاريخ سابق,
Depreciation Row {0}: Expected value after useful life must be greater than or equal to {1},صف الإهلاك {0}: يجب أن تكون القيمة المتوقعة بعد العمر الافتراضي أكبر من أو تساوي {1},
Depreciation Row {0}: Next Depreciation Date cannot be before Available-for-use Date,صف الإهلاك {0}: لا يمكن أن يكون تاريخ الاهلاك التالي قبل تاريخ المتاح للاستخدام,
Depreciation Row {0}: Next Depreciation Date cannot be before Purchase Date,صف الإهلاك {0}: لا يمكن أن يكون تاريخ الاهلاك قبل تاريخ الشراء,
Designer,مصمم,
Detailed Reason,سبب مفصل,
Details,تفاصيل,
Details of Outward Supplies and inward supplies liable to reverse charge,تفاصيل اللوازم الخارجية واللوازم الداخلية عرضة للشحن العكسي,
Details of the operations carried out.,تفاصيل العمليات المنجزة,
Diagnosis,التشخيص,
Did not find any item called {0},لم يتم العثور على أي صنف يسمى {0},
Diff Qty,الفرق بالكمية,
Difference Account,حساب الفرق,
"Difference Account must be a Asset/Liability type account, since this Stock Reconciliation is an Opening Entry","حساب الفرق يجب أن يكون حساب الأصول / حساب نوع الالتزام، حيث يعتبر تسوية المخزون بمثابة مدخل افتتاح\n<br>\nDifference Account must be a Asset/Liability type account, since this Stock Reconciliation is an Opening Entry",
Difference Amount,مقدار الفرق,
Difference Amount must be zero,مبلغ الفرق يجب أن يكون صفر\n<br>\nDifference Amount must be zero,
Miss,الآنسة,
Different UOM for items will lead to incorrect (Total) Net Weight value. Make sure that Net Weight of each item is in the same UOM.,UOM المختلفة للعناصر سوف ترتبط بقيمة الحجم الصافي الغير صحيحة . تاكد الحجم الصافي لكل عنصر هي نفس UOM\n<br>\nDifferent UOM for items will lead to incorrect (Total) Net Weight value. Make sure that Net Weight of each item is in the same UOM.,
Direct Expenses,المصروفات المباشرة,
Direct Income,إيراد مباشر,
Disable,تعطيل,
Disabled template must not be default template,يجب ألا يكون النموذج المعطل هو النموذج الافتراضي,
Disburse Loan,صرف القرض,
Disbursed,مصروف,
Disc,القرص,
Discharge,إبراء الذمة,
Discount,خصم,
Discount Percentage can be applied either against a Price List or for all Price List.,نسبة الخصم ممكن أن تطبق على قائمة الأسعار أو على جميع قوائم الأسعار,
Discount amount cannot be greater than 100%,مبلغ الخصم لا يمكن أن يكون أكبر من 100?,
Discount must be less than 100,يجب أن يكون الخصم أقل من 100,
Diseases & Fertilizers,الأمراض والأسمدة,
Dispatch,ارسال,
Dispatch Notification,إعلام الإرسال,
Dispatch State,حالة الإرسال,
Distance,مسافة,
Distribution,التوزيع,
Distributor,الموزع,
Dividends Paid,توزيع الأرباح,
Do you really want to restore this scrapped asset?,هل تريد حقا  استعادة هذه الأصول المخردة ؟,
Do you really want to scrap this asset?,هل تريد حقا  تخريد هذه الأصول؟,
Do you want to notify all the customers by email?,هل تريد أن تخطر جميع العملاء عن طريق البريد الإلكتروني؟,
Doc Date,تاريخ الوثيقة,
Doc Name,اسم الوثيقة,
Doc Type,نوع الوثيقة,
Docs Search,بحث الوثائق,
Document Name,اسم الوثيقة,
Document Status,حالة الوثيقة,
Document Type,نوع الوثيقة,
Documentation,وثائق المساعدة,
Domain,مجال العمل,
Domains,المجالات,
Done,تم الانجاز,
Donor,الجهات المانحة,
Donor Type information.,المانح نوع المعلومات.,
Donor information.,معلومات الجهات المانحة.,
Download JSON,تحميل JSON,
Draft,غير مؤكدة,
Drop Ship,إسقاط الشحن,
Drug,الادوية,
Due / Reference Date cannot be after {0},تاريخ الاستحقاق أو المرجع لا يمكن أن يكون بعد {0},
Due Date cannot be before Posting / Supplier Invoice Date,تاريخ الاستحقاق لا يمكن أن يسبق تاريخ الترحيل/ فاتورة المورد,
Due Date is mandatory,(تاريخ الاستحقاق) إلزامي,
Duplicate Entry. Please check Authorization Rule {0},إدخال مكرر. يرجى التحقق من قاعدة التخويل {0},
Duplicate Serial No entered for Item {0},تكرار المسلسل لا دخل القطعة ل {0},
Duplicate customer group found in the cutomer group table,تم العثور على فئة زبائن مكررة في جدول فئات الزبائن,
Duplicate entry,إدخال مكرر\n<br>\nDuplicate entry,
Duplicate item group found in the item group table,تم العثور علي مجموعه عناصر مكرره في جدول مجموعه الأصناف\n<br>\nDuplicate item group found in the item group table,
Duplicate roll number for student {0},رقم لفة مكرر للطالب {0},
Duplicate row {0} with same {1},صف مكرر {0} مع نفس {1},
Duplicate {0} found in the table,مكرر {0} موجود في الجدول,
Duration in Days,المدة في أيام,
Duties and Taxes,الرسوم والضرائب,
E-Invoicing Information Missing,الفواتير الإلكترونية معلومات مفقودة,
ERPNext Demo,تمكين ERPNext التجريبي,
ERPNext Settings,إعدادات تمكين ERPNext,
Earliest,من سابق,
Earnest Money,العربون,
Earning,مكتسب,
Edit,تعديل,
Edit Publishing Details,تحرير تفاصيل النشر,
"Edit in full page for more options like assets, serial nos, batches etc.",يمكنك التعديل في الصفحة الكاملة للحصول على مزيد من الخيارات مثل مواد العرض، والرقم التسلسلي، والدفقات، إلخ.,
Education,التعليم,
Either location or employee must be required,الموقع أو الموظف، أحدهما إلزامي,
Either target qty or target amount is mandatory,الكمية المستهدفة أو المبلغ المستهدف، أحدهما إلزامي,
Either target qty or target amount is mandatory.,الكمية المستهدفة أو المبلغ المستهدف، أحدهما إلزامي,
Electrical,كهربائي,
Electronic Equipments,المعدات الإلكترونية,
Electronics,إلكترونيات,
Eligible ITC,مؤهل ITC,
Email Account,حساب البريد الإلكتروني,
Email Address,البريد الالكتروني,
"Email Address must be unique, already exists for {0}","البريد الالكتروني يجب أن يكون فريد، البريد المدخل موجود بالفعل لـ {0} <br>Email Address must be unique, already exists for {0}",
Email Digest: ,الملخصات من خلال البريد الإلكتروني:,
Email Reminders will be sent to all parties with email contacts,سيتم إرسال تذكيرات البريد الإلكتروني إلى جميع الأطراف مع جهات الاتصال البريد الإلكتروني,
Email Sent,إرسال البريد الإلكتروني,
Email Template,قالب البريد الإلكتروني,
Email not found in default contact,لم يتم العثور على البريد الإلكتروني في جهة الاتصال الافتراضية,
Email sent to supplier {0},الايميل تم ارساله إلى المورد {0},
Email sent to {0},أرسل بريد إلكتروني إلى {0},
Employee,الموظف,
Employee A/C Number,موظف A / C رقم,
Employee Advances,سلف الموظفين,
Employee Benefits,الميزات للموظف,
Employee Grade,درجة الموظف,
Employee ID,هوية الموظف,
Employee Lifecycle,دورة حياة الموظف,
Employee Name,اسم الموظف,
Employee Promotion cannot be submitted before Promotion Date ,لا يمكن تقديم ترقية الموظف قبل تاريخ العرض,
Employee Referral,إحالة موظف,
Employee Transfer cannot be submitted before Transfer Date ,لا يمكن تقديم نقل الموظف قبل تاريخ النقل,
Employee cannot report to himself.,الموظف لا يمكن أن يقدم تقريرا إلى نفسه.\n<br>\nEmployee cannot report to himself.,
Employee relieved on {0} must be set as 'Left',الموظف الذي ترك العمل في {0} يجب أن يتم تحديده ' مغادر ',
Employee status cannot be set to 'Left' as following employees are currently reporting to this employee:&nbsp;,لا يمكن تعيين حالة الموظف على &quot;يسار&quot; لأن الموظفين التاليين يقومون حاليًا بإبلاغ هذا الموظف:,
Employee {0} already submited an apllication {1} for the payroll period {2},قام الموظف {0} بالفعل بإرسال apllication {1} لفترة المرتبات {2},
Employee {0} has already applied for {1} between {2} and {3} : ,الموظف {0} قد طبق بالفعل على {1} بين {2} و {3}:,
Employee {0} has already applied for {1} on {2} : ,الموظف {0} قد تم تطبيقه بالفعل على {1} في {2}:,
Employee {0} has no maximum benefit amount,الموظف {0} ليس لديه الحد الأقصى لمبلغ الاستحقاق,
Employee {0} is not active or does not exist,الموظف {0} غير فعال أو غير موجود\n<br>\nEmployee {0} is not active or does not exist,
Employee {0} is on Leave on {1},الموظف {0} في وضع الإجازة على {1},
Employee {0} of grade {1} have no default leave policy,ليس لدى الموظف {0} من الدرجة {1} سياسة إجازة افتراضية,
Employee {0} on Half day on {1},الموظف {0} لديه اجازة نصف يوم في {1},
Enable,تمكين,
Enable / disable currencies.,تمكين / تعطيل العملات .,
Enabled,تمكين,
"Enabling 'Use for Shopping Cart', as Shopping Cart is enabled and there should be at least one Tax Rule for Shopping Cart",تمكين &quot;استخدام لسلة التسوق، كما تم تمكين سلة التسوق وأن يكون هناك واحد على الأقل القاعدة الضريبية لسلة التسوق,
End Date,نهاية التاريخ,
End Date can not be less than Start Date,تاريخ النهاية لا يمكن أن يكون اقل من تاريخ البدء\n<br>\nEnd Date can not be less than Start Date,
End Date cannot be before Start Date.,لا يمكن أن يكون تاريخ الانتهاء قبل تاريخ البدء.,
End Year,نهاية السنة,
End Year cannot be before Start Year,نهاية العام لا يمكن أن يكون قبل بداية العام,
End on,ينتهي في,
End time cannot be before start time,لا يمكن أن يكون وقت الانتهاء قبل وقت البدء,
Ends On date cannot be before Next Contact Date.,لا يمكن أن يكون تاريخ الانتهاء قبل تاريخ الاتصال التالي.,
Energy,طاقة,
Engineer,مهندس,
Enough Parts to Build,أجزاء كافيه للبناء,
Enroll,تسجيل,
Enrolling student,تسجيل الطالب,
Enrolling students,تسجيل الطلاب,
Enter depreciation details,أدخل تفاصيل الاهلاك,
Enter the Bank Guarantee Number before submittting.,أدخل رقم الضمان البنكي قبل التقديم.,
Enter the name of the Beneficiary before submittting.,أدخل اسم المستفيد قبل التقديم.,
Enter the name of the bank or lending institution before submittting.,أدخل اسم البنك أو مؤسسة الإقراض قبل التقديم.,
Enter value betweeen {0} and {1},أدخل القيمة betweeen {0} و {1},
Enter value must be positive,إدخال القيمة يجب أن يكون موجبا,
Entertainment & Leisure,الترفيه وتسلية,
Entertainment Expenses,نفقات الترفيه,
Equity,حقوق الملكية,
Error Log,سجل الأخطاء,
Error evaluating the criteria formula,حدث خطأ أثناء تقييم صيغة المعايير,
Error in formula or condition: {0},خطأ في المعادلة أو الشرط: {0}\n<br>\nError in formula or condition: {0},
Error while processing deferred accounting for {0},خطأ أثناء معالجة المحاسبة المؤجلة لـ {0},
Error: Not a valid id?,خطأ: هوية غير صحيحة؟,
Estimated Cost,التكلفة التقديرية,
Evaluation,التقييم,
"Even if there are multiple Pricing Rules with highest priority, then following internal priorities are applied:",حتى إذا كانت هناك قواعد تسعير متعددة ذات أولوية قصوى، يتم تطبيق الأولويات الداخلية التالية:,
Event,الحدث,
Event Location,موقع الحدث,
Event Name,إسم الحدث,
Exchange Gain/Loss,أرباح / خسائر فارق العملة,
Exchange Rate Revaluation master.,إعادة تقييم سعر الصرف.,
Exchange Rate must be same as {0} {1} ({2}),يجب أن يكون سعر الصرف نفس {0} {1} ({2}),
Excise Invoice,المكوس الفاتورة,
Execution,تنفيذ,
Executive Search,البحث التنفيذي,
Expand All,توسيع الكل,
Expected Delivery Date,تاريخ التسليم المتوقع,
Expected Delivery Date should be after Sales Order Date,يجب أن يكون تاريخ التسليم المتوقع بعد تاريخ أمر المبيعات,
Expected End Date,تاريخ الإنتهاء المتوقع,
Expected Hrs,الساعات المتوقعة,
Expected Start Date,تاريخ البدأ المتوقع,
Expense,مصروف,
Expense / Difference account ({0}) must be a 'Profit or Loss' account,حساب نفقات / قروق ({0}) يجب ان يكون حساب ارباح و خسائر,
Expense Account,حساب المصروف,
Expense Claim,طلب مصروف,
Expense Claim for Vehicle Log {0},مطالبه المصروفات لسجل المركبات {0},
Expense Claim {0} already exists for the Vehicle Log,المطالبة بالمصروفات {0} بالفعل موجوده في سجل الآلية,
Expense Claims,مطالبات المستحقات المالية,
Expense account is mandatory for item {0},اجباري حساب المصروفات للصنف {0},
Expense or Difference account is mandatory for Item {0} as it impacts overall stock value,حساب المصروفات أو حساب الفروقات إلزامي للصنف {0} لأنه يؤثر على القيمة الإجمالية للمخزون,
Expenses,المصروفات,
Expenses Included In Asset Valuation,المصروفات المدرجة في تقييم الأصول,
Expenses Included In Valuation,المصروفات المدرجة في تقييم السعر,
Expired Batches,دفعات منتهية الصلاحية,
Expires On,تنتهي صلاحيته في,
Expiring On,تنتهي في,
Expiry (In Days),انتهاء (في يوم),
Explore,إستكشاف,
Export E-Invoices,تصدير الفواتير الإلكترونية,
Extra Large,كبير جدا,
Extra Small,صغير جدا,
Fail,فشل,
Failed,باءت بالفشل,
Failed to create website,فشل في إنشاء الموقع الالكتروني,
Failed to install presets,فشل في تثبيت الإعدادات المسبقة,
Failed to login,فشل في تسجيل الدخول,
Failed to setup company,فشل في إعداد الشركة,
Failed to setup defaults,فشل في إعداد الإعدادات الافتراضية,
Failed to setup post company fixtures,فشل في إعداد تركيبات الشركة,
Fax,فاكس,
Fee,رسوم,
Fee Created,الرسوم التي تم إنشاؤها,
Fee Creation Failed,فشل إنشاء الرسوم,
Fee Creation Pending,إنشاء الرسوم معلقة,
Fee Records Created - {0},سجلات الرسوم  تم انشاؤها - {0},
Feedback,Feedback,
Fees,الرسوم,
Female,أنثى,
Fetch Data,ابحث عن المعلومة,
Fetch Subscription Updates,جلب تحديثات الاشتراك,
Fetch exploded BOM (including sub-assemblies),جلب exploded BOM (بما في ذلك المجالس الفرعية),
Fetching records......,جلب السجلات ......,
Field Name,اسم الحقل,
Fieldname,اسم الحقل,
Fields,الحقول,
Fill the form and save it,قم بتعبئة النموذج وحفظه,
Filter Employees By (Optional),تصفية الموظفين حسب (اختياري),
"Filter Fields Row #{0}: Fieldname <b>{1}</b> must be of type ""Link"" or ""Table MultiSelect""",تصفية حقول الصف # {0}: يجب أن يكون اسم الحقل <b>{1}</b> من النوع &quot;Link&quot; أو &quot;Table MultiSelect&quot;,
Filter Total Zero Qty,تصفية مجموع صفر الكمية,
Finance Book,سجل التمويل,
Financial / accounting year.,مالي / سنة محاسبية.,
Financial Services,الخدمات المالية,
Financial Statements,البيانات المالية,
Financial Year,سنة مالية,
Finish,إنهاء,
Finished Good,منتج منتهي,
Finished Good Item Code,انتهى رمز الصنف جيدة,
Finished Goods,السلع تامة الصنع,
Finished Item {0} must be entered for Manufacture type entry,غير مسموح بنقل أكثر {0} من {1} ضد أمر الشراء {2}<br>\nFinished Item {0} must be entered for Manufacture type entry,
Finished product quantity <b>{0}</b> and For Quantity <b>{1}</b> cannot be different,لا يمكن أن تكون كمية المنتج النهائي <b>{0}</b> و For Quantity <b>{1}</b> مختلفة,
First Name,الاسم الأول,
"Fiscal Regime is mandatory, kindly set the fiscal regime in the company {0}",النظام المالي إلزامي ، يرجى تعيين النظام المالي في الشركة {0},
Fiscal Year,السنة المالية,
Fiscal Year End Date should be one year after Fiscal Year Start Date,يجب أن يكون تاريخ انتهاء السنة المالية بعد سنة واحدة من تاريخ بدء السنة المالية,
Fiscal Year Start Date and Fiscal Year End Date are already set in Fiscal Year {0},تم تحديد تاريخ بداية السنة المالية و تاريخ نهاية السنة المالية للسنة المالية {0},
Fiscal Year Start Date should be one year earlier than Fiscal Year End Date,يجب أن يكون تاريخ بدء السنة المالية قبل سنة واحدة من تاريخ نهاية السنة المالية,
Fiscal Year {0} does not exist,السنة المالية {0} غير موجودة,
Fiscal Year {0} is required,السنة المالية {0} مطلوبة,
Fiscal Year {0} not found,السنة المالية {0} غير موجودة\n<br>\nFiscal Year {0} not found,
Fiscal Year: {0} does not exists,السنة المالية: {0} غير موجودة,
Fixed Asset,الأصول الثابتة,
Fixed Asset Item must be a non-stock item.,يجب أن يكون صنف الأصول الثابتة عنصرا غير مخزون.<br>\nFixed Asset Item must be a non-stock item.,
Fixed Assets,الاصول الثابتة,
Following Material Requests have been raised automatically based on Item's re-order level,تم رفع طلبات المواد التالية تلقائيا بناء على مستوى اعادة الطلب للبنود,
Following accounts might be selected in GST Settings:,قد يتم اختيار الحسابات التالية في إعدادات ضريبة السلع والخدمات:,
Following course schedules were created,تم إنشاء الجداول الزمنية التالية,
Following item {0} is not marked as {1} item. You can enable them as {1} item from its Item master,لم يتم وضع علامة على الصنف {0} التالي كعنصر {1}. يمكنك تمكينها كـ عنصر {1} من العنصر الرئيسي الخاص بها,
Following items {0} are not marked as {1} item. You can enable them as {1} item from its Item master,العناصر التالية {0} غير مميزة كعنصر {1}. يمكنك تمكينها كـ عنصر {1} من العنصر الرئيسي الخاص بها,
Food,الطعام,
"Food, Beverage & Tobacco",الأغذية والمشروبات والتبغ,
For,لأجل,
"For 'Product Bundle' items, Warehouse, Serial No and Batch No will be considered from the 'Packing List' table. If Warehouse and Batch No are same for all packing items for any 'Product Bundle' item, those values can be entered in the main Item table, values will be copied to 'Packing List' table.","For 'Product Bundle' items, Warehouse, Serial No and Batch No will be considered from the 'Packing List' table. If Warehouse and Batch No are same for all packing items for any 'Product Bundle' item, those values can be entered in the main Item table, values will be copied to 'Packing List' table.",
For Employee,للموظف,
For Quantity (Manufactured Qty) is mandatory,للكمية (الكمية المصنعة) إلزامية\n<br>\nFor Quantity (Manufactured Qty) is mandatory,
For Supplier,للمورد,
For Warehouse,لمستودع,
For Warehouse is required before Submit,مستودع (الى) مطلوب قبل التسجيل\n<br>\nFor Warehouse is required before Submit,
"For an item {0}, quantity must be negative number",بالنسبة إلى عنصر {0} ، يجب أن تكون الكمية رقمًا سالبًا,
"For an item {0}, quantity must be positive number",بالنسبة إلى عنصر {0} ، يجب أن تكون الكمية رقمًا موجبًا,
"For job card {0}, you can only make the 'Material Transfer for Manufacture' type stock entry",بالنسبة لبطاقة المهمة {0} ، يمكنك فقط إدخال إدخال نوع الأسهم &quot;نقل المواد للصناعة&quot;,
"For row {0} in {1}. To include {2} in Item rate, rows {3} must also be included","For row {0} in {1}. To include {2} in Item rate, rows {3} must also be included",
For row {0}: Enter Planned Qty,بالنسبة إلى الصف {0}: أدخل الكمية المخطط لها,
"For {0}, only credit accounts can be linked against another debit entry","ل {0}, فقط الحسابات الدائنة ممكن أن تكون مقابل مدخل مدين أخر.\n<br>\nFor {0}, only credit accounts can be linked against another debit entry",
"For {0}, only debit accounts can be linked against another credit entry","ل {0}, فقط حسابات المدينة يمكن أن تكون مقابل مدخل دائن أخر.\n<br>\nFor {0}, only debit accounts can be linked against another credit entry",
Form View,عرض النموذج,
Forum Activity,نشاط المنتدى,
Free item code is not selected,لم يتم تحديد رمز العنصر المجاني,
Freight and Forwarding Charges,رسوم الشحن,
Frequency,متكرر,
Friday,الجمعة,
From,من,
From Address 1,من العنوان 1,
From Address 2,من العنوان 2,
From Currency and To Currency cannot be same,(من عملة) و (إلى عملة) لا يمكن أن تكون نفسها,
From Date and To Date lie in different Fiscal Year,من التاريخ والوقت تكمن في السنة المالية المختلفة,
From Date cannot be greater than To Date,(من تاريخ) لا يمكن أن يكون أكبر (الي التاريخ),
From Date must be before To Date,يجب أن تكون من تاريخ إلى تاريخ قبل,
From Date should be within the Fiscal Year. Assuming From Date = {0},(من التاريخ) يجب أن يكون ضمن السنة المالية. بافتراض (من التاريخ) = {0},
From Date {0} cannot be after employee's relieving Date {1},من تاريخ {0} لا يمكن أن يكون بعد تاريخ التخفيف من الموظف {1},
From Date {0} cannot be before employee's joining Date {1},من تاريخ {0} لا يمكن أن يكون قبل تاريخ الانضمام للموظف {1},
From Datetime,من (التاريخ والوقت),
From Delivery Note,من اشعار التسليم,
From Fiscal Year,من السنة المالية,
From GSTIN,من GSTIN,
From Party Name,من اسم الجهة,
From Pin Code,من الرقم السري,
From Place,من المكان,
From Range has to be less than To Range,(من المدى) يجب أن يكون أقل من (إلى المدى),
From State,من الدولة,
From Time,من وقت,
From Time Should Be Less Than To Time,من وقت يجب أن يكون أقل من الوقت,
From Time cannot be greater than To Time.,(من الوقت) لا يمكن أن يكون بعد من (الي الوقت).,
"From a supplier under composition scheme, Exempt and Nil rated",من مورد في إطار مخطط التكوين ، تم تصنيف إعفاء ونقص,
From and To dates required,التواريخ من وإلى مطلوبة,
From date can not be less than employee's joining date,من تاريخ لا يمكن أن يكون أقل من تاريخ انضمام الموظف,
From value must be less than to value in row {0},(من القيمة) يجب أن تكون أقل من (الي القيمة) في الصف {0},
From {0} | {1} {2},من {0} | {1} {2},
Fuel Price,سعر الوقود,
Fuel Qty,كمية الوقود,
Fulfillment,استيفاء,
Full,ممتلئ,
Full Name,الاسم الكامل,
Full-time,دوام كامل,
Fully Depreciated,استهلكت بالكامل,
Furnitures and Fixtures,أثاث وتركيبات,
"Further accounts can be made under Groups, but entries can be made against non-Groups",يمكن إنشاء المزيد من الحسابات تحت المجموعة، لكن إدخالات القيود يمكن ان تكون فقط مقابل  حسابات فردية و ليست مجموعة,
Further cost centers can be made under Groups but entries can be made against non-Groups,Further cost centers can be made under Groups but entries can be made against non-Groups,
Further nodes can be only created under 'Group' type nodes,العقد الإضافية التي يمكن أن تنشأ إلا في ظل العقد نوع ' المجموعة ',
Future dates not allowed,التواريخ المستقبلية غير مسموح بها,
GSTIN,GSTIN,
GSTR3B-Form,GSTR3B-نموذج,
Gain/Loss on Asset Disposal,الربح / الخسارة عند التخلص من الأصول,
Gantt Chart,مخطط جانت,
Gantt chart of all tasks.,مخطط جانت لجميع المهام.,
Gender,جنس,
General,عام,
General Ledger,دفتر الأستاذ العام (كشف الحساب),
Generate Material Requests (MRP) and Work Orders.,توليد طلبات المواد (MRP) وأوامر العمل.,
Generate Secret,توليد سر,
Get Details From Declaration,الحصول على تفاصيل من الإعلان,
Get Employees,الحصول على الموظفين,
Get Invocies,الحصول على الدعوات,
Get Invoices,الحصول على الفواتير,
Get Invoices based on Filters,الحصول على الفواتير على أساس المرشحات,
Get Items from BOM,تنزيل الاصناف من BOM,
Get Items from Healthcare Services,احصل على عناصر من خدمات الرعاية الصحية,
Get Items from Prescriptions,  الحصول على عناصر من الوصفات الطبية,
Get Items from Product Bundle,الحصول على أصناف من حزمة المنتج,
Get Suppliers,الحصول على الموردين,
Get Suppliers By,الحصول على الموردين من قبل,
Get Updates,الحصول على التحديثات,
Get customers from,الحصول على العملاء من,
Get from Patient Encounter,الحصول  من حساب المريض,
Getting Started,التهيئة,
GitHub Sync ID,معرف مزامنة GitHub,
Global settings for all manufacturing processes.,إعدادات العالمية لجميع عمليات التصنيع.,
Go to the Desktop and start using ERPNext,ERPNext اذهب إلى سطح المكتب والبدء في استخدام,
GoCardless SEPA Mandate,GoCardless SEPA التكليف,
GoCardless payment gateway settings,إعدادات بوابة الدفع GoCardless,
Goal and Procedure,الهدف والإجراءات,
Goals cannot be empty,لا يمكن أن تكون الاهداف فارغة,
Goods In Transit,البضائع في العبور,
Goods Transferred,نقل البضائع,
Goods and Services Tax (GST India),ضريبة السلع والخدمات,
Goods are already received against the outward entry {0},تم استلام البضائع بالفعل مقابل الإدخال الخارجي {0},
Government,حكومية,
Grand Total, الإجمالي,
Grant,الممنوح,
Grant Application,طلب المنحة,
Grant Leaves,الأذزن الممنوحة,
Grant information.,المعلومات المتاحة,
Grocery,بقالة,
Gross Pay,الإجمالي المدفوع,
Gross Profit,الربح الإجمالي,
Gross Profit %,الربح الإجمالي%,
Gross Profit / Loss,الربح الإجمالي / الخسارة,
Gross Purchase Amount,اجمالي مبلغ المشتريات,
Gross Purchase Amount is mandatory,مبلغ الشراء الإجمالي إلزامي,
Group by Account,تجميع بواسطة الحساب,
Group by Party,تجميع حسب الجهة,
Group by Voucher,تجميع بواسطة قسيمة,
Group by Voucher (Consolidated),تجميع بواسطة قسيمة (الموحدة),
Group node warehouse is not allowed to select for transactions,لا يسمح مستودع عقدة مجموعة لتحديد للمعاملات,
Group to Non-Group,(من تصنيف (مجموعة) إلى تصنيف (غير المجموعة,
Group your students in batches,تجميع الطلاب على دفعات,
Groups,المجموعات,
Guardian1 Email ID,معرف البريد الإلكتروني للوصي 1,
Guardian1 Mobile No,رقم الهاتف النقال للوصي 1,
Guardian1 Name,اسم الوصي 1,
Guardian2 Email ID,Guardian2 معرف البريد الإلكتروني,
Guardian2 Mobile No,Guardian2 رقم الجوال,
Guardian2 Name,اسم Guardian2,
Guest,ضيف,
HR Manager,مدير الموارد البشرية,
HSN,HSN,
HSN/SAC,HSN / SAC,
Half Day,نصف يوم,
Half Day Date is mandatory,تاريخ نصف اليوم إلزامي,
Half Day Date should be between From Date and To Date,تاريخ نصف اليوم ينبغي أن يكون بين 'من تاريخ' و 'الى تاريخ'\n<br>\nHalf Day Date should be between From Date and To Date,
Half Day Date should be in between Work From Date and Work End Date,يجب أن يكون تاريخ نصف يوم بين العمل من تاريخ والى تاريخ انتهاء العمل,
Half Yearly,نصف سنوي,
Half day date should be in between from date and to date,يجب أن يكون تاريخ نصف يوم ما بين من تاريخ والى تاريخ,
Half-Yearly,نصف سنوية,
Hardware,المعدات,
Head of Marketing and Sales,رئيس التسويق والمبيعات,
Health Care,الرعاية الصحية,
Healthcare,الرعاىة الصحية,
Healthcare (beta),الرعاية الصحية (إصدار تجريبي),
Healthcare Practitioner,طبيب الرعاية الصحية,
Healthcare Practitioner not available on {0},ممارس الرعاية الصحية غير متاح في {0},
Healthcare Practitioner {0} not available on {1},ممارس الرعاية الصحية {0} غير متاح في {1},
Healthcare Service Unit,وحدة خدمة الرعاية الصحية,
Healthcare Service Unit Tree,وحدة خدمة الرعاية الصحية,
Healthcare Service Unit Type,نوع وحدة خدمة الرعاية الصحية,
Healthcare Services,خدمات الرعاية الصحية,
Healthcare Settings,إعدادات الرعاية الصحية,
Hello,مرحبا,
Help Results for,مساعدة نتائج,
High,مستوى عالي,
High Sensitivity,حساسية عالية,
Hold,معلق,
Hold Invoice,عقد الفاتورة,
Holiday,عطلة,
Holiday List,قائمة العطلات,
Hotel Rooms of type {0} are unavailable on {1},غرف الفندق نوع {0} غير متوفرة على {1},
Hotels,الفنادق,
Hourly,بحساب الساعه,
Hours,ساعات,
House rent paid days overlapping with {0},أيام إيجار المنازل المدفوعة تتداخل مع {0},
House rented dates required for exemption calculation,تواريخ البيت المستأجرة مطلوبة لحساب الإعفاء,
House rented dates should be atleast 15 days apart,يجب أن تكون تواريخ التأجير للمنزل على الأقل 15 يوما كجزء ,
How Pricing Rule is applied?,كيف يتم تطبيق خاصية قاعدة التسعير ؟,
Hub Category,فئة المحور,
Hub Sync ID,معرف مزامنة المحور,
Human Resource,Human Resource,
Human Resources,الموارد البشرية,
IFSC Code,رمز IFSC,
IGST Amount,كمية IGST,
IP Address,عنوان IP,
ITC Available (whether in full op part),مركز التجارة الدولية متاح (سواء بشكل جزئي او كامل),
ITC Reversed,عكس مركز التجارة الدولية,
Identifying Decision Makers,تحديد صناع القرار,
"If Auto Opt In is checked, then the customers will be automatically linked with the concerned Loyalty Program (on save)",إذا تم تحديد Auto Opt In ، فسيتم ربط العملاء تلقائيًا ببرنامج الولاء المعني (عند الحفظ),
"If multiple Pricing Rules continue to prevail, users are asked to set Priority manually to resolve conflict.",إذا استمر ظهور قواعد تسعير المتعددة، يطلب من المستخدمين تعيين الأولوية يدويا لحل التعارض.,
"If selected Pricing Rule is made for 'Rate', it will overwrite Price List. Pricing Rule rate is the final rate, so no further discount should be applied. Hence, in transactions like Sales Order, Purchase Order etc, it will be fetched in 'Rate' field, rather than 'Price List Rate' field.",إذا تم تحديد قاعدة التسعير المحددة &#39;معدل&#39;، فإنه سيتم استبدال قائمة الأسعار. التسعير معدل القاعدة هو المعدل النهائي، لذلك لا ينبغي تطبيق أي خصم آخر. وبالتالي، في المعاملات مثل أمر المبيعات، أمر الشراء وما إلى ذلك، فإنه سيتم جلب في حقل &quot;معدل&quot;، بدلا من حقل &quot;قائمة الأسعار السعر&quot;.,
"If two or more Pricing Rules are found based on the above conditions, Priority is applied. Priority is a number between 0 to 20 while default value is zero (blank). Higher number means it will take precedence if there are multiple Pricing Rules with same conditions.",إذا تم العثور على اثنين أو أكثر من قواعد التسعير استنادا إلى الشروط المذكورة أعلاه، يتم تطبيق الأولوية. الأولوية هي رقم بين 0 إلى 20 بينما القيمة الافتراضية هي صفر (فارغ). يعني الرقم الأعلى أنه سيكون له الأسبقية إذا كانت هناك قواعد تسعير متعددة بنفس الشروط.,
"If unlimited expiry for the Loyalty Points, keep the Expiry Duration empty or 0.",إذا كان انتهاء الصلاحية غير محدود لنقاط الولاء ، فاحتفظ مدة الصلاحية فارغة أو 0.,
"If you have any questions, please get back to us.",إذا كان لديك أي أسئلة، يرجى أن تعود الينا.,
Ignore Existing Ordered Qty,تجاهل الكمية الموجودة المطلوبة,
Image,صورة,
Image View,عرض الصورة,
Import Data,بيانات الاستيراد,
Import Day Book Data,استيراد بيانات دفتر اليوم,
Import Log,سجل الاستيراد,
Import Master Data,استيراد البيانات الرئيسية,
Import Successfull,نجح الاستيراد ,
Import in Bulk,استيراد بكميات كبيرة,
Import of goods,استيراد البضائع,
Import of services,استيراد الخدمات,
Importing Items and UOMs,استيراد العناصر و UOMs,
Importing Parties and Addresses,استيراد الأطراف والعناوين,
In Maintenance,في الصيانة,
In Production,في الانتاج,
In Qty,كمية قادمة,
In Stock Qty,في سوق الأسهم الكمية,
In Stock: ,متوفر:,
In Value,القيمة القادمة,
"In the case of multi-tier program, Customers will be auto assigned to the concerned tier as per their spent",في حالة البرنامج متعدد المستويات ، سيتم تعيين العملاء تلقائيًا إلى الطبقة المعنية وفقًا للإنفاق,
Inactive,غير فعال,
Incentives,الحوافز,
Include Default Book Entries,تضمين إدخالات دفتر افتراضي,
Include Exploded Items,تشمل البنود المستبعدة,
Include POS Transactions,تشمل معاملات نقطه البيع,
Include UOM,تضمين UOM,
Included in Gross Profit,المدرجة في الربح الإجمالي,
Income,الإيرادات,
Income Account,حساب الدخل,
Income Tax,ضريبة الدخل,
Incoming,الوارد,
Incoming Rate,معدل الوارد,
Incorrect number of General Ledger Entries found. You might have selected a wrong Account in the transaction.,تم العثور على عدد غير صحيح من إدخالات دفتر الأستاذ العام. ربما تكون قد حددت حسابا خاطئا في المعاملة.,
Increment cannot be 0,لا يمكن أن تكون الزيادة 0\n<br>\nIncrement cannot be 0,
Increment for Attribute {0} cannot be 0,الاضافة للخاصية {0} لا يمكن أن تكون 0,
Indirect Expenses,نفقات غير مباشرة,
Indirect Income,دخل غير مباشرة,
Individual,فرد,
Ineligible ITC,غير مؤهل ITC,
Initiated,بدأت,
Inpatient Record,سجل المرضى الداخليين,
Insert,إدراج,
Installation Note,ملاحظة التثبيت,
Installation Note {0} has already been submitted,مذكرة التسليم {0} ارسلت\n<br>\nInstallation Note {0} has already been submitted,
Installation date cannot be before delivery date for Item {0},تاريخ التركيب لا يمكن أن يكون قبل تاريخ التسليم للصنف {0},
Installing presets,تثبيت الإعدادات المسبقة,
Institute Abbreviation,اختصار المؤسسة,
Institute Name,اسم المؤسسة,
Instructor,المحاضر,
Insufficient Stock,المخزن غير كافي,
Insurance Start date should be less than Insurance End date,يجب أن يكون تاريخ بداية التأمين قبل  تاريخ نهاية التأمين,
Integrated Tax,ضريبة متكاملة,
Inter-State Supplies,الموردين بين الدول,
Interest Amount,مبلغ الفائدة,
Interests,الإهتمامات,
Intern,المتدرب,
Internet Publishing,نشر على شبكة الإنترنت,
Intra-State Supplies,الموردين داخل الدولة,
Introduction,المقدمة,
Invalid Attribute,خاصية غير صحيحة,
Invalid Blanket Order for the selected Customer and Item,الطلب الدائم غير صحيح للعميل والعنصر المحدد,
Invalid Company for Inter Company Transaction.,شركة غير صحيحة للمعاملات بين الشركات.,
Invalid GSTIN! A GSTIN must have 15 characters.,GSTIN غير صحيح! يجب أن يحتوي GSTIN على 15 حرفًا.,
Invalid GSTIN! First 2 digits of GSTIN should match with State number {0}.,GSTIN غير صحيح! يجب أن يتطابق أول رقمين من GSTIN مع رقم الحالة {0}.,
Invalid GSTIN! The input you've entered doesn't match the format of GSTIN.,GSTIN غير صحيح! لا يتطابق الإدخال الذي أدخلته مع تنسيق GSTIN.,
Invalid Posting Time,وقت نشر غير صحيح,
Invalid attribute {0} {1},خاصية غير صحيحة {0} {1},
Invalid quantity specified for item {0}. Quantity should be greater than 0.,كمية غير صحيحة  للصنف المحدد{0} . يجب أن تكون كمية أكبر من 0.,
Invalid reference {0} {1},مرجع غير صحيح {0} {1},
Invalid {0},غير صحيح {0},
Invalid {0} for Inter Company Transaction.,غير صحيح {0} للمعاملات بين الشركات.,
Invalid {0}: {1},{0} غير صحيح : {1}\n<br>\nInvalid {0}: {1},
Inventory,جرد المخزون,
Investment Banking,الخدمات البنكية الاستثمارية,
Investments,الاستثمارات,
Invoice,الفاتورة,
Invoice Created,تم إنشاء الفاتورة,
Invoice Discounting,خصم الفواتير,
Invoice Patient Registration,تسجيل فاتورة المريض,
Invoice Posting Date,تاريخ ترحيل الفاتورة,
Invoice Type,نوع الفاتورة,
Invoice already created for all billing hours,الفاتورة التي تم إنشاؤها بالفعل لجميع ساعات الفوترة,
Invoice can't be made for zero billing hour,لا يمكن إجراء الفاتورة لمدة صفر ساعة,
Invoice {0} no longer exists,الفاتورة {0} لم تعد موجودة,
Invoiced,ضمن المفوتر,
Invoiced Amount,قيمة الفواتير,
Invoices,الفواتير,
Invoices for Costumers.,فواتير العملاء.,
Inward Supplies(liable to reverse charge,اللوازم الداخلية (عرضة لرسوم عكسيه,
Inward supplies from ISD,إمدادات الداخل من ISD,
Inward supplies liable to reverse charge (other than 1 & 2 above),اللوازم الداخلة عرضة للشحن العكسي (بخلاف 1 و 2 أعلاه),
Is Active,هل هو فعال,
Is Default,هل هو افتراضي,
Is Existing Asset,هل هو أصل موجود,
Is Frozen,هل هو حساب مجمد,
Is Group,هل هي مجموعة,
Issue,اصدار بلاغ,
Issue Material,مواد البلاغ ,
Issued,تم اصداره,
Issues,البلاغات,
It is needed to fetch Item Details.,مطلوب لجلب تفاصيل الصنف.,
Item,الصنف,
Item 1,صنف رقم 1,
Item 2,صنف رقم 2,
Item 3,صنف رقم 3,
Item 4,صنف رقم 4,
Item 5,صنف رقم 5,
Item Cart,سلة البنود,
Item Code,رمز الصنف,
Item Code cannot be changed for Serial No.,لا يمكن تغيير رمز الصنف للرقم التسلسلي,
Item Code required at Row No {0},رمز العنصر المطلوب في الصف رقم {0}\n<br>\nItem Code required at Row No {0},
Item Description,وصف الصنف,
Item Group,مجموعة الصنف,
Item Group Tree,شجرة مجموعة الاصناف,
Item Group not mentioned in item master for item {0},فئة الصنف غير مذكورة في اساس الصنف لهذا الصنف {0},
Item Name,اسم الصنف,
Item Price added for {0} in Price List {1},تم اضافتة سعر الصنف لـ {0} في قائمة الأسعار {1},
"Item Price appears multiple times based on Price List, Supplier/Customer, Currency, Item, UOM, Qty and Dates.",يظهر سعر الصنف عدة مرات استنادًا إلى قائمة الأسعار والمورد / العميل والعملة والصنف و UOM والكمية والتواريخ.,
Item Price updated for {0} in Price List {1},سعر الصنف محدث ل{0} في قائمة الأسعار {1},
Item Row {0}: {1} {2} does not exist in above '{1}' table,صنف الصف {0}: {1} {2} غير موجود في جدول &#39;{1}&#39; أعلاه,
Item Tax Row {0} must have account of type Tax or Income or Expense or Chargeable,ضريبة الصنف يجب أن يكون الصف {0} حسابا من نوع الضريبة أو الدخل أو المصاريف أو الرسوم\n<br>\nItem Tax Row {0} must have account of type Tax or Income or Expense or Chargeable,
Item Template,قالب الصنف,
Item Variant Settings,إعدادات متغيرات الصنف,
Item Variant {0} already exists with same attributes,متغير الصنف {0} موجود بالفعل مع نفس الخصائص,
Item Variants,متغيرات الصنف,
Item Variants updated,تم تحديث متغيرات العنصر,
Item has variants.,الصنف لديه متغيرات.,
Item must be added using 'Get Items from Purchase Receipts' button,"الصنف يجب اضافته مستخدما  مفتاح ""احصل علي الأصناف من المشتريات المستلمة """,
Item or Warehouse for row {0} does not match Material Request,الصنف أو المستودع للصف {0} لا يطابق طلب المواد,
Item valuation rate is recalculated considering landed cost voucher amount,يتم حساب معدل تقييم الصنف نظراً لهبوط تكلفة مبلغ القسيمة,
Item variant {0} exists with same attributes,متغير العنصر {0} موجود بنفس السمات\n<br>\nItem variant {0} exists with same attributes,
Item {0} does not exist,العنصر {0} غير موجود\n<br>\nItem {0} does not exist,
Item {0} does not exist in the system or has expired,الصنف{0} غير موجود في النظام أو انتهت صلاحيته,
Item {0} has already been returned,تمت إرجاع الصنف{0} من قبل,
Item {0} has been disabled,الصنف{0} تم تعطيله,
Item {0} has reached its end of life on {1},الصنف{0} قد وصل إلى نهاية عمره في {1},
Item {0} ignored since it is not a stock item,تم تجاهل الصنف {0} لأنه ليس صنف مخزون,
"Item {0} is a template, please select one of its variants",{0} الصنف هو قالب، يرجى اختيار واحد من مشتقاته,
Item {0} is cancelled,تم إلغاء العنصر {0}\n<br>\nItem {0} is cancelled,
Item {0} is disabled,تم تعطيل الصنف {0},
Item {0} is not a serialized Item,الصنف {0} ليس صنف لديه رقم تسلسلي,
Item {0} is not a stock Item,العنصر {0} ليس عنصر مخزون\n<br>\nItem {0} is not a stock Item,
Item {0} is not active or end of life has been reached,الصنف {0} غير فعال أو تم التوصل إلى نهاية الحياة,
Item {0} is not setup for Serial Nos. Check Item master,الصنف {0} لم يتم إعداد الرقم المسلسل تحقق من العنصر الرئيسي\n<br>\nItem {0} is not setup for Serial Nos. Check Item master,
Item {0} is not setup for Serial Nos. Column must be blank,الصنف {0} لا يتم إعداده للأرقام التسلسلية يجب أن يكون العمود فارغا\n<br>\nItem {0} is not setup for Serial Nos. Column must be blank,
Item {0} must be a Fixed Asset Item,الصنف {0} يجب أن يكون صنف أصول ثابتة,
Item {0} must be a Sub-contracted Item,الصنف {0} يجب أن يكون عنصر التعاقد الفرعي,
Item {0} must be a non-stock item,الصنف {0} يجب ألا يكون صنف مخزن <br>Item {0} must be a non-stock item,
Item {0} must be a stock Item,يجب أن يكون العنصر {0} عنصرا للمخزون\n<br>\nItem {0} must be a stock Item,
Item {0} not found,لم يتم العثور على العنصر {0}\n<br>\nItem {0} not found,
Item {0} not found in 'Raw Materials Supplied' table in Purchase Order {1},"الصنف {0} غير موجودة في ""مواد الخام المتوفره"" الجدول في أمر الشراء {1}",
Item {0}: Ordered qty {1} cannot be less than minimum order qty {2} (defined in Item).,الصنف {0} الكمية المطلوبة {1} لا يمكن أن تكون أقل من الحد الأدنى للطلب {2} (المحددة في الصنف).,
Item: {0} does not exist in the system,الصنف: {0} غير موجود في النظام,
Items,الاصناف,
Items Filter,تصفية الاصناف,
Items and Pricing,السلع والتسعيرات,
Items for Raw Material Request,عناصر لطلب المواد الخام,
Job Card,بطاقة عمل,
Job Description,الوصف الوظيفي,
Job Offer,عرض عمل,
Job card {0} created,تم إنشاء بطاقة العمل {0},
Jobs,الوظائف,
Join,انضم,
Journal Entries {0} are un-linked,إدخالات قيد اليومية {0} غير مترابطة,
Journal Entry,القيود اليومية,
Journal Entry {0} does not have account {1} or already matched against other voucher,قيد دفتر اليومية {0} ليس لديه حساب {1} أو قد تم مطابقته مسبقا مع إيصال أخرى,
Kanban Board,لوحة كانبان,
Key Reports,التقارير الرئيسية,
LMS Activity,نشاط LMS,
Lab Test,فخص المختبر,
Lab Test Prescriptions,وصفات فحص المختبر,
Lab Test Report,تقرير فحص المعمل,
Lab Test Sample,عينة فحص المعمل,
Lab Test Template,قالب فحص المعمل,
Lab Test UOM,فحص معمل أوم,
Lab Tests and Vital Signs,فحوصات المعمل وعلامات حيوية,
Lab result datetime cannot be before testing datetime,لا يمكن أن يكون تاريخ نتيجة المعمل سابقا لتاريخ الفحص,
Lab testing datetime cannot be before collection datetime,لا يمكن أن يكون وقت اختبار المعمل قبل تاريخ جمع البيانات,
Label,الملصق,
Laboratory,المختبر,
Language Name,اسم اللغة,
Large,كبير,
Last Communication,آخر الاتصالات,
Last Communication Date,تاريخ الاتصال الأخير,
Last Name,اسم العائلة,
Last Order Amount,قيمة آخر طلب,
Last Order Date,تاريخ أخر أمر بيع,
Last Purchase Price,سعر الشراء الأخير,
Last Purchase Rate,آخر سعر الشراء,
Latest,الاخير,
Latest price updated in all BOMs,أحدث سعر تحديثها في جميع بومس,
Lead,عميل محتمل,
Lead Count,عدد العملاء المحتملين,
Lead Owner,راعي العميل المحتمل,
Lead Owner cannot be same as the Lead,(مالك الزبون المحتمل) لا يمكن أن يكون نفسه (الزبون المحتمل),
Lead Time Days,المدة الزمنية بين بدء وإنهاء عملية الإنتاج,
Lead to Quotation,من مبادرة البيع إلى عرض السعر,
"Leads help you get business, add all your contacts and more as your leads",العروض تساعدك للحصول على الأعمال التجارية،وإضافة كافة جهات الاتصال الخاصة بك والمزيد من عروضك,
Learn,تعلم,
Leave Approval Notification,إشعار الموافقة بالاجازه,
Leave Blocked,إجازة محظورة,
Leave Encashment,الإجازات مدفوعة,
Leave Management,إدارة الإجازات,
Leave Status Notification,إخطار بحالة الاجازه,
Leave Type,نوع الاجازة,
Leave Type is mandatory,نوع الإجازة الزامي,
Leave Type {0} cannot be allocated since it is leave without pay,"لا يمكن تخصيص نوع الاجازه {0}, لأنها إجازة بدون راتب\n<br>\nLeave Type {0} cannot be allocated since it is leave without pay",
Leave Type {0} cannot be carry-forwarded,لا يمكن ترحيل نوع الاجازة {0}\n<br>\nلا يمكن ترحيل النوع {0} الخاص بالاجازه,
Leave Type {0} is not encashable,نوع الإجازة {0} غير قابل للضبط,
Leave Without Pay,اجازة من دون راتب,
Leave and Attendance,الاجازات والحضور,
Leave application {0} already exists against the student {1},طلب اجازه {0} موجود بالفعل أمام الطالب {1},
"Leave cannot be allocated before {0}, as leave balance has already been carry-forwarded in the future leave allocation record {1}",لا يمكن تخصيص اجازة قبل {0}، لان رصيد الإجازات قد تم تحوبله الي سجل تخصيص اجازات مستقبلي {1},
"Leave cannot be applied/cancelled before {0}, as leave balance has already been carry-forwarded in the future leave allocation record {1}",الاجازة لا يمكن تطبيقها او إلغائها قبل {0}، لان رصيد الإجازات قد تم تحويله الي سجل تخصيص إجازات مستقبلي {1},
Leave of type {0} cannot be longer than {1},يجب أن لا يتجاوز عدد أيام الاجازة من نوع {0} عدد {1} يوم.\n<br>\nLeave of type {0} cannot be longer than {1},
Leave the field empty to make purchase orders for all suppliers,اترك الحقل فارغًا لإجراء أوامر الشراء لجميع الموردين,
Leaves,الاجازات,
Leaves Allocated Successfully for {0},تم تخصيص الاجازات بنجاح ل {0}\n<br>\nLeaves Allocated Successfully for {0},
Leaves has been granted sucessfully,تم منح الأجازه بنجاح,
Leaves must be allocated in multiples of 0.5,يجب تخصيص الإجازات في مضاعفات 0.5 (مثلا 10.5 يوم او 4.5 او 30 يوم او 1 يوم),
Leaves per Year,الأجازات في السنة,
Ledger,حساب الاستاذ العام,
Legal,قانوني,
Legal Expenses,نفقات قانونية,
Letter Head,ترويسة التقارير,
Letter Heads for print templates.,رؤوس الرسائل لقوالب الطباعة.,
Level,المستوى,
Liability,الخصوم,
License,الترخيص,
Lifecycle,دورة الحياة,
Limit,السقف,
Limit Crossed,تجاوز الحدود ,
Link to Material Request,رابط لطلب المواد,
List of all share transactions,قائمة بجميع معاملات الأسهم,
List of available Shareholders with folio numbers,قائمة المساهمين المتاحين بأرقام الأوراق,
Loading Payment System,تحميل نظام الدفع,
Loan,القروض,
Loan Amount cannot exceed Maximum Loan Amount of {0},مبلغ القرض لا يمكن أن يتجاوز الحد الأقصى للقرض {0}\n<br>\nLoan Amount cannot exceed Maximum Loan Amount of {0},
Loan Application,طلب القرض,
Loan Management,إدارة القروض,
Loan Repayment,سداد القروض,
Loan Start Date and Loan Period are mandatory to save the Invoice Discounting,تاريخ بدء القرض وفترة القرض إلزامية لحفظ خصم الفاتورة,
Loans (Liabilities),القروض (الخصوم),
Loans and Advances (Assets),القروض والسلف (الأصول),
Local,محلي,
"LocalStorage is full , did not save",التخزين المحلي ممتلئ، لم يتم الحفظ,
"LocalStorage is full, did not save",التخزين المحلي ممتلئة، لم يتم الحفظ,
Log,سجل,
Logs for maintaining sms delivery status,سجلات للحفاظ على  حالات التسليم لرسائل,
Lost,مفقود,
Lost Reasons,أسباب ضائعة,
Low,منخفض,
Low Sensitivity,حساسية منخفضة,
Lower Income,دخل أدنى,
Loyalty Amount,مبلغ الولاء,
Loyalty Point Entry,ادخال نقاط الولاء,
Loyalty Points,نقاط الولاء,
"Loyalty Points will be calculated from the spent done (via the Sales Invoice), based on collection factor mentioned.",سيتم احتساب نقاط الولاء من المبالغ التي تم صرفها (عبر فاتورة المبيعات) ، بناءً على عامل الجمع المذكور.,
Loyalty Points: {0},نقاط الولاء: {0},
Loyalty Program,برنامج الولاء,
Main,الرئيسي,
Maintenance,الصيانة,
Maintenance Log,سجل الصيانة,
Maintenance Manager,مدير الصيانة,
Maintenance Schedule,جدول الصيانة,
Maintenance Schedule is not generated for all the items. Please click on 'Generate Schedule',"لم يتم إنشاء جدول الصيانة لجميع الاصناف. يرجى النقر على ""إنشاء الجدول الزمني""",
Maintenance Schedule {0} exists against {1},جدول الصيانة {0} موجود ضد {1},
Maintenance Schedule {0} must be cancelled before cancelling this Sales Order,يجب إلغاء الجدول الزمني للصيانة {0} قبل إلغاء طلب المبيعات,
Maintenance Status has to be Cancelled or Completed to Submit,يجب إلغاء حالة الصيانة أو إكمالها لإرسالها,
Maintenance User,مستخدم الصيانة,
Maintenance Visit,زيارة صيانة,
Maintenance Visit {0} must be cancelled before cancelling this Sales Order,يجب إلغاء زيارة الصيانة {0} قبل إلغاء طلب المبيعات,
Maintenance start date can not be before delivery date for Serial No {0},تاريخ بدء الصيانة لا يمكن أن يكون قبل تاريخ التسليم للرقم التسلسلي {0}\n<br>\nMaintenance start date can not be before delivery date for Serial No {0},
Make,انشاء,
Make Payment,قم بالدفع,
Make project from a template.,كون المشروع من قالب.,
Making Stock Entries,إنشاء إدخالات مخزون,
Male,ذكر,
Manage Customer Group Tree.,إدارة شجرة مجموعات الزبائن.,
Manage Sales Partners.,ادارة شركاء المبيعات.,
Manage Sales Person Tree.,إدارة شجرة موظفي المبيعات.,
Manage Territory Tree.,ادارة شجرة المناطق.,
Manage your orders,إدارة طلباتك,
Management,الإدارة,
Manager,المدير,
Managing Projects,إدارة المشاريع,
Managing Subcontracting,إدارة التعاقدات الفرعية,
Mandatory,إلزامي,
Mandatory field - Academic Year,حقل إلزامي - السنة الأكاديمية,
Mandatory field - Get Students From,حقل إلزامي - الحصول على الطلاب من,
Mandatory field - Program,حقل إلزامي - البرنامج,
Manufacture,الصناعة,
Manufacturer,الصانع,
Manufacturer Part Number,رقم القطعه المصنعة,
Manufacturing,التصنيع,
Manufacturing Quantity is mandatory,كمية التصنيع إلزامية\n<br>\nManufacturing Quantity is mandatory,
Mapping,رسم الخرائط,
Mapping Type,نوع رسم الخرائط,
Mark Absent,تسجيل الغياب,
Mark Attendance,تسجيل الحضور,
Mark Half Day,حدد كنصف يوم,
Mark Present,حدد كحضور كامل,
Marketing,التسويق,
Marketing Expenses,نفقات تسويقية,
Marketplace,السوق,
Marketplace Error,خطأ في السوق,
"Master data syncing, it might take some time",مزامنة البيانات الاساس قد يستغرق بعض الوقت,
Masters,الرئيسية,
Match Payments with Invoices,مطابقة الدفعات مع الفواتير,
Match non-linked Invoices and Payments.,مطابقة الفواتيرالغير مترابطة والمدفوعات.,
Material,المواد,
Material Consumption,استهلاك المواد,
Material Consumption is not set in Manufacturing Settings.,لم يتم تعيين استهلاك المواد في إعدادات التصنيع.,
Material Receipt,أستلام مواد,
Material Request,طلب مواد,
Material Request Date,تاريخ طلب المواد,
Material Request No,طلب مواد لا,
"Material Request not created, as quantity for Raw Materials already available.",لم يتم إنشاء طلب المواد ، ككمية للمواد الخام المتاحة بالفعل.,
Material Request of maximum {0} can be made for Item {1} against Sales Order {2},المادة يمكن طلب الحد الأقصى {0} للصنف {1} من أمر المبيعات {2}\n<br>\nMaterial Request of maximum {0} can be made for Item {1} against Sales Order {2},
Material Request to Purchase Order,Material Request to Purchase Order,
Material Request {0} is cancelled or stopped,طلب المواد {0} تم إلغاؤه أو إيقافه,
Material Request {0} submitted.,تم تقديم طلب المواد {0}.,
Material Transfer,نقل المواد,
Material Transferred,نقل المواد,
Material to Supplier,مواد للمورد,
Max Exemption Amount cannot be greater than maximum exemption amount {0} of Tax Exemption Category {1},لا يمكن أن يكون أقصى مبلغ للإعفاء أكبر من الحد الأقصى لمبلغ الإعفاء {0} من فئة الإعفاء الضريبي {1},
Max benefits should be greater than zero to dispense benefits,يجب أن تكون الفوائد القصوى أكبر من الصفر لتوزيع الاستحقاقات,
Max discount allowed for item: {0} is {1}%,الحد الاعلى المسموح به في التخفيض للمنتج : {0} هو  {1}?,
Max: {0},الحد الأقصى: {0},
Maximum Samples - {0} can be retained for Batch {1} and Item {2}.,الحد الأقصى للعينات - {0} يمكن الاحتفاظ بالدفعة {1} والصنف {2}.,
Maximum Samples - {0} have already been retained for Batch {1} and Item {2} in Batch {3}.,الحد الأقصى للعينات - {0} تم الاحتفاظ به مسبقا للدفعة {1} و العنصر {2} في الدفعة {3}.,
Maximum amount eligible for the component {0} exceeds {1},أقصى مبلغ مؤهل للعنصر {0} يتجاوز {1},
Maximum benefit amount of component {0} exceeds {1},يتجاوز الحد الأقصى لمقدار المكون {0} {1},
Maximum benefit amount of employee {0} exceeds {1},أقصى مبلغ لمبلغ الموظف {0} يتجاوز {1},
Maximum discount for Item {0} is {1}%,الحد الأقصى للخصم للعنصر {0} هو {1}?,
Maximum leave allowed in the leave type {0} is {1},الحد الأقصى للإجازة المسموح بها في نوع الإجازة {0} هو {1},
Medical,طبي,
Medical Code,الرمز الطبي,
Medical Code Standard,الرمز الطبي القياسي,
Medical Department,الادارة الطبية,
Medical Record,السجل الطبي,
Medium,متوسط,
Meeting,اجتماع,
Member Activity,نشاط العضو,
Member ID,معرف العضو,
Member Name,اسم العضو,
Member information.,معلومات العضو,
Membership,العضوية,
Membership Details,تفاصيل العضوية,
Membership ID,معرف العضوية,
Membership Type,نوع العضوية,
Memebership Details,تفاصيل العضوية,
Memebership Type Details,تفاصيل نوع العضوية,
Merge,دمج,
Merge Account,دمج الحساب,
Merge with Existing Account,دمج مع حساب موجود,
"Merging is only possible if following properties are same in both records. Is Group, Root Type, Company","الدمج ممكن فقط إذا كانت الخصائص التالية هي نفسها في كلا السجلين. هو مجموعه ، نوع الجذر ، الشركة\n<br>\nMerging is only possible if following properties are same in both records. Is Group, Root Type, Company",
Message Examples,أمثلة للرسالة,
Message Sent,تم ارسال الرسالة,
Method,طريقة,
Middle Income,الدخل المتوسط,
Middle Name,الاسم الأوسط,
Middle Name (Optional),الاسم الأوسط (اختياري),
Min Amt can not be greater than Max Amt,الحد الادنى للمبلغ لا يمكن أن يكون أكبر من الحد الاعلى للمبلغ,
Min Qty can not be greater than Max Qty,الكمية الادنى لايمكن ان تكون اكبر من الكمية الاعلى,
Minimum Lead Age (Days),الحد الأدنى لعمر الزبون المحتمل (أيام),
Miscellaneous Expenses,نفقات متنوعة,
Missing Currency Exchange Rates for {0},أسعار صرف العملات مفقودة ل {0},
Missing email template for dispatch. Please set one in Delivery Settings.,قالب بريد إلكتروني مفقود للإرسال. يرجى ضبط واحد في إعدادات التسليم.,
"Missing value for Password, API Key or Shopify URL",القيمة المفقودة لكلمة المرور أو مفتاح واجهة برمجة التطبيقات أو عنوان URL للتنفيذ,
Mode of Payment,اعداد طرق الدفع,
Mode of Payments,طرق الدفع,
Mode of Transport,وسيلة النقل,
Mode of Transportation,طريقة النقل,
Mode of payment is required to make a payment,طريقه الدفع مطلوبه لإجراء الدفع\n<br>\nMode of payment is required to make a payment,
Model,الموديل,
Moderate Sensitivity,حساسية معتدلة,
Monday,يوم الاثنين,
Monthly,شهريا,
Monthly Distribution,التوزيع الشهري,
Monthly Repayment Amount cannot be greater than Loan Amount,قيمة السداد الشهري لا يمكن أن يكون أكبر من قيمة القرض,
More,أكثر,
More Information,المزيد من المعلومات,
More than one selection for {0} not allowed,أكثر من اختيار واحد لـ {0} غير مسموح به,
More...,المزيد...,
Motion Picture & Video,الصور المتحركة والفيديو,
Move,تحريك,
Move Item,تحريك صنف,
Multi Currency,التعامل بعملات متعددة,
Multiple Item prices.,صنف متعدد الأسعار .,
Multiple Loyalty Program found for the Customer. Please select manually.,تم العثور على برنامج ولاء متعدد للعميل. يرجى التحديد يدويا.,
"Multiple Price Rules exists with same criteria, please resolve conflict by assigning priority. Price Rules: {0}",توجد قواعد أسعار متعددة بنفس المعايير، يرجى حل النزاع عن طريق تعيين الأولوية. قاعدة السعر: {0},
Multiple Variants,متغيرات متعددة,
Multiple default mode of payment is not allowed,لا يسمح بوضع الدفع الافتراضي المتعدد,
Multiple fiscal years exist for the date {0}. Please set company in Fiscal Year,يوجد سنوات مالية متعددة لنفس التاريخ {0}. الرجاء تحديد الشركة لهذه السنة المالية\n<br>\nMultiple fiscal years exist for the date {0}. Please set company in Fiscal Year,
Music,موسيقى,
My Account,حسابي,
Name error: {0},اسم الخطأ: {0},
Name of new Account. Note: Please don't create accounts for Customers and Suppliers,اسم الحساب الجديد. ملاحظة: الرجاء عدم إنشاء حسابات للزبائن والموردين,
Name or Email is mandatory,الاسم أو البريد الإلكتروني إلزامي\n<br>\nName or Email is mandatory,
Nature Of Supplies,طبيعة الامدادات,
Navigating,التنقل,
Needs Analysis,تحليل الاحتياجات,
Negative Quantity is not allowed,الكمية السلبية غير مسموح بها\n<br>\nnegative Quantity is not allowed,
Negative Valuation Rate is not allowed,معدل التقييم السلبي غير مسموح به\n<br>\nNegative Valuation Rate is not allowed,
Negotiation/Review,التفاوض / مراجعة,
Net Asset value as on,صافي قيمة الأصول كما في,
Net Cash from Financing,صافي النقد من التمويل,
Net Cash from Investing,صافي النقد من الاستثمار,
Net Cash from Operations,صافي النقد من العمليات,
Net Change in Accounts Payable,صافي التغير في الحسابات الدائنة,
Net Change in Accounts Receivable,صافي التغير في الحسابات المدينة,
Net Change in Cash,صافي التغير في النقد,
Net Change in Equity,صافي التغير في حقوق الملكية,
Net Change in Fixed Asset,صافي التغير في الأصول الثابتة,
Net Change in Inventory,صافي التغير في المخزون,
Net ITC Available(A) - (B),صافي ITC المتوفر (A) - (B),
Net Pay,صافي الراتب,
Net Pay cannot be less than 0,صافي الأجر لا يمكن أن يكون أقل من 0,
Net Profit,صافي الربح,
Net Salary Amount,صافي الراتب المبلغ,
Net Total,صافي المجموع,
Net pay cannot be negative,صافي الأجر لا يمكن أن يكون بالسالب\n<br>\nNet pay cannot be negative,
New Account Name,اسم الحساب الجديد,
New Address,عنوان جديد,
New BOM,قائمة مواد جديدة,
New Batch ID (Optional),معرف الدفعة الجديد (اختياري),
New Batch Qty,كمية الدفعة الجديده,
New Cart,سلة جديدة,
New Company,شركة جديدة,
New Contact,جهة اتصال جديدة,
New Cost Center Name,اسم مركز تكلفة جديد,
New Customer Revenue,ايرادات الزبائن الجدد,
New Customers,العملاء الجدد,
New Department,الادارة الجديدة,
New Employee,موظف جديد,
New Location,موقع جديد,
New Quality Procedure,إجراءات الجودة الجديدة,
New Sales Invoice,فاتورة مبيعات جديدة,
New Sales Person Name,اسم مندوب المبيعات الجديد,
New Serial No cannot have Warehouse. Warehouse must be set by Stock Entry or Purchase Receipt,المسلسل الجديد غير ممكن للمستودع . يجب ان يكون المستودع مجهز من حركة المخزون او المشتريات المستلمة,
New Warehouse Name,اسم المخزن الجديد,
New credit limit is less than current outstanding amount for the customer. Credit limit has to be atleast {0},حد الائتمان الجديد أقل من المبلغ المستحق الحالي للعميل. حد الائتمان يجب أن يكون على الأقل {0}\n<br>\nNew credit limit is less than current outstanding amount for the customer. Credit limit has to be atleast {0},
New task,مهمة جديدة,
New {0} pricing rules are created,يتم إنشاء قواعد تسعير جديدة {0},
Newsletters,النشرات الإخبارية,
Newspaper Publishers,ناشر الصحف,
Next,التالي,
Next Contact By cannot be same as the Lead Email Address,(جهة الاتصال التالية) لا يمكن أن يكون نفس (عنوان البريد الإلكتروني للزبون المحتمل),
Next Contact Date cannot be in the past,تاريخ التواصل التالي لا يمكن أن يكون قبل تاريخ اليوم<br>Next Contact Date cannot be in the past,
Next Steps,الخطوات القادمة,
No Action,لا رد فعل,
No Customers yet!,لا زبائن حتى الان!,
No Data,لا توجد بيانات,
No Delivery Note selected for Customer {},لم يتم تحديد ملاحظة التسليم للعميل {},
No Employee Found,لم يتم العثور على أي موظف\n<br>\nNo employee found,
No Item with Barcode {0},لايوجد صنف مع الباركود {0},
No Item with Serial No {0},لا يوجد صنف مع الرقم التسلسلي {0},
No Items added to cart,لا توجد عناصر مضافة إلى العربة,
No Items available for transfer,لا توجد عناصر متاحة للنقل,
No Items selected for transfer,لم يتم تحديد أي عناصر للنقل,
No Items to pack,لا يوجد اصناف للحزم\n<br>\nNo Items to pack,
No Items with Bill of Materials to Manufacture,لا توجد بنود في قائمة المواد للتصنيع,
No Items with Bill of Materials.,لا توجد عناصر مع جدول المواد.,
No Lab Test created,لم يتم إنشاء فحص مخبري,
No Permission,لا يوجد تصريح,
No Quote,لا يوجد عرض سعر,
No Remarks,لا يوجد ملاحظات,
No Result to submit,لا توجد نتيجة للإرسال,
No Salary Structure assigned for Employee {0} on given date {1},لا يتم تحديد هيكل الراتب للموظف {0} في تاريخ معين {1},
No Staffing Plans found for this Designation,لم يتم العثور على خطط التوظيف لهذا التصنيف,
No Student Groups created.,لم يتم إنشاء مجموعات الطلاب.,
No Students in,لا يوجد طلاب في,
No Tax Withholding data found for the current Fiscal Year.,لم يتم العثور على بيانات &quot;حجب الضرائب&quot; للسنة المالية الحالية.,
No Work Orders created,لم يتم إنشاء أوامر العمل,
No accounting entries for the following warehouses,لا يوجد قيود محاسبية للمستودعات التالية,
No active or default Salary Structure found for employee {0} for the given dates,لم يتم العثور على أي نشاط أو هيكل راتب إفتراضي للموظف {0} للتواريخ المدخلة\n<br>\nNo active or default Salary Structure found for employee {0} for the given dates,
No address added yet.,لم تتم إضافة أي عنوان حتى الآن.,
No contacts added yet.,لم تتم إضافة أي جهات اتصال حتى الآن.,
No contacts with email IDs found.,لم يتم العثور على جهات اتصال مع معرفات البريد الإلكتروني.,
No data for this period,لا بيانات لهذه الفترة,
No description given,لم يتم اعطاء وصف,
No employees for the mentioned criteria,لا يوجد موظفون للمعايير المذكورة,
No gain or loss in the exchange rate,لا مكسب أو خسارة في سعر الصرف,
No items listed,لم يتم إدراج أية اصناف,
No items to be received are overdue,لا توجد اصناف يتم استلامها متأخرة,
No material request created,لم يتم إنشاء طلب مادي,
No more updates,لا يوجد تحديثات جديده,
No of Interactions, عدد التفاعلات,
No of Shares,عدد الأسهم والاشتراكات,
No pending Material Requests found to link for the given items.,لم يتم العثور على طلبات المواد المعلقة للربط بالعناصر المحددة.,
No products found,لا توجد منتجات,
No products found.,لم يتم العثور على منتجات.,
No record found,لم يتم العثور على أي سجل,
No records found in the Invoice table,لم يتم العثور على أي سجلات في جدول الفواتير,
No records found in the Payment table,لم يتم العثور على أية سجلات في جدول الدفعات,
No replies from,لا توجد ردود من,
No salary slip found to submit for the above selected criteria OR salary slip already submitted,لم يتم العثور على كشف الراتب لتقديم المعايير المذكورة أعلاه أو كشف الراتب قدمت بالفعل,
No tasks,لايوجد مهام,
No time sheets,لا يوجد سجل التوقيت,
No values,لا توجد قيم,
No {0} found for Inter Company Transactions.,لم يتم العثور على {0} معاملات الشركه الداخليه .,
Non GST Inward Supplies,لا توجد ضرائب حكوميه على اللوازم او المواد الداخليه ,
Non Profit,غير ربحية,
Non Profit (beta),غير الربح (تجريبي),
Non-GST outward supplies,لا توجد ضرائب حكوميه على اللوازم او المواد الخارجيه,
Non-Group to Group,من تصنيف (غير المجموعة) إلى تصنيف ( المجموعة),
None,لا شيء,
None of the items have any change in quantity or value.,لا يوجد أي من البنود لديها أي تغيير في الكمية أو القيمة.\n<br>\nNone of the items have any change in quantity or value.,
Nos,Nos,
Not Available,غير متوفرة,
Not Marked,لم يتم وضع علامة,
Not Paid and Not Delivered,لم يتم الدفع ولم يتم التسليم,
Not Permitted,لا يسمح,
Not Started,لم تبدأ,
Not active,غير فعالة,
Not allow to set alternative item for the item {0},لا تسمح بتعيين عنصر بديل للعنصر {0},
Not allowed to update stock transactions older than {0},غير مسموح بتحديث معاملات الأسهم الأقدم من {0}\n<br>\nNot allowed to update stock transactions older than {0},
Not authorized to edit frozen Account {0},غير مصرح له بتحرير الحساب المجمد {0}\n<br>\nNot authorized to edit frozen Account {0},
Not authroized since {0} exceeds limits,غير مفوض عندما {0} تتجاوز الحدود,
Not eligible for the admission in this program as per DOB,غير مؤهل للقبول في هذا البرنامج حسب DOB,
Not items found,لايوجد اصناف,
Not permitted for {0},غير مسموح به {0},
"Not permitted, configure Lab Test Template as required",غير مسموح به، قم بتهيئة قالب فحص المختبر كما هو مطلوب,
Not permitted. Please disable the Service Unit Type,غير مسموح به. يرجى تعطيل نوع وحدة الخدمة,
Note: Due / Reference Date exceeds allowed customer credit days by {0} day(s),ملاحظة: تاريخ الاستحقاق أو المرجع يتجاوز الأيام المسموح بها بالدين للزبون بقدر{0} يوم,
Note: Item {0} entered multiple times,ملاحظة: تم ادخل الصنف {0} عدة مرات,
Note: Payment Entry will not be created since 'Cash or Bank Account' was not specified,"ملاحظة : لن يتم إنشاء تدوين المدفوعات نظرا لأن "" حساب النقد او البنك"" لم يتم تحديده",
Note: System will not check over-delivery and over-booking for Item {0} as quantity or amount is 0,ملاحظة: لن يتحقق النظام من التسليم الزائد والحجز الزائد للصنف {0} حيث أن الكمية أو القيمة هي 0,
Note: There is not enough leave balance for Leave Type {0},ملاحظه: ليس لديك رصيد كافي من الاجازات من نوع {0}\n<br>\nNote: There is not enough leave balance for Leave Type {0},
Note: This Cost Center is a Group. Cannot make accounting entries against groups.,ملاحظة: مركز التكلفة هذا هو مجموعة. لا يمكن إجراء القيود المحاسبية مقابل المجموعات.,
Note: {0},ملاحظة : {0},
Notes,الملاحظات,
Nothing is included in gross,لا شيء مدرج في الإجمالي,
Nothing more to show.,لا شيء أكثر للإظهار.,
Nothing to change,لا شيء للتغيير,
Notice Period,مدة الاشعار,
Notify Customers via Email,إعلام العملاء عبر البريد الإلكتروني,
Number,الرقم,
Number of Depreciations Booked cannot be greater than Total Number of Depreciations,عدد الاهلاكات المستنفده مسبقا لا يمكن أن يكون أكبر من إجمالي عدد الاهلاكات خلال العمر الافتراضي النافع,
Number of Interaction,عدد مرات التفاعل,
Number of Order,رقم أمر البيع,
"Number of new Account, it will be included in the account name as a prefix",عدد الحساب الجديد، سيتم تضمينه في اسم الحساب كبادئة,
"Number of new Cost Center, it will be included in the cost center name as a prefix",عدد مركز التكلفة الجديد ، سيتم إدراجه في اسم مركز التكلفة كبادئة,
Number of root accounts cannot be less than 4,لا يمكن أن يكون عدد حسابات الجذر أقل من 4,
Odometer,عداد المسافات,
Office Equipments,أدوات مكتبية,
Office Maintenance Expenses,نفقات صيانة المكاتب,
Office Rent,ايجار مكتب,
On Hold,في الانتظار,
On Net Total,على صافي الاجمالي,
One customer can be part of only single Loyalty Program.,يمكن أن يكون أحد العملاء جزءًا من برنامج الولاء الوحيد.,
Online,متصل بالنظام,
Online Auctions,مزادات على الانترنت,
Only Leave Applications with status 'Approved' and 'Rejected' can be submitted,يمكن إعتماد طلبات الاجازه التي حالتها 'معتمدة' و 'مرفوضة' فقط\n<br>\nOnly Leave Applications with status 'Approved' and 'Rejected' can be submitted,
"Only the Student Applicant with the status ""Approved"" will be selected in the table below.",لن يتم تحديد سوى طالب مقدم الطلب بالحالة &quot;موافق عليه&quot; في الجدول أدناه.,
Only users with {0} role can register on Marketplace,يمكن فقط للمستخدمين الذين لديهم دور {0} التسجيل في Marketplace,
Only {0} in stock for item {1},فقط {0} في المخزون للصنف {1},
Open BOM {0},فتح قائمة المواد {0},
Open Item {0},فتح الصنف {0},
Open Notifications,فتح الإشعارات,
Open Orders,فتح الطلبات,
Open a new ticket,افتح تذكرة جديدة,
Opening,افتتاحي,
Opening (Cr),افتتاحي(Cr),
Opening (Dr),افتتاحي(Dr),
Opening Accounting Balance,الرصيد الافتتاحي المحاسبي,
Opening Accumulated Depreciation,الاهلاك التراكمي الافتتاحي,
Opening Accumulated Depreciation must be less than equal to {0},يجب ان يكون فتح الإهلاك المتراكم اقل من أويساوي {0}\n<br>\nOpening Accumulated Depreciation must be less than or equal to {0},
Opening Balance,الرصيد الافتتاحي,
Opening Balance Equity,الرصيد الافتتاحي لحقوق الملكية,
Opening Date and Closing Date should be within same Fiscal Year,تاريخ الافتتاح و تاريخ الاغلاق يجب ان تكون ضمن نفس السنة المالية,
Opening Date should be before Closing Date,تاريخ الافتتاح يجب ان يكون قبل تاريخ الاغلاق,
Opening Entry Journal,افتتاح مجلة الدخول,
Opening Invoice Creation Tool,أداة إنشاء فاتورة افتتاحية,
Opening Invoice Item,فتح فاتورة الصنف,
Opening Invoices,فتح الفواتير,
Opening Invoices Summary,ملخص الفواتير الافتتاحية,
Opening Qty,الكمية الافتتاحية,
Opening Stock,مخزون أول المدة,
Opening Stock Balance,رصيد فتح المخزون,
Opening Value,القيمة الافتتاحية,
Opening {0} Invoice created,فتح {0} الفاتورة التي تم إنشاؤها,
Operation,العملية,
Operation Time must be greater than 0 for Operation {0},زمن العملية يجب أن يكون أكبر من 0 للعملية {0}\n<br>\nOperation Time must be greater than 0 for Operation {0},
"Operation {0} longer than any available working hours in workstation {1}, break down the operation into multiple operations",العملية {0} أطول من أي ساعات عمل متاحة في محطة العمل {1}، قسم العملية إلى عمليات متعددة,
Operations,العمليات,
Operations cannot be left blank,لا يمكن ترك (العمليات) فارغة,
Opp Count,Opp Count,
Opp/Lead %,Opp/Lead %,
Opportunities,الفرص,
Opportunities by lead source,الفرص من خلال المصدر الرئيسي,
Opportunity,فرصة,
Opportunity Amount,مبلغ الفرصة,
Optional Holiday List not set for leave period {0},لم يتم تعيين قائمة العطلات الاختيارية لفترة الإجازة {0},
"Optional. Sets company's default currency, if not specified.",اختياري. تحديد العملة الافتراضية للشركة، إذا لم يتم تحديدها.,
Optional. This setting will be used to filter in various transactions.,اختياري . سيتم استخدام هذا الإعداد لفلترت المعاملات المختلفة.,
Options,الخيارات,
Order Count,عدد الطلبات,
Order Entry,ادخال الطلبية,
Order Value,قيمة الطلب,
Order rescheduled for sync,تمت إعادة جدولة الطلب للمزامنة,
Order/Quot %,طلب / عرض سعر?,
Ordered,تم طلبه,
Ordered Qty,الكمية طلبت,
"Ordered Qty: Quantity ordered for purchase, but not received.",الكمية طلبت : الكمية المطلوبة لل شراء ، ولكن لم تتلق .,
Orders,الطلبات,
Orders released for production.,طلبات أصدرت للإنتاج.,
Organization,المؤسسة أو الشركة,
Organization Name,اسم المؤسسة أو الشركة,
Other,آخر,
Other Reports,تقارير أخرى,
"Other outward supplies(Nil rated,Exempted)",اللوازم الخارجية الأخرى (بدون تقييم ، معفاة),
Others,بدلات أخرى,
Out Qty,كمية خارجة,
Out Value,القيمة الخارجه,
Out of Order,خارج عن السيطرة,
Outgoing,الصادر,
Outstanding,معلقة,
Outstanding Amount,المبلغ المستحق,
Outstanding Amt,القيمة القائمة,
Outstanding Cheques and Deposits to clear,الشيكات غير المسدده و الإيداعات المعلقة للتصفيه,
Outstanding for {0} cannot be less than zero ({1}),غير المسددة ل {0} لا يمكن أن يكون أقل من الصفر ( {1} ),
Outward taxable supplies(zero rated),الإمدادات الخارجية الخاضعة للضريبة (صفر التصنيف),
Overdue,متأخرة,
Overlap in scoring between {0} and {1},التداخل في التسجيل بين {0} و {1},
Overlapping conditions found between:,الشروط المتداخله التي تم العثور عليها بين:\n<br>\nOverlapping conditions found between:,
Owner,مالك,
PAN,PAN,
PO already created for all sales order items,PO تم إنشاؤها بالفعل لجميع عناصر أمر المبيعات,
POS,نقطة البيع,
POS Closing Voucher alreday exists for {0} between date {1} and {2},توجد قسيمة الإغلاق لنقاط البيع في {0} بين التاريخ {1} و {2},
POS Profile,الملف الشخصي لنقطة البيع,
POS Profile is required to use Point-of-Sale,مطلوب بوس الشخصي لاستخدام نقطة البيع,
POS Profile required to make POS Entry,ملف نقطة البيع مطلوب للقيام بإدخال خاص بنقطة البيع,
POS Settings,إعدادات نقاط البيع,
Packed quantity must equal quantity for Item {0} in row {1},الكمية المعبأة يجب ان تساوي كمية الصنف{0} في الصف {1},
Packing Slip,قائمة بمحتويات الشحنة,
Packing Slip(s) cancelled,تم إلغاء قائمة الشحنة,
Paid,مدفوعة,
Paid Amount,المبلغ المدفوع,
Paid Amount cannot be greater than total negative outstanding amount {0},المبلغ المدفوع لا يمكن أن يكون أكبر من إجمالي المبلغ القائم السالب {0},
Paid amount + Write Off Amount can not be greater than Grand Total,المبلغ المدفوع + المبلغ المشطوب لا يمكن ان يكون أكبر من المجموع الكلي\n<br>\nPaid amount + Write Off Amount can not be greater than Grand Total,
Paid and Not Delivered,تم الدفع ولم يتم التسليم,
Parameter,المتغيرات,
Parent Item {0} must not be a Stock Item,الصنف الأب {0} يجب ألا يكون صنف مخزون,
Parents Teacher Meeting Attendance,حضور أولياء الأمور للمدرسين,
Part-time,دوام جزئى,
Partially Depreciated,استهلكت جزئيا,
Partially Received,تلقى جزئيا,
Party,الطرف المعني,
Party Name,اسم الطرف,
Party Type,نوع الطرف,
Party Type and Party is mandatory for {0} account,نوع الطرف والطرف إلزامي لحساب {0},
Party Type is mandatory,حقل نوع الطرف إلزامي\n<br>\nParty Type is mandatory,
Party is mandatory,حقل الطرف او الجهه إلزامي\n<br>\nParty is mandatory,
Password,كلمة السر,
Password policy for Salary Slips is not set,لم يتم تعيين سياسة كلمة المرور لكشوفات الراتب,
Past Due Date,تاريخ الاستحقاق السابق,
Patient,المريض,
Patient Appointment,موعد المريض,
Patient Encounter,لقاء المريض,
Patient not found,لم يتم العثور على المريض,
Pay Remaining,دفع المتبقي,
Pay {0} {1},ادفع {0} {1},
Payable,حساب قبض,
Payable Account,حساب الدائنين,
Payable Amount,المبلغ المستحق,
Payment,الدفع,
Payment Cancelled. Please check your GoCardless Account for more details,دفع ملغى. يرجى التحقق من حسابك في GoCardless لمزيد من التفاصيل,
Payment Confirmation,تأكيد الدفعة,
Payment Date,تاريخ الدفعة,
Payment Days,أيام الدفع,
Payment Document,وثيقة الدفع,
Payment Due Date,تاريخ استحقاق السداد,
Payment Entries {0} are un-linked,تدوين مدفوعات {0} غير مترابطة,
Payment Entry,السندات,
Payment Entry already exists,تدوين المدفوعات موجود بالفعل,
Payment Entry has been modified after you pulled it. Please pull it again.,تم تعديل تدوين مدفوعات بعد سحبه. يرجى سحبه مرة أخرى.,
Payment Entry is already created,تدوين المدفوعات تم انشاؤه بالفعل,
Payment Failed. Please check your GoCardless Account for more details,عملية الدفع فشلت. يرجى التحقق من حسابك في GoCardless لمزيد من التفاصيل,
Payment Gateway,بوابة الدفع,
"Payment Gateway Account not created, please create one manually.",حساب بوابة الدفع لم يتم انشاءه، يرجى إنشاء واحد يدويا.,
Payment Gateway Name,اسم بوابة الدفع,
Payment Mode,طريقة الدفع,
"Payment Mode is not configured. Please check, whether account has been set on Mode of Payments or on POS Profile.","لم يتم إعداد وضع الدفع. الرجاء التحقق ، ما إذا كان قد تم تعيين الحساب علي نمط الدفع أو علي نظام نقاط البيع.\n<br>\nPayment Mode is not configured. Please check, whether account has been set on Mode of Payments or on POS Profile.",
Payment Receipt Note,إشعار إيصال الدفع,
Payment Request,مطالبات السداد من قبل الموردين,
Payment Request for {0},طلب الدفع ل {0},
Payment Tems,شروط  الدفع,
Payment Term,شروط الدفع,
Payment Terms,شروط الدفع,
Payment Terms Template,نموذج شروط الدفع,
Payment Terms based on conditions,شروط الدفع على أساس الشروط,
Payment Type,نوع الدفع,
"Payment Type must be one of Receive, Pay and Internal Transfer","نوع الدفع يجب أن يكون إما استلام , دفع أو مناقلة داخلية\n<br>\nPayment Type must be one of Receive, Pay and Internal Transfer",
Payment against {0} {1} cannot be greater than Outstanding Amount {2},الدفعة مقابل {0} {1} لا يمكن أن تكون أكبر من المبلغ القائم {2},
Payment of {0} from {1} to {2},دفع {0} من {1} إلى {2},
Payment request {0} created,تم إنشاء طلب الدفع {0},
Payments,المدفوعات,
Payroll,الاستحقاقات والرواتب,
Payroll Number,رقم الراتب,
Payroll Payable,رواتب واجبة الدفع,
Payroll date can not be less than employee's joining date,لا يمكن أن يكون تاريخ كشوف المرتبات أقل من تاريخ انضمام الموظف,
Payslip,قسيمة الدفع,
Pending Activities,الأنشطة المعلقة,
Pending Amount,في انتظار المبلغ,
Pending Leaves,الاجازات المعلقة,
Pending Qty,الكمية التي قيد الانتظار,
Pending Quantity,في انتظار الكمية,
Pending Review,في انتظار المراجعة,
Pending activities for today,الأنشطة المعلقه لهذا اليوم,
Pension Funds,صناديق التقاعد,
Percentage Allocation should be equal to 100%,مجموع النسب المخصصة يجب ان تساوي 100 %,
Perception Analysis,تحليل التصور,
Period,الفترة,
Period Closing Entry,قيد إغلاق الفترة/المدة,
Period Closing Voucher,قيد إغلاق نقاط البيع,
Periodicity,دورية,
Personal Details,التفاصيل الشخصية,
Pharmaceutical,الأدوية,
Pharmaceuticals,الصيدليات,
Physician,الطبيب المعالج,
Piecework,الأجرة المدفوعة لكمية العمل المنجز,
Pin Code,الرقم السري,
Pincode,الرمز السري,
Place Of Supply (State/UT),مكان التوريد (الولاية / UT),
Place Order,تقديم طلب,
Plan Name,اسم الخطة,
Plan for maintenance visits.,التخطيط لزيارات الصيانة.,
Planned Qty,المخطط الكمية,
"Planned Qty: Quantity, for which, Work Order has been raised, but is pending to be manufactured.",الكمية المخططة: الكمية ، التي تم رفع &quot;أمر العمل&quot; ، ولكن قيد التصنيع.,
Planning,التخطيط,
Plants and Machineries,وحدات التصنيع  والآلات,
Please Set Supplier Group in Buying Settings.,يرجى تعيين مجموعة الموردين في إعدادات الشراء.,
Please add a Temporary Opening account in Chart of Accounts,الرجاء إضافة حساب فتح مؤقت في مخطط الحسابات,
Please add the account to root level Company - ,الرجاء إضافة الحساب إلى مستوى جذر الشركة -,
Please add the remaining benefits {0} to any of the existing component,الرجاء إضافة الفوائد المتبقية {0} إلى أي مكون موجود,
Please check Multi Currency option to allow accounts with other currency,يرجى اختيار عملات متعددة للسماح بحسابات مع عملة أخرى,
Please click on 'Generate Schedule',"الرجاء انقر على ""إنشاء الجدول الزمني""",
Please click on 'Generate Schedule' to fetch Serial No added for Item {0},"الرجاء النقر على ""إنشاء جدول"" لجلب الرقم التسلسلي المضاف للصنف {0}",
Please click on 'Generate Schedule' to get schedule,الرجاء الضغط علي ' إنشاء الجدول ' للحصول علي جدول\n<br>\nPlease click on 'Generate Schedule' to get schedule,
Please confirm once you have completed your training,يرجى التأكيد بمجرد الانتهاء من التدريب الخاص بك,
Please contact to the user who have Sales Master Manager {0} role,الرجاء الاتصال بالمستخدم الذي له صلاحية مدير المبيعات الرئيسي {0}\n<br>\nPlease contact to the user who have Sales Master Manager {0} role,
Please create Customer from Lead {0},يرجى إنشاء زبون من الزبون المحتمل {0},
Please create purchase receipt or purchase invoice for the item {0},الرجاء إنشاء إيصال شراء أو فاتورة شراء للعنصر {0},
Please define grade for Threshold 0%,يرجى تحديد المستوى للحد 0%,
Please enable Applicable on Booking Actual Expenses,يرجى تمكين المطابقه في حجز المصروفات الفعليه ,
Please enable Applicable on Purchase Order and Applicable on Booking Actual Expenses,يرجى تمكين Applicable على أمر الشراء والتطبيق على حجز المصروفات الفعلية ,
Please enable default incoming account before creating Daily Work Summary Group,الرجاء تمكين الحساب الوارد الافتراضي قبل إنشاء مجموعة ملخص العمل اليومي,
Please enable pop-ups,يرجى تمكين النوافذ المنبثقة,
Please enter 'Is Subcontracted' as Yes or No,"الرجاء إدخال ""هل تعاقد بالباطن"" ب نعم أو لا",
Please enter API Consumer Key,الرجاء إدخال مفتاح API للمستهلك,
Please enter API Consumer Secret,الرجاء إدخال سر API للمستهلك,
Please enter Account for Change Amount,الرجاء إدخال الحساب للمبلغ المتغير\n<br> \nPlease enter Account for Change Amount,
Please enter Approving Role or Approving User,الرجاء إدخال امر صلاحية بالتصديق أو مستخدم مصدق,
Please enter Cost Center,يرجى إدخال مركز التكلفة\n<br>\nPlease enter Cost Center,
Please enter Delivery Date,الرجاء إدخال تاريخ التسليم,
Please enter Employee Id of this sales person,الرجاء إدخال معرف الموظف الخاص بمندوب المبيعات هذا,
Please enter Expense Account,الرجاء إدخال حساب المصروفات\n<br>\nPlease enter Expense Account,
Please enter Item Code to get Batch Number,الرجاء إدخال رمز العنصر للحصول على رقم الدفعة\n<br>\nPlease enter Item Code to get Batch Number,
Please enter Item Code to get batch no,الرجاء إدخال كود الصنف للحصول على رقم الدفعة,
Please enter Item first,الرجاء إدخال الصنف أولا,
Please enter Maintaince Details first,الرجاء إدخال تفاصيل الصيانة أولا\n<br>\nPlease enter Maintaince Details first,
Please enter Material Requests in the above table,الرجاء ادخال طلبات مواد في الجدول أعلاه\n<br>\nPlease enter Material Requests in the above table,
Please enter Planned Qty for Item {0} at row {1},الرجاء إدخال الكمية المخططة للصنف {0} في الصف {1},
Please enter Preferred Contact Email,الرجاء إدخال البريد الكتروني المفضل للاتصال\n<br>\nPlease enter Preferred Contact Email,
Please enter Production Item first,الرجاء إدخال صنف الإنتاج أولا,
Please enter Purchase Receipt first,الرجاء إدخال إيصال الشراء أولا\n<br>\nPlease enter Purchase Receipt first,
Please enter Receipt Document,الرجاء إدخال وثيقة الاستلام\n<br>\nPlease enter Receipt Document,
Please enter Reference date,الرجاء إدخال تاريخ المرجع\n<br>\nPlease enter Reference date,
Please enter Repayment Periods,الرجاء إدخال فترات السداد,
Please enter Reqd by Date,الرجاء إدخال Regd حسب التاريخ,
Please enter Sales Orders in the above table,الرجاء إدخال طلب المبيعات في الجدول أعلاه,
Please enter Woocommerce Server URL,الرجاء إدخال عنوان URL لخادم Woocommerce,
Please enter Write Off Account,الرجاء إدخال حساب الشطب,
Please enter atleast 1 invoice in the table,الرجاء إدخال على الاقل فاتورة 1 في الجدول,
Please enter company first,الرجاء إدخال الشركة أولا\n<br>\nPlease enter company first,
Please enter company name first,الرجاء إدخال اسم الشركة اولاً,
Please enter default currency in Company Master,الرجاء إدخال العملة الافتراضية في شركة الرئيسية,
Please enter message before sending,الرجاء إدخال الرسالة قبل الإرسال,
Please enter parent cost center,الرجاء إدخال مركز تكلفة الأب,
Please enter quantity for Item {0},الرجاء إدخال الكمية للصنف {0},
Please enter relieving date.,من فضلك ادخل تاريخ ترك العمل.,
Please enter repayment Amount,الرجاء إدخال مبلغ السداد\n<br>\nPlease enter repayment Amount,
Please enter valid Financial Year Start and End Dates,الرجاء إدخال تاريخ بداية السنة المالية وتاريخ النهاية,
Please enter valid email address,الرجاء إدخال عنوان بريد إلكتروني صحيح,
Please enter {0} first,الرجاء إدخال {0} أولاً,
Please fill in all the details to generate Assessment Result.,يرجى ملء جميع التفاصيل لإنشاء نتيجة التقييم.,
Please identify/create Account (Group) for type - {0},يرجى تحديد / إنشاء حساب (مجموعة) للنوع - {0},
Please identify/create Account (Ledger) for type - {0},يرجى تحديد / إنشاء حساب (دفتر الأستاذ) للنوع - {0},
Please input all required Result Value(s),يرجى إدخال جميع قيم النتائج المطلوبة,
Please login as another user to register on Marketplace,الرجاء تسجيل الدخول كمستخدم آخر للتسجيل في Marketplace,
Please make sure you really want to delete all the transactions for this company. Your master data will remain as it is. This action cannot be undone.,يرجى التأكد من أنك تريد حقا حذف جميع المعاملات لهذه الشركة. ستبقى بياناتك الرئيسية (الماستر) كما هيا. لا يمكن التراجع عن هذا الإجراء.,
Please mention Basic and HRA component in Company,يرجى ذكر المكون الأساسي وحساب الموارد البشرية في الشركة,
Please mention Round Off Account in Company,يرجى ذكر حساب التقريب في الشركة,
Please mention Round Off Cost Center in Company,يرجى ذكر مركز التكلفة الخاص بالتقريب في الشركة,
Please mention no of visits required,يرجى ذكر عدد الزيارات المطلوبة\n<br>\nPlease mention no of visits required,
Please mention the Lead Name in Lead {0},يرجى ذكر الاسم الرائد في العميل {0},
Please pull items from Delivery Note,الرجاء سحب الاصناف من مذكرة التسليم\n<br>\nPlease pull items from Delivery Note,
Please re-type company name to confirm,يرجى إعادة كتابة اسم الشركة للتأكيد,
Please register the SIREN number in the company information file,يرجى تسجيل رقم سيرين في ملف معلومات الشركة,
Please remove this Invoice {0} from C-Form {1},الرجاء إزالة الفاتورة {0} من النموذج C {1}\n<br>\nPlease remove this Invoice {0} from C-Form {1},
Please save the patient first,يرجى حفظ المريض أولا,
Please save the report again to rebuild or update,يرجى حفظ التقرير مرة أخرى لإعادة البناء أو التحديث,
"Please select Allocated Amount, Invoice Type and Invoice Number in atleast one row",الرجاء تحديد القيمة المخصصة و نوع الفاتورة ورقم الفاتورة على الأقل  في صف واحد,
Please select Apply Discount On,الرجاء اختيار (عمل تخفيض على),
Please select BOM against item {0},الرجاء اختيار بوم ضد العنصر {0},
Please select BOM for Item in Row {0},الرجاء تحديد قائمة المواد للصنف في الصف {0},
Please select BOM in BOM field for Item {0},يرجى تحديد قائمة المواد في الحقل (قائمة المواد) للصنف {0},
Please select Category first,الرجاء تحديد التصنيف أولا\n<br>\nPlease select Category first,
Please select Charge Type first,يرجى تحديد نوع الرسوم أولا,
Please select Company,الرجاء اختيار شركة \n<br>\nPlease select Company,
Please select Company and Designation,يرجى تحديد الشركة والتسمية,
Please select Company and Party Type first,يرجى تحديد الشركة ونوع الطرف المعني أولا,
Please select Company and Posting Date to getting entries,يرجى تحديد الشركة وتاريخ النشر للحصول على إدخالات,
Please select Company first,الرجاء تحديد الشركة أولا\n<br>\nPlease select Company first,
Please select Completion Date for Completed Asset Maintenance Log,يرجى تحديد تاريخ الانتهاء لاستكمال سجل صيانة الأصول,
Please select Completion Date for Completed Repair,يرجى تحديد تاريخ الانتهاء للإصلاح المكتمل,
Please select Course,الرجاء تحديد الدورة التدريبية,
Please select Drug,يرجى اختيار المخدرات,
Please select Employee,يرجى تحديد موظف,
Please select Employee Record first.,الرجاء اختيارسجل الموظف أولا.,
Please select Existing Company for creating Chart of Accounts,الرجاء اختيار الشركة الحالية لإنشاء دليل الحسابات,
Please select Healthcare Service,يرجى اختيار خدمة الرعاية الصحية,
"Please select Item where ""Is Stock Item"" is ""No"" and ""Is Sales Item"" is ""Yes"" and there is no other Product Bundle","الرجاء اختيار الصنف حيث ""هل صنف مخزون"" يكون ""لا"" و ""هل صنف مبيعات"" يكون ""نعم"" وليس هناك حزم منتجات اخرى",
Please select Maintenance Status as Completed or remove Completion Date,يرجى تحديد حالة الصيانة على أنها اكتملت أو أزل تاريخ الاكتمال,
Please select Party Type first,يرجى تحديد نوع الطرف أولا,
Please select Patient,يرجى تحديد المريض,
Please select Patient to get Lab Tests,يرجى اختيار المريض للحصول على اختبارات معمل,
Please select Posting Date before selecting Party,الرجاء تجديد تاريخ النشر قبل تحديد المستفيد\n<br>\nPlease select Posting Date before selecting Party,
Please select Posting Date first,الرجاء تحديد تاريخ النشر أولا\n<br>\nPlease select Posting Date first,
Please select Price List,الرجاء اختيار قائمة الأسعار\n<br>\nPlease select Price List,
Please select Program,يرجى تحديد البرنامج,
Please select Qty against item {0},الرجاء اختيار الكمية ضد العنصر {0},
Please select Sample Retention Warehouse in Stock Settings first,يرجى تحديد نموذج الاحتفاظ مستودع في إعدادات المخزون أولا,
Please select Start Date and End Date for Item {0},الرجاء تحديد تاريخ البدء وتاريخ الانتهاء للصنف {0},
Please select Student Admission which is mandatory for the paid student applicant,يرجى اختيار قبول الطالب الذي هو إلزامي للمتقدم طالب طالب,
Please select a BOM,يرجى تحديد بوم,
Please select a Batch for Item {0}. Unable to find a single batch that fulfills this requirement,الرجاء تحديد دفعة للعنصر {0}. تعذر العثور على دفعة واحدة تستوفي هذا المطلب,
Please select a Company,الرجاء اختيار الشركة,
Please select a batch,يرجى تحديد دفعة,
Please select a csv file,يرجى اختيار ملف CSV,
Please select a customer,يرجى اختيار العملاء,
Please select a field to edit from numpad,الرجاء تحديد حقل لتعديله من المفكرة,
Please select a table,يرجى تحديد جدول,
Please select a valid Date,يرجى تحديد تاريخ صحيح,
Please select a value for {0} quotation_to {1},يرجى اختيار قيمة ل {0} عرض مسعر إلى {1},
Please select a warehouse,يرجى تحديد مستودع,
Please select an item in the cart,الرجاء تحديد عنصر في العربة,
Please select at least one domain.,الرجاء تحديد نطاق واحد على الأقل.,
Please select correct account,يرجى اختيارالحساب الصحيح,
Please select customer,الرجاء تحديد زبون\n<br>\nPlease select customer,
Please select date,يرجى تحديد التاريخ,
Please select item code,الرجاء تحديد رمز الصنف\n<br>\nPlease select item code,
Please select month and year,الرجاء اختيار الشهر والسنة,
Please select prefix first,الرجاء اختيار البادئة اولا,
Please select the Company,يرجى تحديد الشركة,
Please select the Company first,يرجى تحديد الشركة أولا,
Please select the Multiple Tier Program type for more than one collection rules.,يرجى تحديد نوع البرنامج متعدد الطبقات لأكثر من قواعد مجموعة واحدة.,
Please select the assessment group other than 'All Assessment Groups',يرجى اختيار مجموعة التقييم بخلاف &quot;جميع مجموعات التقييم&quot;,
Please select the document type first,يرجى تحديد نوع الوثيقة أولاً,
Please select weekly off day,الرجاء اختيار يوم العطلة الاسبوعي,
Please select {0},الرجاء اختيار {0},
Please select {0} first,الرجاء تحديد {0} أولا\n<br>\nPlease select {0} first,
Please set 'Apply Additional Discount On',يرجى تحديد 'تطبيق خصم إضافي على',
Please set 'Asset Depreciation Cost Center' in Company {0},"يرجى تحديد ""مركز تكلفة اهلاك الأصول"" للشركة {0}",
Please set 'Gain/Loss Account on Asset Disposal' in Company {0},"يرجى تحديد ""احساب لربح / الخسارة عند التخلص من الأصول"" للشركة {0}",
Please set Account in Warehouse {0} or Default Inventory Account in Company {1},يرجى تعيين Account in Warehouse {0} أو Account Inventory Account in Company {1},
Please set B2C Limit in GST Settings.,الرجاء تعيين حد B2C في إعدادات GST.,
Please set Company,يرجى تعيين الشركة,
Please set Company filter blank if Group By is 'Company',الرجاء تعيين فلتر الشركة فارغا إذا كانت المجموعة بي هي &#39;كومباني&#39;,
Please set Default Payroll Payable Account in Company {0},الرجاء تحديد الحساب افتراضي لدفع الرواتب في الشركة {0},
Please set Depreciation related Accounts in Asset Category {0} or Company {1},يرجى تحديد الحسابات المتعلقة بالاهلاك في فئة الأصول {0} أو الشركة {1},
Please set Email Address,يرجى وضع عنوان البريد الإلكتروني,
Please set GST Accounts in GST Settings,يرجى تعيين حسابات ضريبة السلع والخدمات في إعدادات GST,
Please set Hotel Room Rate on {},يرجى تحديد سعر غرفة الفندق على {},
Please set Number of Depreciations Booked,الرجاء تعيين عدد الاهلاكات المستنفده مسبقا,
Please set Unrealized Exchange Gain/Loss Account in Company {0},يرجى تعيين حساب أرباح / خسائر غير محققة في الشركة {0},
Please set User ID field in an Employee record to set Employee Role,الرجاء حدد هوية المستخدم في سجلات الموظف للتمكن من تحديد الصلاحية للموظف,
Please set a default Holiday List for Employee {0} or Company {1},يرجى تعيين قائمة العطل الافتراضية للموظف {0} أو الشركة {1}\n<br>\nPlease set a default Holiday List for Employee {0} or Company {1},
Please set account in Warehouse {0},يرجى تعيين الحساب في مستودع {0},
Please set an active menu for Restaurant {0},الرجاء تعيين قائمة نشطة لمطعم {0},
Please set associated account in Tax Withholding Category {0} against Company {1},يرجى تعيين الحساب المرتبط في فئة الضريبة المستقطعة {0} مقابل الشركة {1},
Please set at least one row in the Taxes and Charges Table,يرجى ضبط صف واحد على الأقل في جدول الضرائب والرسوم,
Please set default Cash or Bank account in Mode of Payment {0},الرجاء تحديد الحساب البنكي أو النقدي الافتراضي في نوع الدفع\n<br>\nPlease set default Cash or Bank account in Mode of Payment {0},
Please set default account in Salary Component {0},الرجاء تحديد حساب افتراضي في مكون الراتب {0},
Please set default customer group and territory in Selling Settings,يرجى تعيين مجموعة العملاء الافتراضية والأقاليم في إعدادات البيع,
Please set default customer in Restaurant Settings,يرجى تعيين العملاء الافتراضي في إعدادات المطعم,
Please set default template for Leave Approval Notification in HR Settings.,يرجى تعيين القالب الافتراضي لإشعار إجازة الموافقة في إعدادات الموارد البشرية.,
Please set default template for Leave Status Notification in HR Settings.,يرجى تعيين القالب الافتراضي لإشعار حالة الإجازات في إعدادات الموارد البشرية.,
Please set default {0} in Company {1},يرجى تعيين {0} الافتراضي للشركة {1},
Please set filter based on Item or Warehouse,يرجى ضبط الفلتر على أساس الصنف أو المخزن,
Please set leave policy for employee {0} in Employee / Grade record,يرجى وضع سياسة الإجازة للموظف {0} في سجل الموظف / الدرجة,
Please set recurring after saving,يرجى تحديد (تكرار) بعد الحفظ,
Please set the Company,يرجى تعيين الشركة,
Please set the Customer Address,يرجى ضبط عنوان العميل,
Please set the Date Of Joining for employee {0},يرجى تحديد تاريخ الالتحاق بالموظف {0},
Please set the Default Cost Center in {0} company.,يرجى تعيين مركز التكلفة الافتراضي في الشركة {0}.,
Please set the Email ID for the Student to send the Payment Request,يرجى تعيين معرف البريد الإلكتروني للطالب لإرسال طلب الدفع,
Please set the Item Code first,يرجى تعيين رمز العنصر أولا,
Please set the Payment Schedule,يرجى ضبط جدول الدفع,
Please set the series to be used.,يرجى ضبط التسلسل ليتم استخدامه.,
Please set {0} for address {1},يرجى ضبط {0} للعنوان {1},
Please setup Students under Student Groups,يرجى إعداد الطلاب تحت مجموعات الطلاب,
Please share your feedback to the training by clicking on 'Training Feedback' and then 'New',يرجى حصة ملاحظاتك للتدريب من خلال النقر على &quot;التدريب ردود الفعل&quot; ثم &quot;جديد&quot;,
Please specify Company,يرجى تحديد شركة,
Please specify Company to proceed,الرجاء تحديد الشركة للمضى قدما\n<br>\nPlease specify Company to proceed,
Please specify a valid 'From Case No.',"يرجى تحديد صحيح ""من رقم الحالة""\n<br>\nPlease specify a valid 'From Case No.'",
Please specify a valid Row ID for row {0} in table {1},يرجى تحديد هوية الصف صحيحة لصف {0} في الجدول {1},
Please specify at least one attribute in the Attributes table,يرجى تحديد خاصية واحدة على الأقل في جدول (الخاصيات),
Please specify currency in Company,يرجى تحديد العملة للشركة,
Please specify either Quantity or Valuation Rate or both,يرجى تحديد الكمية أو التقييم إما قيم أو كليهما,
Please specify from/to range,يرجى التحديد من / إلى النطاق\n<br>\nPlease specify from/to range,
Please supply the specified items at the best possible rates,يرجى تزويدنا بالبنود المحددة بأفضل الأسعار الممكنة,
Please update your status for this training event,يرجى تحديث حالتك لهذا الحدث التدريبي,
Please wait 3 days before resending the reminder.,يرجى الانتظار 3 أيام قبل إعادة إرسال التذكير.,
Point of Sale,نقطة البيع,
Point-of-Sale,نقطة البيع,
Point-of-Sale Profile,ملف نقطة البيع,
Portal,البوابة,
Portal Settings,إعدادات البوابة,
Possible Supplier,مورد محتمل,
Postal Expenses,نفقات بريدية,
Posting Date,تاريخ الترحيل,
Posting Date cannot be future date,لا يمكن أن يكون تاريخ النشر تاريخا مستقبلا\n<br>\nPosting Date cannot be future date,
Posting Time,نشر التوقيت,
Posting date and posting time is mandatory,تاريخ النشر و وقت النشر الزامي\n<br>\nPosting date and posting time is mandatory,
Posting timestamp must be after {0},الطابع الزمني للترحيل يجب أن يكون بعد {0},
Potential opportunities for selling.,فرص بيع محتملة.,
Practitioner Schedule,جدول ممارس,
Pre Sales,قبل البيع,
Preference,المرجع,
Prescribed Procedures,الإجراءات المقررة,
Prescription,وصفة طبية,
Prescription Dosage,وصفة الجرعة,
Prescription Duration,مدة الوصفة الطبية,
Prescriptions,الوصفات,
Present,حاضر,
Prev,السابق,
Preview,معاينة,
Preview Salary Slip,معاينة كشف الراتب,
Previous Financial Year is not closed,السنة المالية السابقة ليست مغلقة,
Price,السعر,
Price List,قائمة الأسعار,
Price List Currency not selected,قائمة أسعار العملات غير محددة,
Price List Rate,سعر الصنف حسب قائمة الأسعار,
Price List master.,الاساس الخاص بقائمة الأسعار.,
Price List must be applicable for Buying or Selling,يجب ان تكون قائمة الأسعار منطبقه للشراء او البيع,
Price List not found or disabled,قائمة الأسعار غير موجودة أو تم تعطيلها,
Price List {0} is disabled or does not exist,قائمة الأسعار {0} تعطيل أو لا وجود لها,
Price or product discount slabs are required,ألواح سعر الخصم أو المنتج مطلوبة,
Pricing,التسعير,
Pricing Rule,قاعدة التسعير,
"Pricing Rule is first selected based on 'Apply On' field, which can be Item, Item Group or Brand.",خاصية قاعدة التسعير يمكن تطبيقها على  صنف، فئة بنود او علامة التجارية.,
"Pricing Rule is made to overwrite Price List / define discount percentage, based on some criteria.",خاصية قاعدة التسعير تم تكوينها لتقوم بعمليات اعادة كتابة لقوائم الاسعار و تحديد نسبة التخفيض، استنادا إلى بعض المعايير.,
Pricing Rule {0} is updated,يتم تحديث قاعدة التسعير {0},
Pricing Rules are further filtered based on quantity.,كما تتم فلترت قواعد التسعير على أساس الكمية.,
Primary,أساسي,
Primary Address Details,تفاصيل العنوان الرئيسي,
Primary Contact Details,تفاصيل الاتصال الأساسية,
Principal Amount,المبلغ الرئيسي,
Print Format,تنسيق الطباعة,
Print IRS 1099 Forms,طباعة نماذج مصلحة الضرائب 1099,
Print Report Card,طباعة بطاقة التقرير,
Print Settings,إعدادات الطباعة,
Print and Stationery,طباعة وقرطاسية,
Print settings updated in respective print format,تم تحديث إعدادات الطباعة في تنسيق الطباعة الخاصة\n<br>\nPrint settings updated in respective print format,
Print taxes with zero amount,طباعة الضرائب مع مبلغ صفر,
Printing and Branding,الطباعة و العلامات التجارية,
Private Equity,رأس المال الخاص,
Privilege Leave,إجازة الامتياز,
Probation,فترة التجربة,
Probationary Period,فترة الاختبار,
Procedure,الإجراء,
Process Day Book Data,عملية دفتر اليوم البيانات,
Process Master Data,معالجة البيانات الرئيسية,
Processing Chart of Accounts and Parties,معالجة الرسم البياني للحسابات والأطراف,
Processing Items and UOMs,معالجة العناصر و UOMs,
Processing Party Addresses,معالجة عناوين الجهة,
Processing Vouchers,تجهيز القسائم,
Procurement,اجراءات الشراء,
Produced Qty,الكمية المنتجة,
Product,المنتج,
Product Bundle,حزمة المنتج,
Product Search,بحث عن منتج,
Production,الإنتاج,
Production Item,صنف انتاج,
Products,المنتجات,
Profit and Loss,الربح والخسارة,
Profit for the year,الربح السنوي,
Program,برنامج,
Program in the Fee Structure and Student Group {0} are different.,البرنامج في هيكل الرسوم ومجموعة الطلاب {0} مختلفة.,
Program {0} does not exist.,البرنامج {0} غير موجود.,
Program: ,البرنامج:,
Progress % for a task cannot be more than 100.,التقدم? لاي مهمة لا يمكن أن تكون أكثر من 100.,
Project Collaboration Invitation,دعوة للمشاركة في المشاريع,
Project Id,رقم المشروع,
Project Manager,مدير المشروع,
Project Name,اسم المشروع,
Project Start Date,تاريخ بدء المشروع,
Project Status,حالة المشروع,
Project Summary for {0},ملخص المشروع لـ {0},
Project Update.,تحديث المشروع.,
Project Value,قيمة المشروع,
Project activity / task.,نشاط او مهمة لمشروع .,
Project master.,المدير الرئيسي بالمشروع.,
Project-wise data is not available for Quotation,البيانات الخاصة بالمشروع غير متوفرة للعرض المسعر,
Projected,المخطط له,
Projected Qty,الكمية المتوقعة,
Projected Quantity Formula,الصيغة الكمية المتوقعة,
Projects,المشاريع,
Property,الممتلكات,
Property already added,الخاصية المضافة بالفعل,
Proposal Writing,تجهيز العروض,
Proposal/Price Quote,اقتراح / سعر العرض سعر,
Prospecting,التنقيب,
Provisional Profit / Loss (Credit),الربح / الخسارة المؤقته (دائن),
Publications,المنشورات,
Publish Items on Website,نشر عناصر على الموقع,
Published,نشرت,
Publishing,نشر,
Purchase,مشتريات,
Purchase Amount,قيمة الشراء,
Purchase Date,تاريخ الشراء,
Purchase Invoice,فاتورة الشراء,
Purchase Invoice {0} is already submitted,فاتورة الشراء {0} تم ترحيلها من قبل,
Purchase Manager,مدير المشتريات,
Purchase Master Manager,المدير الرئيسي للمشتريات,
Purchase Order,أمر الشراء,
Purchase Order Amount,مبلغ أمر الشراء,
Purchase Order Amount(Company Currency),مبلغ أمر الشراء (عملة الشركة),
Purchase Order Date,تاريخ أمر الشراء,
Purchase Order Items not received on time,لم يتم استلام طلبات الشراء في الوقت المحدد,
Purchase Order number required for Item {0},عدد طلب الشراء مطلوب للصنف\n<br>\nPurchase Order number required for Item {0},
Purchase Order to Payment,مدفوعات امر الشراء,
Purchase Order {0} is not submitted,طلب الشراء {0} يجب أن يعتمد\n<br>\nPurchase Order {0} is not submitted,
Purchase Orders are not allowed for {0} due to a scorecard standing of {1}.,لا يسمح بأوامر الشراء {0} بسبب وضع بطاقة النقاط {1}.,
Purchase Orders given to Suppliers.,اوامر شراء تم اصدارها للموردين.,
Purchase Price List,قائمة أسعار الشراء,
Purchase Receipt,إستلام المشتريات,
Purchase Receipt {0} is not submitted,إيصال استلام المشتريات {0} لم يتم تقديمه,
Purchase Tax Template,قالب الضرائب على المشتريات,
Purchase User,مستخدم الشراء,
Purchase orders help you plan and follow up on your purchases,طلبات الشراء تساعدك على تخطيط ومتابعة عمليات الشراء الخاصة بك,
Purchasing,المشتريات,
Purpose must be one of {0},الهدف يجب ان يكون واحد ل {0}\n<br>\nPurpose must be one of {0},
Qty,الكمية,
Qty To Manufacture,الكمية للتصنيع,
Qty Total,مجموع الكمية,
Qty for {0},الكمية ل {0},
Qualification,المؤهل,
Quality,الجودة,
Quality Action,جودة العمل,
Quality Goal.,هدف الجودة.,
Quality Inspection,فحص الجودة,
Quality Inspection: {0} is not submitted for the item: {1} in row {2},فحص الجودة: {0} لم يتم تقديمه للعنصر: {1} في الصف {2},
Quality Management,إدارة الجودة,
Quality Meeting,اجتماع الجودة,
Quality Procedure,إجراءات الجودة,
Quality Procedure.,إجراءات الجودة.,
Quality Review,مراجعة الجودة,
Quantity,الكمية,
Quantity for Item {0} must be less than {1},كمية الصنف ل {0} يجب أن يكون أقل من {1},
Quantity in row {0} ({1}) must be same as manufactured quantity {2},الكمية في سطر {0} ({1}) يجب ان تكون نفس الكمية المصنعة{2}\n<br>\nQuantity in row {0} ({1}) must be same as manufactured quantity {2},
Quantity must be less than or equal to {0},يجب أن تكون الكمية أقل من أو تساوي {0},
Quantity must be positive,يجب أن تكون الكمية إيجابية,
Quantity must not be more than {0},الكمية يجب ألا تكون أكثر من {0},
Quantity required for Item {0} in row {1},الكمية مطلوبة للصنف {0} في الصف {1}\n<br>\nQuantity required for Item {0} in row {1},
Quantity should be greater than 0,الكمية يجب أن تكون أبر من 0\n<br>\nQuantity should be greater than 0,
Quantity to Make,الكمية المعدة,
Quantity to Manufacture must be greater than 0.,"""الكمية للتصنيع"" يجب أن تكون أكبر من 0.",
Quantity to Produce,كمية لإنتاج,
Quantity to Produce can not be less than Zero,لا يمكن أن تكون كمية الإنتاج أقل من الصفر,
Query Options,خيارات الاستعلام,
Queued for replacing the BOM. It may take a few minutes.,في قائمة الانتظار لاستبدال BOM. قد يستغرق بضع دقائق.,
Queued for updating latest price in all Bill of Materials. It may take a few minutes.,قائمة الانتظار لتحديث أحدث الأسعار في جميع بيل المواد. قد يستغرق بضع دقائق.,
Quick Journal Entry,قيد دفتر يومية سريع,
Quot Count,عدد النقاط,
Quot/Lead %,مناقصة / زبون محتمل?,
Quotation,عروض أسعار,
Quotation {0} is cancelled,العرض المسعر {0} تم إلغائه,
Quotation {0} not of type {1},عرض مسعر {0} ليس من النوع {1},
Quotations,عروض مسعرة,
"Quotations are proposals, bids you have sent to your customers",عروض المسعره هي المقترحات، و المناقصات التي تم إرسالها للزبائن,
Quotations received from Suppliers.,عروض تم استقبالها من الموردين.,
Quotations: ,عروض مسعرة:,
Quotes to Leads or Customers.,قدم عروض مسعرة للزبائن المحتملين أو الزبائن المتعامل معهم سابقا.,
RFQs are not allowed for {0} due to a scorecard standing of {1},لا يسمح ب رفق ل {0} بسبب وضع بطاقة الأداء ل {1},
Range,نطاق,
Rate,سعر الصنف,
Rate:,معدل:,
Rating,تقييم,
Raw Material,المواد الخام,
Raw Materials,مواد أولية,
Raw Materials cannot be blank.,لا يمكن ترك المواد الخام فارغة.,
Re-open,اعادة فتح,
Read blog,قراءة بلوق,
Read the ERPNext Manual,اقرا دليل مستخدم  ERPNext,
Reading Uploaded File,قراءة ملف تم الرفع,
Real Estate,العقارات,
Reason For Putting On Hold,سبب لوضع في الانتظار,
Reason for Hold,سبب الانتظار,
Reason for hold: ,سبب الانتظار:,
Receipt,إيصال,
Receipt document must be submitted,يجب تقديم وثيقة الاستلام\n<br>\nReceipt document must be submitted,
Receivable,حسابات صرف,
Receivable Account,حساب مدين,
Receive at Warehouse Entry,تلقي في مستودع الدخول,
Received,مستلمة,
Received On,وردت في,
Received Quantity,الكمية المستلمة,
Received Stock Entries,تلقى إدخالات الأسهم,
Receiver List is empty. Please create Receiver List,قائمة المرسل اليهم فارغة. يرجى إنشاء قائمة المرسل اليهم,
Recipients,المستلمين,
Reconcile,توفيق,
"Record of all communications of type email, phone, chat, visit, etc.",تسجيل جميع اتصالات البريد الإلكتروني، الهاتف، والدردشة، والزيارة، الخ,
Records,تسجيل,
Redirect URL,إعادة توجيه URL,
Ref,المرجع,
Ref Date,تاريخ المرجع,
Reference,مرجع,
Reference #{0} dated {1},المرجع # {0} بتاريخ {1},
Reference Date,تاريخ المراجعة,
Reference Doctype must be one of {0},الوثيقة المرجع يجب أن يكون واحد من {0}\n<br>\nReference Doctype must be one of {0},
Reference Document,وثيقة مرجعية,
Reference Document Type,المرجع لنوع الوثيقة,
Reference No & Reference Date is required for {0},رقم المرجع وتاريخه مطلوبان ل {0}\n<br>\nReference No &amp; Reference Date is required for {0},
Reference No and Reference Date is mandatory for Bank transaction,رقم المرجع و تاريخ المرجع إلزامي للمعاملة البنكية,
Reference No is mandatory if you entered Reference Date,رقم المرجع إلزامي اذا أدخلت تاريخ المرجع\n<br>\nReference No is mandatory if you entered Reference Date,
Reference No.,رقم المرجع.,
Reference Number,رقم الارتباط,
Reference Owner,إشارة المالك,
Reference Type,نوع المرجع,
"Reference: {0}, Item Code: {1} and Customer: {2}",المرجع: {0}، رمز العنصر: {1} والعميل: {2},
References,المراجع,
Refresh Token,تحديث رمز,
Region,المنطقة,
Register,تسجيل,
Reject,رفض,
Rejected,مرفوض,
Related,ذات صلة,
Relation with Guardian1,العلاقة مع ولي الامر 1,
Relation with Guardian2,العلاقة مع ولي الامر 2,
Release Date,تاريخ النشر,
Reload Linked Analysis,إعادة تحميل التحليل المرتبط,
Remaining,المتبقية,
Remaining Balance,الرصيد المتبقي,
Remarks,الملاحظات,
Reminder to update GSTIN Sent,تذكير بتحديث GSTIN المرسلة,
Remove item if charges is not applicable to that item,إزالة الصنف إذا الرسوم لا تنطبق على هذا الصنف,
Removed items with no change in quantity or value.,العناصر إزالتها مع أي تغيير في كمية أو قيمة.,
Reopen,إعادة فتح,
Reorder Level,مستوى اعادة الطلب,
Reorder Qty,الكمية المحددة عند اعادة الطلب,
Repeat Customer Revenue,ايرادات الزبائن المكررين,
Repeat Customers,الزبائن المكررين,
Replace BOM and update latest price in all BOMs,استبدال BOMوتحديث أحدث الأسعار في جميع BOMS,
Replied,رد,
Replies,الردود,
Report,تقرير,
Report Builder,تقرير منشئ,
Report Type,نوع التقرير,
Report Type is mandatory,نوع التقرير إلزامي\n<br>\nReport Type is mandatory,
Report an Issue,أبلغ عن مشكلة,
Reports,التقارير,
Reqd By Date,Reqd حسب التاريخ,
Reqd Qty,الكمية المقسمة,
Request for Quotation,طلب عروض أسعار,
"Request for Quotation is disabled to access from portal, for more check portal settings.",يتم تعطيل طلب عرض الأسعار للوصول من البوابة، لمزيد من الاختيار إعدادات البوابة.,
Request for Quotations,طلب عروض اسعار,
Request for Raw Materials,طلب المواد الخام,
Request for purchase.,طلب للشراء.,
Request for quotation., طلب تقديم عروض أسعار.,
Requested Qty,الكمية المطلبة,
"Requested Qty: Quantity requested for purchase, but not ordered.",طلب الكمية : الكمية المطلوبة للشراء ، ولكن ليس طلب .,
Requesting Site,موقع الطلب,
Requesting payment against {0} {1} for amount {2},طلب الدفعة مقابل {0} {1} لقيمة {2},
Requestor,الطالب,
Required On,مطلوب في,
Required Qty,مطلوب الكمية,
Required Quantity,الكمية المطلوبة,
Reschedule,إعادة جدولة,
Research,ابحاث,
Research & Development,البحث و التطوير,
Researcher,الباحث,
Resend Payment Email,إعادة إرسال الدفعة عبر البريد الإلكتروني,
Reserve Warehouse,احتياطي مستودع,
Reserved Qty,الكمية المحجوزة,
Reserved Qty for Production,الكمية المحجوزة للانتاج,
Reserved Qty for Production: Raw materials quantity to make manufacturing items.,الكمية المخصصة للإنتاج: كمية المواد الخام لتصنيع المواد.,
"Reserved Qty: Quantity ordered for sale, but not delivered.",الكمية المحجوزة : الكمية المطلوبة لل بيع، ولكن لم يتم تسليمها .,
Reserved Warehouse is mandatory for Item {0} in Raw Materials supplied,مستودع محجوز إلزامي للصنف {0} في المواد الخام الموردة,
Reserved for manufacturing,محفوظة للتصنيع,
Reserved for sale,محفوظة للبيع,
Reserved for sub contracting,محجوزة للتعاقد من الباطن,
Resistant,مقاومة,
Resolve error and upload again.,حل الخطأ وتحميل مرة أخرى.,
Response,الإستجابة,
Responsibilities,المسؤوليات,
Rest Of The World,باقي أنحاء العالم,
Restart Subscription,إعادة تشغيل الاشتراك,
Restaurant,مطعم,
Result Date,تاريخ النتيجة,
Result already Submitted,تم إرسال النتيجة من قبل,
Resume,استئنف,
Retail,بيع قطاعي,
Retail & Wholesale,بيع بالتجزئة والجملة,
Retail Operations,عمليات بيع المفرق,
Retained Earnings,أرباح محتجزة,
Retention Stock Entry,الاحتفاظ الأسهم,
Retention Stock Entry already created or Sample Quantity not provided,الاحتفاظ الأسهم دخول بالفعل إنشاء أو عينة الكمية غير المقدمة,
Return,مسترجعة,
Return / Credit Note,ارجاع / اشعار دائن,
Return / Debit Note,ارجاع / اشعار مدين,
Returns,النتائج,
Reverse Journal Entry,عكس دخول المجلة,
Review Invitation Sent,تم إرسال دعوة المراجعة,
Review and Action,مراجعة واجراء العمل,
Role,دور - مجموعة صلاحيات,
Rooms Booked,الغرف غرف الفندق مكيفة،,
Root Company,الشركة الام,
Root Type,نوع الجذر,
Root Type is mandatory,نوع الجذر إلزامي\n<br>\nRoot Type is mandatory,
Root cannot be edited.,الجذرلا يمكن تعديلها.,
Root cannot have a parent cost center,الجذر لا يمكن أن يكون له مركز تكلفة أب\n<br>\nRoot cannot have a parent cost center,
Round Off,تقريب,
Rounded Total,إجمالي التقريب,
Route,مسار,
Row # {0}: ,الصف # {0},
Row # {0}: Batch No must be same as {1} {2},الصف # {0}: رقم الدفعه يجب أن يكون نفس {1} {2},
Row # {0}: Cannot return more than {1} for Item {2},الصف # {0}: لا يمكن الارجاع أكثر من {1} للصنف {2},
Row # {0}: Rate cannot be greater than the rate used in {1} {2},الصف # {0}: لا يمكن أن يكون المعدل أكبر من المعدل المستخدم في {1} {2},
Row # {0}: Returned Item {1} does not exists in {2} {3},الصف # {0}: الصنف الذي تم إرجاعه {1} غير موجود في {2} {3},
Row # {0}: Serial No is mandatory,الصف # {0}: الرقم التسلسلي إلزامي,
Row # {0}: Serial No {1} does not match with {2} {3},الصف # {0}: الرقم التسلسلي {1} لا يتطابق مع {2} {3},
Row #{0} (Payment Table): Amount must be negative,الصف # {0} (جدول الدفع): يجب أن يكون المبلغ سلبيًا,
Row #{0} (Payment Table): Amount must be positive,الصف رقم {0} (جدول الدفع): يجب أن يكون المبلغ موجبا,
Row #{0}: Account {1} does not belong to company {2},الصف # {0}: الحساب {1} لا ينتمي إلى الشركة {2},
Row #{0}: Allocated Amount cannot be greater than outstanding amount.,الصف # {0}: المبلغ المخصص لا يمكن أن يكون أكبر من المبلغ المستحق.,
"Row #{0}: Asset {1} cannot be submitted, it is already {2}",الصف # {0}: الاصل {1} لا يمكن تقديمه ، لانه بالفعل {2},
Row #{0}: Cannot set Rate if amount is greater than billed amount for Item {1}.,الصف # {0}: لا يمكن تعيين &quot;معدل&quot; إذا كان المقدار أكبر من مبلغ الفاتورة للعنصر {1}.,
Row #{0}: Clearance date {1} cannot be before Cheque Date {2},الصف # {0}: لا يمكن ان يكون تاريخ التخليص {1} قبل تاريخ الشيك\n<br>\nRow #{0}: Clearance date {1} cannot be before Cheque Date {2},
Row #{0}: Duplicate entry in References {1} {2},الصف # {0}: إدخال مكرر في المراجع {1} {2},
Row #{0}: Expected Delivery Date cannot be before Purchase Order Date,الصف # {0}: تاريخ التسليم المتوقع لا يمكن أن يكون قبل تاريخ أمر الشراء,
Row #{0}: Item added,الصف # {0}: تمت إضافة العنصر,
Row #{0}: Journal Entry {1} does not have account {2} or already matched against another voucher,الصف {1} : قيد اليومية {1} لا يحتوى على الحساب {2} أو بالفعل يوجد في قسيمة مقابلة أخرى\n<br>\nRow #{0}: Journal Entry {1} does not have account {2} or already matched against another voucher,
Row #{0}: Not allowed to change Supplier as Purchase Order already exists,الصف رقم {0}: غير مسموح تغيير المورد لأن أمر الشراء موجود مسبقاً\n<br>\nRow #{0}: Not allowed to change Supplier as Purchase Order already exists,
Row #{0}: Please set reorder quantity,الصف # {0}: يرجى تعيين إعادة ترتيب الكمية\n<br>\nRow #{0}: Please set reorder quantity,
Row #{0}: Please specify Serial No for Item {1},الصف # {0}: يرجى تحديد رقم التسلسلي للتاريخ {1},
Row #{0}: Qty increased by 1,الصف # {0}: زادت الكمية بمقدار 1,
Row #{0}: Rate must be same as {1}: {2} ({3} / {4}) ,الصف # {0}: يجب أن يكون السعر كما هو {1}: {2} ({3} / {4}),
Row #{0}: Reference Document Type must be one of Expense Claim or Journal Entry,الصف # {0}: يجب أن يكون نوع الوثيقة المرجعي واحدا من &quot;مطالبة المصروفات&quot; أو &quot;دفتر اليومية&quot;,
"Row #{0}: Reference Document Type must be one of Purchase Order, Purchase Invoice or Journal Entry","الصف {0} : نوع الوثيقة المرجع يجب أن يكون واحدة من طلب شراء ,فاتورة شراء أو قيد يومبة\n<br>\nRow #{0}: Reference Document Type must be one of Purchase Order, Purchase Invoice or Journal Entry",
"Row #{0}: Reference Document Type must be one of Sales Order, Sales Invoice or Journal Entry",الصف # {0}: يجب أن يكون نوع الوثيقة المرجعي واحدة منن الاتي اما طلب مبيعات او فاتورة مبيعات أو قيد دفتر يومية,
Row #{0}: Rejected Qty can not be entered in Purchase Return,الصف # {0}: لا يمكن إدخال الكمية المرفوضة في المشتريات الراجعة,
Row #{0}: Rejected Warehouse is mandatory against rejected Item {1},الصف # {0}: (مخزن المواد المرفوضه) إلزامي مقابل الصنف المرفوض {1},
Row #{0}: Reqd by Date cannot be before Transaction Date,الصف # {0}: Regd بالتاريخ لا يمكن أن يكون قبل تاريخ المعاملة,
Row #{0}: Set Supplier for item {1},الصف # {0}: حدد المورد للصنف {1},
Row #{0}: Status must be {1} for Invoice Discounting {2},الصف # {0}: يجب أن تكون الحالة {1} بالنسبة لخصم الفاتورة {2},
"Row #{0}: The batch {1} has only {2} qty. Please select another batch which has {3} qty available or split the row into multiple rows, to deliver/issue from multiple batches",الصف # {0}: الدفعة {1} فقط {2} الكمية. يرجى تحديد دفعة أخرى توفر {3} الكمية أو تقسيم الصف إلى صفوف متعددة، لتسليم / إصدار من دفعات متعددة,
Row #{0}: Timings conflicts with row {1},الصف # {0}: التوقيت يتعارض مع الصف {1},
Row #{0}: {1} can not be negative for item {2},الصف # {0}: {1} لا يمكن أن يكون سالبا للصنف {2},
Row No {0}: Amount cannot be greater than Pending Amount against Expense Claim {1}. Pending Amount is {2},رقم الصف {0}: لا يمكن أن يكون المبلغ أكبر من المبلغ المعلق مقابل المطالبة بالمصروفات {1}. المبلغ المعلق هو {2},
Row {0} : Operation is required against the raw material item {1},الصف {0}: العملية مطلوبة مقابل عنصر المادة الخام {1},
Row {0}# Allocated amount {1} cannot be greater than unclaimed amount {2},الصف {0} # المبلغ المخصص {1} لا يمكن أن يكون أكبر من المبلغ غير المطالب به {2},
Row {0}# Item {1} cannot be transferred more than {2} against Purchase Order {3},الصف {0} # الصنف {1} لا يمكن نقله أكثر من {2} من أمر الشراء {3},
Row {0}# Paid Amount cannot be greater than requested advance amount,الصف {0} # المبلغ المدفوع لا يمكن أن يكون أكبر من المبلغ المطلوب مسبقا,
Row {0}: Activity Type is mandatory.,الصف {0}: نوع النشاط إلزامي.,
Row {0}: Advance against Customer must be credit,الصف {0}:  الدفعة المقدمة مقابل الزبائن يجب أن تكون دائن,
Row {0}: Advance against Supplier must be debit,الصف {0}:المورد المقابل المتقدم يجب أن يكون مدين\n<br>\nRow {0}: Advance against Supplier must be debit,
Row {0}: Allocated amount {1} must be less than or equals to Payment Entry amount {2},صف {0}: يجب أن يكون المبلغ المخصص {1} أقل من أو يساوي قيمة تدوين المدفوعات {2},
Row {0}: Allocated amount {1} must be less than or equals to invoice outstanding amount {2},صف {0}: يجب أن يكون المبلغ المخصص {1} أقل من أو يساوي فاتورة المبلغ القائم {2},
Row {0}: An Reorder entry already exists for this warehouse {1},صف {0}: إدخال إعادة الطلب موجود بالفعل لهذا المخزن {1},
Row {0}: Bill of Materials not found for the Item {1},صف {0}: من مواد مشروع القانون لم يتم العثور على هذا الصنف {1},
Row {0}: Conversion Factor is mandatory,الصف {0}: معامل التحويل إلزامي,
Row {0}: Cost center is required for an item {1},الصف {0}: مركز التكلفة مطلوب لعنصر {1},
Row {0}: Credit entry can not be linked with a {1},صف {0}: لا يمكن ربط قيد دائن مع {1},
Row {0}: Currency of the BOM #{1} should be equal to the selected currency {2},الصف {0}: العملة للـ BOM #{1} يجب أن يساوي العملة المختارة {2}<br>Row {0}: Currency of the BOM #{1} should be equal to the selected currency {2},
Row {0}: Debit entry can not be linked with a {1},الصف {0}: لا يمكن ربط قيد مدين مع {1},
Row {0}: Depreciation Start Date is required,الصف {0}: تاريخ بداية الإهلاك مطلوب,
Row {0}: Enter location for the asset item {1},الصف {0}: أدخل الموقع لعنصر مادة العرض {1},
Row {0}: Exchange Rate is mandatory,الصف {0}: سعر صرف إلزامي,
Row {0}: Expected Value After Useful Life must be less than Gross Purchase Amount,الصف {0}: القيمة المتوقعة بعد أن تكون الحياة المفيدة أقل من إجمالي مبلغ الشراء,
Row {0}: For supplier {0} Email Address is required to send email,الصف {0}: للمورد {0} عنوان البريد الالكتروني مطلوب ليتم إرسال الايميل,
Row {0}: From Time and To Time is mandatory.,صف {0}: (من الوقت) و (إلى وقت) تكون إلزامية.,
Row {0}: From Time and To Time of {1} is overlapping with {2},الصف {0}: من وقت إلى وقت {1} يتداخل مع {2},
Row {0}: From time must be less than to time,الصف {0}: من وقت يجب أن يكون أقل من الوقت,
Row {0}: Hours value must be greater than zero.,صف {0}: يجب أن تكون قيمة الساعات أكبر من الصفر.,
Row {0}: Invalid reference {1},الصف {0}: مرجع غير صحيحة {1},
Row {0}: Party / Account does not match with {1} / {2} in {3} {4},الصف {0}: حزب / حساب لا يتطابق مع {1} / {2} في {3} {4},
Row {0}: Party Type and Party is required for Receivable / Payable account {1},الصف {0}: نوع الطرف المعني والطرف المعني مطلوب للحسابات المدينة / الدائنة {0},
Row {0}: Payment against Sales/Purchase Order should always be marked as advance,الصف {0}: الدفع لطلب الشراء/البيع يجب أن يكون دائما معلم كمتقدم\n<br>\nRow {0}: Payment against Sales/Purchase Order should always be marked as advance,
Row {0}: Please check 'Is Advance' against Account {1} if this is an advance entry.,"الصف {0}: يرجى اختيار ""دفعة مقدمة"" مقابل الحساب {1} إذا كان هذا الادخال دفعة مقدمة.",
Row {0}: Please set at Tax Exemption Reason in Sales Taxes and Charges,الصف {0}: يرجى تعيين سبب الإعفاء الضريبي في ضرائب ورسوم المبيعات,
Row {0}: Please set the Mode of Payment in Payment Schedule,الصف {0}: يرجى ضبط طريقة الدفع في جدول الدفع,
Row {0}: Please set the correct code on Mode of Payment {1},الصف {0}: يرجى ضبط الكود الصحيح على طريقة الدفع {1},
Row {0}: Qty is mandatory,الصف {0}: الكمية إلزامي,
Row {0}: Quality Inspection rejected for item {1},الصف {0}: تم رفض فحص الجودة للعنصر {1},
Row {0}: UOM Conversion Factor is mandatory,الصف {0}: عامل تحويل UOM إلزامي\n<br>\nRow {0}: UOM Conversion Factor is mandatory,
Row {0}: select the workstation against the operation {1},الصف {0}: حدد محطة العمل مقابل العملية {1},
Row {0}: {1} Serial numbers required for Item {2}. You have provided {3}.,الصف {0}: {1} الأرقام التسلسلية المطلوبة للصنف {2}. لقد قدمت {3}.,
Row {0}: {1} is required to create the Opening {2} Invoices,الصف {0}: {1} مطلوب لإنشاء الفواتير الافتتاحية {2},
Row {0}: {1} must be greater than 0,الصف {0}: يجب أن يكون {1} أكبر من 0,
Row {0}: {1} {2} does not match with {3},الصف {0}: {1} {2} لا يتطابق مع {3},
Row {0}:Start Date must be before End Date,الصف {0}: يجب أن يكون تاريخ البدء أقل من تاريخ الانتهاء\n<br>\nRow {0}:Start Date must be before End Date,
Rows with duplicate due dates in other rows were found: {0},تم العثور على صفوف ذات تواريخ استحقاق مكررة في صفوف أخرى: {0},
Rules for adding shipping costs.,قواعد لإضافة تكاليف الشحن.,
Rules for applying pricing and discount.,قواعد لتطبيق التسعيرات والتخفيض.,
S.O. No.,S.O. رقم,
SGST Amount,المبلغ SGST,
SO Qty,كمية طلبات الشراء,
Safety Stock,مخزونات السلامة,
Salary,الراتب,
Salary Slip ID,هوية كشف الراتب,
Salary Slip of employee {0} already created for this period,كشف الراتب للموظف {0} تم إنشاؤه لهذه الفترة,
Salary Slip of employee {0} already created for time sheet {1},كشف الراتب للموظف {0} تم إنشاؤه لسجل التوقيت {1},
Salary Slip submitted for period from {0} to {1},تم تقديم كشف الراتب للفترة من {0} إلى {1},
Salary Structure Assignment for Employee already exists,تعيين هيكل الراتب للموظف موجود بالفعل,
Salary Structure Missing,هيكلية الراتب مفقودة,
Salary Structure must be submitted before submission of Tax Ememption Declaration,يجب تقديم هيكل الرواتب قبل تقديم بيان الإعفاء الضريبي,
Salary Structure not found for employee {0} and date {1},لم يتم العثور على هيكل الراتب للموظف {0} والتاريخ {1},
Salary Structure should have flexible benefit component(s) to dispense benefit amount,يجب أن يحتوي هيكل الرواتب على مكون (مكونات) منافع مرنة لصرف مبلغ المنافع,
"Salary already processed for period between {0} and {1}, Leave application period cannot be between this date range.","تمت عملية صرف الراتب للفترة بين {0} و {1} ، لا يمكن أن تكون فترة طلب اجازة بين نطاق هذا التاريخ.\n<br>\nSalary already processed for period between {0} and {1}, Leave application period cannot be between this date range.",
Sales,المبيعات,
Sales Account,حساب مبيعات,
Sales Expenses,نفقات المبيعات,
Sales Funnel,هرم المبيعات,
Sales Invoice,فاتورة مبيعات,
Sales Invoice {0} has already been submitted,سبق أن تم ترحيل فاتورة المبيعات {0},
Sales Invoice {0} must be cancelled before cancelling this Sales Order,فاتورة المبيعات {0} يجب أن يتم إلغاء هذا الأمر قبل إلغاء المبيعات,
Sales Manager,مدير المبيعات,
Sales Master Manager,المدير الرئيسي للمبيعات,
Sales Order,طلب المبيعات,
Sales Order Item,مواد طلب المبيعات,
Sales Order required for Item {0},طلب البيع مطلوب للصنف {0}\n<br>\nSales Order required for Item {0},
Sales Order to Payment,ترتيب مبيعات لدفع,
Sales Order {0} is not submitted,لا يتم اعتماد أمر التوريد {0}\n<br>\nSales Order {0} is not submitted,
Sales Order {0} is not valid,أمر البيع {0} غير موجود\n<br>\nSales Order {0} is not valid,
Sales Order {0} is {1},طلب المبيعات {0} هو {1},
Sales Orders,طلبات مبيعات,
Sales Partner,وكيل المبيعات,
Sales Pipeline,خط المبيعات,
Sales Price List,قائمة مبيعات الأسعار,
Sales Return,المبيعات المسترجعه,
Sales Summary,ملخص المبيعات,
Sales Tax Template,قالب ضريبة المبيعات,
Sales Team,فريق المبيعات,
Sales User,مستخدم المبيعات,
Sales and Returns,المبيعات والمرتجعات,
Sales campaigns.,حملات المبيعات,
Sales orders are not available for production,طلبات المبيعات غير متوفرة للإنتاج,
Salutation,البيان,
Same Company is entered more than once,تم إدخال نفس الشركة أكثر من مره\n<br>\nSame Company is entered more than once,
Same item cannot be entered multiple times.,لا يمكن إدخال الصنف نفسه عدة مرات.,
Same supplier has been entered multiple times,تم إدخال المورد نفسه عدة مرات,
Sample,عينة,
Sample Collection,جمع العينات,
Sample quantity {0} cannot be more than received quantity {1},كمية العينة {0} لا يمكن أن تكون أكثر من الكمية المستلمة {1},
Sanctioned,مقرر,
Sanctioned Amount,القيمة المقرر صرفه,
Sanctioned Amount cannot be greater than Claim Amount in Row {0}.,لا يمكن أن يكون المبلغ الموافق عليه أكبر من مبلغ المطالبة في الصف {0}.,
Sand,sand,
Saturday,يوم السبت,
Saved,تم الحفظ,
Saving {0},حفظ {0},
Scan Barcode,مسح الباركود,
Schedule,الجدول,
Schedule Admission,جدول القبول,
Schedule Course,دورة الجدول الزمني,
Schedule Date,جدول التسجيل,
Schedule Discharge,الجدول الزمني التفريغ,
Scheduled,مجدول,
Scheduled Upto,مجدولة,
"Schedules for {0} overlaps, do you want to proceed after skiping overlaped slots ?",جداول التداخلات {0} ، هل تريد المتابعة بعد تخطي الفتحات المتراكبة؟,
Score cannot be greater than Maximum Score,النتيجة لا يمكن أن يكون أكبر من درجة القصوى,
Score must be less than or equal to 5,يجب أن تكون النقاط أقل من أو تساوي 5\n<br>\nScore must be less than or equal to 5,
Scorecards,بطاقات الأداء,
Scrapped,ألغت,
Search,البحث,
Search Item,بحث الصنف,
Search Item (Ctrl + i),عنصر البحث (Ctrl + i),
Search Results,نتائج البحث,
Search Sub Assemblies,بحث التجميعات الفرعية,
"Search by item code, serial number, batch no or barcode",البحث عن طريق رمز الصنف ، والرقم التسلسلي ، لا يوجد دفعة أو الباركود,
"Seasonality for setting budgets, targets etc.",موسمية لوضع الميزانيات والأهداف الخ,
Secret Key,المفتاح السري,
Secretary,سكرتارية,
Section Code,كود القسم,
Secured Loans,القروض المضمونة,
Securities & Commodity Exchanges,الأوراق المالية والبورصات,
Securities and Deposits,الأوراق المالية و الودائع,
See All Articles,انظر جميع المقالات,
See all open tickets,شاهد جميع التذاكر المفتوحة,
See past orders,انظر الطلبات السابقة,
See past quotations,انظر الاقتباسات الماضية,
Select,حدد,
Select Alternate Item,اختر الصنف البديل,
Select Attribute Values,حدد قيم مخصصة,
Select BOM,حدد BOM,
Select BOM and Qty for Production,اختر فاتورة المواد و الكمية للانتاج,
"Select BOM, Qty and For Warehouse",اختر قائمة المواد، الكمية، وإلى المخزن,
Select Batch,حدد الدفعة,
Select Batch No,حدد الدفعة رقم,
Select Batch Numbers,حدد أرقام الدفعة,
Select Brand...,اختر الماركة ...,
Select Company,حدد الشركة,
Select Company...,حدد الشركة ...,
Select Customer,حدد العميل,
Select Days,حدد أيام,
Select Default Supplier,حدد المورد الافتراضي,
Select DocType,حدد نوع الوثيقة,
Select Fiscal Year...,اختر السنة المالية ...,
Select Item (optional),حدد العنصر (اختياري),
Select Items based on Delivery Date,حدد العناصر بناءً على تاريخ التسليم,
Select Items to Manufacture,حدد الاصناف للتصنيع,
Select Loyalty Program,اختر برنامج الولاء,
Select POS Profile,حدد ملف تعريف نقاط البيع,
Select Patient,حدد المريض,
Select Possible Supplier,اختار المورد المحتمل,
Select Property,اختر الملكية,
Select Quantity,إختيار الكمية,
Select Serial Numbers,حدد الأرقام التسلسلية,
Select Target Warehouse,حدد مستودع الهدف,
Select Warehouse...,حدد مستودع ...,
Select an account to print in account currency,حدد حسابا للطباعة بعملة الحساب,
Select an employee to get the employee advance.,حدد الموظف للحصول على تقدم الموظف.,
Select at least one value from each of the attributes.,حدد قيمة واحدة على الأقل من كل خاصيه.,
Select change amount account,تحديد تغيير حساب المبلغ\n<br>\nSelect change amount account,
Select company first,اختر الشركة أولا,
Select items to save the invoice,تحديد عناصر لحفظ الفاتورة,
Select or add new customer,تحديد أو إضافة عميل جديد,
Select students manually for the Activity based Group,حدد الطلاب يدويا لمجموعة الأنشطة القائمة,
Select the customer or supplier.,حدد العميل أو المورد.,
Select the nature of your business.,حدد طبيعة عملك.,
Select the program first,حدد البرنامج أولا,
Select to add Serial Number.,حدد لإضافة الرقم التسلسلي.,
Select your Domains,حدد النطاقات الخاصة بك,
Selected Price List should have buying and selling fields checked.,قائمة الأسعار المختارة يجب أن يكون لديها حقول بيع وشراء محددة.,
Sell,البيع,
Selling,المبيعات,
Selling Amount,كمية البيع,
Selling Price List,قائمة أسعار البيع,
Selling Rate,معدل البيع,
"Selling must be checked, if Applicable For is selected as {0}",يجب أن يتم التحقق البيع، إذا تم تحديد مطبق لل {0},
Selling rate for item {0} is lower than its {1}. Selling rate should be atleast {2},سعر البيع للصنف {0} أقل من {1}. يجب أن يكون سعر البيع على الأقل {2},
Send Grant Review Email,إرسال بريد إلكتروني منح مراجعة,
Send Now,أرسل الآن,
Send SMS,SMS أرسل رسالة,
Send Supplier Emails,إرسال البريد الإلكتروني للمورد,
Send mass SMS to your contacts,إرسال SMS الشامل لجهات الاتصال الخاصة بك,
Sensitivity,الحساسية,
Sent,أرسلت,
Serial #,التسلسل #,
Serial No and Batch,الرقم التسلسلي والدفعة,
Serial No is mandatory for Item {0},رقم التسلسل إلزامي القطعة ل {0},
Serial No {0} does not belong to Batch {1},الرقم التسلسلي {0} لا ينتمي إلى الدفعة {1},
Serial No {0} does not belong to Delivery Note {1},الرقم التسلسلي {0} لا ينتمي الى مذكرة تسليم {1}\n<br>\nSerial No {0} does not belong to Delivery Note {1},
Serial No {0} does not belong to Item {1},الرقم التسلسلي {0} لا ينتمي إلى الصنف {1}\n<br>\nSerial No {0} does not belong to Item {1},
Serial No {0} does not belong to Warehouse {1},الرقم التسلسلي {0} لا ينتمي إلى المستودع {1}\n<br>\nSerial No {0} does not belong to Warehouse {1},
Serial No {0} does not belong to any Warehouse,الرقم التسلسلي {0} لا يرتبط باي المستودع\n<br>\nSerial No {0} does not belong to any Warehouse,
Serial No {0} does not exist,الرقم التسلسلي {0} غير موجود\n<br>\nSerial No {0} does not exist,
Serial No {0} has already been received,رقم التسلسل {0} وقد سلمت بالفعل,
Serial No {0} is under maintenance contract upto {1},الرقم التسلسلي {0} يتبع عقد الصيانة حتى {1}\n<br>\nSerial No {0} is under maintenance contract upto {1},
Serial No {0} is under warranty upto {1},الرقم التسلسلي {0} تحت الضمان حتى {1}\n<br>\nSerial No {0} is under warranty upto {1},
Serial No {0} not found,لم يتم العثور علي الرقم التسلسلي {0}\n<br>\nSerial No {0} not found,
Serial No {0} not in stock,رقم التسلسل {0} ليس في الأوراق المالية,
Serial No {0} quantity {1} cannot be a fraction,الرقم التسلسلي {0} الكمية {1} لا يمكن أن يكون كسر\n<br>\nSerial No {0} quantity {1} cannot be a fraction,
Serial Nos Required for Serialized Item {0},الرقم التسلسلي المطلوب للعنصر التسلسلي {0}\n<br>\nSerial Nos Required for Serialized Item {0},
Serial Number: {0} is already referenced in Sales Invoice: {1},الرقم التسلسلي: {0} تم الإشارة إليه من قبل في فاتورة المبيعات: {1},
Serial Numbers,الأرقام التسلسلية,
Serial Numbers in row {0} does not match with Delivery Note,لا تتطابق الأرقام التسلسلية في الصف {0} مع ملاحظة التسليم,
Serial no item cannot be a fraction,الرقم التسلسلي للعنصر لا يمكن أن يكون كسر\n<br>\nSerial no item cannot be a fraction,
Serial no {0} has been already returned,الرقم التسلسلي {0} قد تم إرجاعه بالفعل,
Serial number {0} entered more than once,الرقم التسلسلي {0} دخلت أكثر من مرة,
Serialized Inventory,جرد التسلسلية,
Series Updated,تم تحديث الرقم التسلسلي,
Series Updated Successfully,تم تحديث الترقيم التسلسلي بنجاح,
Series is mandatory,الترقيم التسلسلي إلزامي,
Series {0} already used in {1},الترقيم التسلسلي {0} مستخدم بالفعل في {1},
Service,الخدمة,
Service Expense,نفقات الصيانة,
Service Level Agreement,اتفاقية مستوى الخدمة,
Service Level Agreement.,اتفاقية مستوى الخدمة.,
Service Level.,مستوى الخدمة.,
Service Stop Date cannot be after Service End Date,لا يمكن أن يكون تاريخ إيقاف الخدمة بعد تاريخ انتهاء الخدمة,
Service Stop Date cannot be before Service Start Date,لا يمكن أن يكون تاريخ إيقاف الخدمة قبل تاريخ بدء الخدمة,
Services,الخدمات,
"Set Default Values like Company, Currency, Current Fiscal Year, etc.",تعيين القيم الافتراضية مثل الشركة، والعملة، والسنة المالية الحالية، وما إلى ذلك.,
Set Details,مجموعة التفاصيل,
Set New Release Date,تعيين تاريخ الإصدار الجديد,
Set Project and all Tasks to status {0}?,عيّن Project وجميع المهام إلى الحالة {0}؟,
Set Status,تعيين الحالة,
Set Tax Rule for shopping cart,مجموعة القاعدة الضريبية لعربة التسوق,
Set as Closed,على النحو مغلق,
Set as Completed,تعيين كـ مكتمل,
Set as Default,تعيين كافتراضي,
Set as Lost,على النحو المفقودة,
Set as Open,على النحو المفتوحة,
Set default inventory account for perpetual inventory,تعيين حساب المخزون الافتراضي للمخزون الدائم,
Set default mode of payment,تعيين طريقة الدفع الافتراضية,
Set this if the customer is a Public Administration company.,حدد هذا إذا كان العميل شركة إدارة عامة.,
Set {0} in asset category {1} or company {2},تعيين {0} في فئة الأصول {1} أو الشركة {2},
"Setting Events to {0}, since the Employee attached to the below Sales Persons does not have a User ID{1}",وضع الأحداث إلى {0}، لأن الموظف المرفقة أدناه الأشخاص المبيعات لايوجد هوية المستخدم {1},
Setting defaults,تعيين الإعدادات الافتراضية,
Setting up Email,إعداد البريد الإلكتروني,
Setting up Email Account,إعداد حساب بريد إلكتروني,
Setting up Employees,إعداد الموظفين,
Setting up Taxes,إعداد الضرائب,
Setting up company,تأسيس شركة,
Settings,الإعدادات,
"Settings for online shopping cart such as shipping rules, price list etc.",إعدادات عربة التسوق مثل قواعد الشحن، وقائمة الأسعار الخ,
Settings for website homepage,إعدادات موقعه الإلكتروني,
Settings for website product listing,إعدادات قائمة منتجات الموقع,
Settled,تسوية,
Setup Gateway accounts.,إعدادت بوابة الحسايات.,
Setup SMS gateway settings,إعدادات العبارة  SMS,
Setup cheque dimensions for printing,أبعاد الاختيار الإعداد للطباعة,
Setup default values for POS Invoices,إعداد القيم الافتراضية لفواتير نقاط البيع,
Setup mode of POS (Online / Offline),وضع الإعداد بوس (الانترنت / غير متصل),
Setup your Institute in ERPNext,إعداد المعهد الخاص بك في إربنكست,
Share Balance,رصيد السهم,
Share Ledger,مشاركة دفتر الأستاذ,
Share Management,إدارة المساهمين,
Share Transfer,تحويل الاسهم,
Share Type,نوع المساهمة,
Shareholder,المساهم - الشريك,
Ship To State,الشحن الى,
Shipments,الشحنات,
Shipping,الشحن,
Shipping Address,عنوان الشحن,
"Shipping Address does not have country, which is required for this Shipping Rule",عنوان الشحن ليس لديه بلد، وهو مطلوب لقاعدة الشحن هذه,
Shipping rule only applicable for Buying,الشحن القاعدة المعمول بها فقط للشراء,
Shipping rule only applicable for Selling,الشحن القاعدة المعمول بها فقط للبيع,
Shopify Supplier,Shopify المورد,
Shopping Cart,سلة التسوق,
Shopping Cart Settings,إعدادات سلة التسوق,
Short Name,الاسم المختصر,
Shortage Qty,الكمية,
Show Completed,عرض مكتمل,
Show Cumulative Amount,إظهار المبلغ التراكمي,
Show Employee,إظهار الموظف,
Show Open,عرض مفتوح,
Show Opening Entries,إظهار إدخالات الافتتاح,
Show Payment Details,إظهار تفاصيل الدفع,
Show Return Entries,إظهار إرجاع الإدخالات,
Show Salary Slip,عرض كشف الراتب,
Show Variant Attributes,عرض سمات البديل,
Show Variants,اظهار البدائل,
Show closed,مشاهدة مغلقة,
Show exploded view,عرض exploded view,
Show only POS,إظهار نقاط البيع فقط,
Show unclosed fiscal year's P&L balances,تظهر P &amp; L أرصدة السنة المالية غير مغلق ل,
Show zero values,إظهار القيم الصفرية,
Sick Leave,الإجازات المرضية,
Silt,طمي,
Single Variant,متغير واحد,
Single unit of an Item., وحدة واحده من عنصر.,
"Skipping Leave Allocation for the following employees, as Leave Allocation records already exists against them. {0}",تخطي تخصيص الأجازات للموظفين التاليين ، حيث أن سجلات الإضافة &quot;التخصيص&quot; موجودة بالفعل. {0},
"Skipping Salary Structure Assignment for the following employees, as Salary Structure Assignment records already exists against them. {0}",تخطي تعيين هيكل الرواتب للموظفين التاليين ، لأن سجلات تعيين هيكل الرواتب موجودة بالفعل ضدهم. {0},
Slideshow,عرض الشرائح,
Slots for {0} are not added to the schedule,لا يتم إضافة الفتحات الخاصة بـ {0} إلى الجدول,
Small,صغير,
Soap & Detergent,الصابون والمنظفات,
Software,البرمجيات,
Software Developer,البرنامج المطور,
Softwares,البرامج الالكترونية,
Soil compositions do not add up to 100,تراكيب التربة لا تضيف ما يصل إلى 100,
Sold,تم البيع,
Some emails are invalid,بعض رسائل البريد الإلكتروني غير صحيحة,
Some information is missing,بعض المعلومات مفقود,
Something went wrong!,حدث خطأ!,
"Sorry, Serial Nos cannot be merged",عذراَ ، ارقام التسلسل لا يمكن دمجها,
Source,المصدر,
Source Name,اسم المصدر,
Source Warehouse,مصدر مستودع,
Source and Target Location cannot be same,لا يمكن أن يكون المصدر و الموقع الهدف نفسه,
Source and target warehouse cannot be same for row {0},المصدر والمستودع المستهدف لا يمكن أن يكون نفس الصف {0}\n<br>\nSource and target warehouse cannot be same for row {0},
Source and target warehouse must be different,ويجب أن تكون مصدر ومستودع الهدف مختلفة,
Source of Funds (Liabilities),(مصدر الأموال  (الخصوم,
Source warehouse is mandatory for row {0},مستودع المصدر إلزامي للصف {0}\n<br>\nSource warehouse is mandatory for row {0},
Specified BOM {0} does not exist for Item {1},محدد BOM {0} غير موجود القطعة ل{1},
Split,تقسيم، تصفيه,
Split Batch,تقسيم دفعة,
Split Issue,تقسيم البلاغ,
Sports,الرياضة,
Staffing Plan {0} already exist for designation {1},خطة التوظيف {0} موجودة بالفعل للتسمية {1},
Standard,قياسي,
Standard Buying,شراء القياسية,
Standard Selling,البيع القياسية,
Standard contract terms for Sales or Purchase.,شروط العقد القياسية للمبيعات أو للمشتريات .,
Start Date,تاريخ البدء,
Start Date of Agreement can't be greater than or equal to End Date.,لا يمكن أن يكون تاريخ بدء الاتفاقية أكبر من أو يساوي تاريخ الانتهاء.,
Start Year,بداية السنة,
"Start and end dates not in a valid Payroll Period, cannot calculate {0}",تواريخ البدء والانتهاء ليست في فترة كشوف رواتب صحيحة ، لا يمكن حساب {0},
"Start and end dates not in a valid Payroll Period, cannot calculate {0}.",تواريخ البدء والانتهاء ليست في فترة كشوف المرتبات الصحيحة ، ولا يمكن حساب {0}.,
Start date should be less than end date for Item {0},يجب أن يكون تاريخ البدء أقل من تاريخ الانتهاء للعنصر {0}\n<br>\nStart date should be less than end date for Item {0},
Start date should be less than end date for task {0},يجب أن يكون تاريخ البدء أقل من تاريخ الانتهاء للمهمة {0},
Start day is greater than end day in task '{0}',يوم البدء أكبر من يوم النهاية في المهمة &#39;{0}&#39;,
Start on,ابدأ الاعداد,
State,الحالة,
State/UT Tax,الضريبة المحلية,
Statement of Account,كشف الحساب,
Status must be one of {0},يجب أن تكون حالة واحدة من {0},
Stock,المخازن,
Stock Adjustment,تسوية المخزون,
Stock Analytics,تحليلات المخازن,
Stock Assets,اصول المخزون,
Stock Available,المخزون المتوفر,
Stock Balance,رصيد المخزون,
Stock Entries already created for Work Order ,تم إنشاء إدخالات المخزون بالفعل لأمر العمل,
Stock Entry,قيد مخزون,
Stock Entry {0} created,الأسهم الادخال {0} انشاء,
Stock Entry {0} is not submitted,الحركة المخزنية {0} غير مسجلة,
Stock Expenses,مصاريف المخزون,
Stock In Hand,الأسهم، إلى داخل، أعطى,
Stock Items,أصناف المخزن,
Stock Ledger,سجل المخزن,
Stock Ledger Entries and GL Entries are reposted for the selected Purchase Receipts,ويرسل الأوراق المالية ليدجر مقالات وGL مقالات لشراء شهادات مختارة,
Stock Levels,مستوى المخزون,
Stock Liabilities,التزامات المخزون,
Stock Options,خيارات المخزون,
Stock Qty,كمية المخزون,
Stock Received But Not Billed,المخزون الغير مدفوع,
Stock Reports,تقارير المخزون,
Stock Summary,ملخص المخزون,
Stock Transactions,قيود المخزون,
Stock UOM,وحدة قياس المخزون,
Stock Value,قيمة المخزون,
Stock balance in Batch {0} will become negative {1} for Item {2} at Warehouse {3},توازن الأسهم في الدفعة {0} ستصبح سلبية {1} القطعة ل{2} في {3} مستودع,
Stock cannot be updated against Delivery Note {0},لا يمكن تحديث المخزون مقابل ملاحظه التسليم {0}\n<br>\nStock cannot be updated against Delivery Note {0},
Stock cannot be updated against Purchase Receipt {0},لا يمكن تحديث المخزون مقابل إيصال الشراء {0}\n<br>\nStock cannot be updated against Purchase Receipt {0},
Stock cannot exist for Item {0} since has variants,المخزون لا يمكن ان يكون موجود للصنف {0} نظرا لوجود متغيرات\n<br>\nStock cannot exist for Item {0} since has variants,
Stock transactions before {0} are frozen,يتم تجميد المعاملات المخزنية قبل {0},
Stop,التوقف,
Stopped,توقيف,
"Stopped Work Order cannot be cancelled, Unstop it first to cancel",لا يمكن إلغاء طلب العمل المتوقف ، قم بإلغاء إيقافه أولاً للإلغاء,
Stores,المخازن,
Structures have been assigned successfully,تم تخصيص الهياكل بنجاح,
Student,الطالب,
Student Activity,نشاط الطالب,
Student Address,عنوان الطالب,
Student Admissions,قبول الطلاب,
Student Attendance,حضور الطلاب,
"Student Batches help you track attendance, assessments and fees for students",دفعات الطالب تساعدك على تتبع الحضور والتقييمات والرسوم للطلاب,
Student Email Address,عنوان البريد الإلكتروني للطالب,
Student Email ID,طالب معرف البريد الإلكتروني,
Student Group,المجموعة الطلابية,
Student Group Strength,قوة الطالب,
Student Group is already updated.,تم تحديث مجموعة الطلاب بالفعل.,
Student Group or Course Schedule is mandatory,مجموعة الطالب أو جدول الدورات إلزامي,
Student Group: ,طالب المجموعة:,
Student ID,هوية الطالب,
Student ID: ,هوية الطالب:,
Student LMS Activity,نشاط الطلاب LMS,
Student Mobile No.,رقم موبايل الطالب,
Student Name,أسم الطالب,
Student Name: ,أسم الطالب:,
Student Report Card,بطاقة تقرير الطالب,
Student is already enrolled.,والتحق بالفعل طالب.,
Student {0} - {1} appears Multiple times in row {2} & {3},طالب {0} - {1} يبدو مرات متعددة في الصف {2} &amp; {3},
Student {0} does not belong to group {1},الطالب {0} لا ينتمي إلى المجموعة {1},
Student {0} exist against student applicant {1},طالب {0} موجودة ضد طالب طالب {1},
"Students are at the heart of the system, add all your students",الطلاب في قلب النظام، إضافة كل ما تبذلونه من الطلاب,
Sub Assemblies,المجمعات الفرعية,
Sub Type,النوع الفرعي,
Sub-contracting,التعاقد من الباطن,
Subcontract,قام بمقاولة فرعية,
Subject,الموضوع,
Submit,تأكيد,
Submit Proof,تأكيد موافقة,
Submit Salary Slip,الموافقة كشف الرواتب,
Submit this Work Order for further processing.,أرسل طلب العمل هذا لمزيد من المعالجة.,
Submit this to create the Employee record,إرسال هذا لإنشاء سجل الموظف,
Submitted orders can not be deleted,لا يمكن حذف طلبات مقدمة / مسجلة,
Submitting Salary Slips...,تقديم قسائم الرواتب ...,
Subscription,الاشتراك,
Subscription Management,إدارة الاشتراكات,
Subscriptions,الاشتراكات,
Subtotal,حاصل الجمع,
Successful,ناجح,
Successfully Reconciled,تمت التسوية بنجاح\n<br>\nSuccessfully Reconciled,
Successfully Set Supplier,بنجاح تعيين المورد,
Successfully created payment entries,تم إنشاء إدخالات الدفع بنجاح,
Successfully deleted all transactions related to this company!,تم حذف جميع المعاملات المتعلقة بهذه الشركة بنجاح\n<br>\nSuccessfully deleted all transactions related to this company!,
Sum of Scores of Assessment Criteria needs to be {0}.,مجموع العشرات من معايير التقييم يجب أن يكون {0}.,
Sum of points for all goals should be 100. It is {0},مجموع النقاط لجميع الأهداف يجب أن يكون 100. ومن {0},
Summary,الملخص,
Summary for this month and pending activities,ملخص لهذا الشهر والأنشطة المعلقة,
Summary for this week and pending activities,ملخص لهذا الأسبوع والأنشطة المعلقة,
Sunday,الأحد,
Suplier,المورد,
Suplier Name,اسم المورد,
Supplier,المورد,
Supplier Group,مجموعة الموردين,
Supplier Group master.,مجموعة الموردين الرئيسيه.,
Supplier Id,المورد رقم,
Supplier Invoice Date cannot be greater than Posting Date,تاريخ فاتورة المورد لا يمكن أن تكون أكبر من تاريخ الإنشاء<br> Supplier Invoice Date cannot be greater than Posting Date,
Supplier Invoice No,رقم فاتورة المورد,
Supplier Invoice No exists in Purchase Invoice {0},المورد فاتورة لا يوجد في شراء الفاتورة {0},
Supplier Name,اسم المورد,
Supplier Part No,رقم قطعة المورد,
Supplier Quotation,التسعيرة من المورد,
Supplier Quotation {0} created,عرض سعر للمورد {0} انشاء,
Supplier Scorecard,بطاقة أداء المورد,
Supplier Warehouse mandatory for sub-contracted Purchase Receipt,مستودع المورد إلزامية ل إيصال الشراء التعاقد من الباطن,
Supplier database.,مورد قاعدة البيانات.,
Supplier {0} not found in {1},المورد {0} غير موجود في {1},
Supplier(s),المورد (ق),
Supplies made to UIN holders,اللوازم المقدمة لحاملي UIN,
Supplies made to Unregistered Persons,الإمدادات المقدمة إلى الأشخاص غير المسجلين,
Suppliies made to Composition Taxable Persons,Suppliies المقدمة إلى تكوين الأشخاص الخاضعين للضريبة,
Supply Type,نوع التوريد,
Support,الدعم الفني,
Support Analytics,دعم تحليلات,
Support Settings,إعدادات الدعم,
Support Tickets,تذاكر الدعم الفني,
Support queries from customers.,دعم الاستفسارات من العملاء.,
Susceptible,سريع التأثر,
Sync Master Data,مزامنة البيانات الرئيسية,
Sync Offline Invoices,تزامن غير متصل للفواتير,
Sync has been temporarily disabled because maximum retries have been exceeded,تم تعطيل المزامنة مؤقتًا لأنه تم تجاوز الحد الأقصى من عمليات إعادة المحاولة,
Syntax error in condition: {0},خطأ في بناء الجملة في الشرط: {0},
Syntax error in formula or condition: {0},خطأ في صياغة الجملة أو الشرط: {0}\n<br>\nSyntax error in formula or condition: {0},
System Manager,مدير النظام,
TDS Rate %,نسبة TDS?,
Tap items to add them here,انقر على العناصر لإضافتها هنا,
Target,الهدف,
Target ({}),الهدف ({}),
Target On,الهدف في,
Target Warehouse,المخزن المستهدف,
Target warehouse is mandatory for row {0},المستودع المستهدف إلزامي للصف {0}\n<br>\nTarget warehouse is mandatory for row {0},
Task,المهمة,
Tasks,المهام,
Tasks have been created for managing the {0} disease (on row {1}),تم إنشاء المهام لإدارة مرض {0} (في الصف {1}),
Tax,الضريبة,
Tax Assets,ضريبية الأصول,
Tax Category,الفئة الضريبية,
Tax Category for overriding tax rates.,فئة الضرائب لتجاوز معدلات الضريبة.,
"Tax Category has been changed to ""Total"" because all the Items are non-stock items",تم تغيير فئة الضرائب إلى &quot;توتال&quot; لأن جميع العناصر هي عناصر غير مخزون,
Tax ID,الرقم الضريبي,
Tax Id: ,الرقم الضريبي:,
Tax Rate,معدل الضريبة,
Tax Rule Conflicts with {0},تضارب القاعدة الضريبية مع {0},
Tax Rule for transactions.,القاعدة الضريبية للمعاملات.,
Tax Template is mandatory.,قالب الضرائب إلزامي.,
Tax Withholding rates to be applied on transactions.,معدلات اقتطاع الضرائب الواجب تطبيقها على المعاملات.,
Tax template for buying transactions.,قالب الضرائب لشراء صفقة.,
Tax template for item tax rates.,قالب الضريبة لمعدلات ضريبة الصنف.,
Tax template for selling transactions.,قالب الضريبية لبيع صفقة.,
Taxable Amount,المبلغ الخاضع للضريبة,
Taxes,الضرائب,
Team Updates,تحديثات الفريق,
Technology,تكنولوجيا,
Telecommunications,الاتصالات السلكية واللاسلكية,
Telephone Expenses,نفقات الهاتف,
Television,التلفزيون,
Template Name,اسم القالب,
Template of terms or contract.,قالب الشروط أو العقد.,
Templates of supplier scorecard criteria.,نماذج من معايير بطاقة الأداء المورد.,
Templates of supplier scorecard variables.,نماذج من متغيرات بطاقة الأداء المورد.,
Templates of supplier standings.,قوالب ترتيب الموردين.,
Temporarily on Hold,مؤقت في الانتظار,
Temporary,مؤقت,
Temporary Accounts,حسابات مؤقتة,
Temporary Opening,افتتاحي مؤقت,
Terms and Conditions,الشروط والأحكام,
Terms and Conditions Template,قالب الشروط والأحكام,
Territory,المنطقة,
Territory is Required in POS Profile,مطلوب الإقليم في الملف الشخصي نقاط البيع,
Test,اختبار,
Thank you,شكرا,
Thank you for your business!,شكرا لك على عملك!,
The 'From Package No.' field must neither be empty nor it's value less than 1.,و &quot;من حزمة رقم&quot; يجب ألا يكون الحقل فارغا ولا قيمة أقل من 1.,
The Brand,العلامة التجارية,
The Item {0} cannot have Batch,لا يمكن أن يحتوي العنصر {0} على دفعة\n<br>\nThe Item {0} cannot have Batch,
The Loyalty Program isn't valid for the selected company,برنامج الولاء غير صحيح للشركة المختارة,
The Payment Term at row {0} is possibly a duplicate.,قد يكون شرط الدفع في الصف {0} مكررا.,
The Term End Date cannot be earlier than the Term Start Date. Please correct the dates and try again.,تاريخ نهاية المدة لا يمكن أن يكون أقدم من تاريخ بدء الأجل. يرجى تصحيح التواريخ وحاول مرة أخرى.,
The Term End Date cannot be later than the Year End Date of the Academic Year to which the term is linked (Academic Year {}). Please correct the dates and try again.,تاريخ نهاية المدة لا يمكن أن يكون في وقت لاحق من تاريخ نهاية السنة للعام الدراسي الذي يرتبط مصطلح (السنة الأكاديمية {}). يرجى تصحيح التواريخ وحاول مرة أخرى.,
The Term Start Date cannot be earlier than the Year Start Date of the Academic Year to which the term is linked (Academic Year {}). Please correct the dates and try again.,تاريخ البدء الأجل لا يمكن أن يكون أقدم من تاريخ بداية السنة للعام الدراسي الذي يرتبط مصطلح (السنة الأكاديمية {}). يرجى تصحيح التواريخ وحاول مرة أخرى.,
The Year End Date cannot be earlier than the Year Start Date. Please correct the dates and try again.,تاريخ نهاية السنة لا يمكن أن يكون أقدم من تاريخ بداية السنة. يرجى تصحيح التواريخ وحاول مرة أخرى.,
The amount of {0} set in this payment request is different from the calculated amount of all payment plans: {1}. Make sure this is correct before submitting the document.,يختلف مبلغ {0} المحدد في طلب الدفع هذا عن المبلغ المحسوب لجميع خطط الدفع: {1}. تأكد من صحة ذلك قبل إرسال الوثيقة.,
The day(s) on which you are applying for leave are holidays. You need not apply for leave.,فترة طلب ا?جازة تقع في فترة عطلة رسمية، يجب إختيار فترة أخرى.\n<br>\nThe day(s) on which you are applying for leave are holidays. You need not apply for leave.,
The field From Shareholder cannot be blank,لا يمكن ترك الحقل من المساهمين فارغا,
The field To Shareholder cannot be blank,لا يمكن ترك الحقل للمساهم فارغا,
The fields From Shareholder and To Shareholder cannot be blank,لا يمكن ترك الحقول من المساهمين والمساهم فارغا,
The folio numbers are not matching,أرقام الورقة غير متطابقة,
The holiday on {0} is not between From Date and To Date,عطلة على {0} ليست بين من تاريخ وإلى تاريخ,
The name of the institute for which you are setting up this system.,اسم المعهد الذي كنت تقوم بإعداد هذا النظام.,
The name of your company for which you are setting up this system.,اسم الشركة التي كنت تقوم بإعداد هذا النظام.,
The number of shares and the share numbers are inconsistent,عدد الأسهم وأعداد الأسهم غير متناسقة,
The payment gateway account in plan {0} is different from the payment gateway account in this payment request,يختلف حساب بوابة الدفع في الخطة {0} عن حساب بوابة الدفع في طلب الدفع هذا,
The request for quotation can be accessed by clicking on the following link,طلب للحصول على الاقتباس يمكن الوصول إليها من خلال النقر على الرابط التالي,
The selected BOMs are not for the same item,قواائم المواد المحددة ليست لنفس الصنف,
The selected item cannot have Batch,العنصر المحدد لا يمكن أن يكون دفعة,
The seller and the buyer cannot be the same,البائع والمشتري لا يمكن أن يكون هو نفسه,
The shareholder does not belong to this company,لا ينتمي المساهم إلى هذه الشركة,
The shares already exist,الأسهم موجودة بالفعل,
The shares don't exist with the {0},الأسهم غير موجودة مع {0},
"The task has been enqueued as a background job. In case there is any issue on processing in background, the system will add a comment about the error on this Stock Reconciliation and revert to the Draft stage",وقد تم إرساء المهمة كعمل خلفية. في حالة وجود أي مشكلة في المعالجة في الخلفية ، سيقوم النظام بإضافة تعليق حول الخطأ في تسوية المخزون هذا والعودة إلى مرحلة المسودة,
"Then Pricing Rules are filtered out based on Customer, Customer Group, Territory, Supplier, Supplier Type, Campaign, Sales Partner etc.",ثم يتم تصفيت قاعدة التسعير على أساس العملاء، مجموعة العملاء، الأرض، المورد، نوع المورد ، الحملة، شريك المبيعات الخ,
"There are inconsistencies between the rate, no of shares and the amount calculated",هناك تناقضات بين المعدل، لا من الأسهم والمبلغ المحسوب,
There are more holidays than working days this month.,أيام العطل لهذا الشهر أكثر من أيام العمل.\n<br>\nThere are more holidays than working days this month.,
There can be multiple tiered collection factor based on the total spent. But the conversion factor for redemption will always be same for all the tier.,يمكن أن يكون هناك عامل جمع متعدد الطبقات يعتمد على إجمالي الإنفاق. ولكن سيكون عامل التحويل لاسترداد القيمة هو نفسه دائمًا لجميع المستويات.,
There can only be 1 Account per Company in {0} {1},يمكن أن يكون هناك سوى 1 في حساب الشركة في {0} {1},
"There can only be one Shipping Rule Condition with 0 or blank value for ""To Value""","يمكن ان يكون هناك شرط قاعده شحن واحد فقط مع 0 أو قيمه فارغه ل ""قيمه""\n<br>\nThere can only be one Shipping Rule Condition with 0 or blank value for ""To Value""",
There is no leave period in between {0} and {1},لا توجد فترة إجازة بين {0} و {1},
There is not enough leave balance for Leave Type {0},ليس لديك رصيد كافي من ا?جازات من نوع {0}.\n<br>\nThere is not enough leave balance for Leave Type {0},
There is nothing to edit.,لا يوجد شيء لتحريره,
There isn't any item variant for the selected item,لا يوجد أي متغير عنصر للعنصر المحدد,
"There seems to be an issue with the server's GoCardless configuration. Don't worry, in case of failure, the amount will get refunded to your account.",يبدو أن هناك مشكلة في تهيئة GoCardless للخادم. لا تقلق ، في حالة الفشل ، سيتم رد المبلغ إلى حسابك.,
There were errors creating Course Schedule,حدثت أخطاء أثناء إنشاء جدول الدورات التدريبية,
There were errors.,كانت هناك أخطاء .,
This Item is a Template and cannot be used in transactions. Item attributes will be copied over into the variants unless 'No Copy' is set,"هذا الصنف هو قالب ولا يمكن استخدامها في المعاملات المالية. سيتم نسخ سمات الصنف أكثر في المتغيرات ما لم يتم تعيين ""لا نسخ '",
This Item is a Variant of {0} (Template).,هذا العنصر هو متغير {0} (قالب).,
This Month's Summary,ملخص هذا الشهر,
This Week's Summary,ملخص هذا الأسبوع,
This action will stop future billing. Are you sure you want to cancel this subscription?,سيوقف هذا الإجراء الفوترة المستقبلية. هل أنت متأكد من أنك تريد إلغاء هذا الاشتراك؟,
This covers all scorecards tied to this Setup,وهذا يغطي جميع بطاقات الأداء مرتبطة بهذا الإعداد,
This document is over limit by {0} {1} for item {4}. Are you making another {3} against the same {2}?,هذه الوثيقة هي على حد كتبها {0} {1} لمادة {4}. وجعل لكم آخر {3} ضد نفسه {2}؟,
This is a root account and cannot be edited.,.هذا حساب جذري و لايمكن تعديله,
This is a root customer group and cannot be edited.,هذه هي مجموعة العملاء الجذرية والتي لا يمكن تحريرها.,
This is a root department and cannot be edited.,هذا هو قسم الجذر ولا يمكن تحريره.,
This is a root healthcare service unit and cannot be edited.,هذا هو وحدة خدمة الرعاية الصحية الجذر ولا يمكن تحريرها.,
This is a root item group and cannot be edited.,هذه هي مجموعة الصنف الجذرية والتي لا يمكن تحريرها.,
This is a root sales person and cannot be edited.,هذا هو المندوب المبيعات الجذرية والتي لا يمكن تحريرها.,
This is a root supplier group and cannot be edited.,هذه مجموعة مورِّد جذر ولا يمكن تحريرها.,
This is a root territory and cannot be edited.,هذا هو الجذر الأرض والتي لا يمكن تحريرها.,
This is an example website auto-generated from ERPNext,This is an example website auto-generated from Tamkeen ERPNext,
This is based on logs against this Vehicle. See timeline below for details,وذلك بناء على السجلات مقابل هذه الآلية. للمزيد انظر التسلسل الزمني أدناه,
This is based on stock movement. See {0} for details,ويستند هذا على حركة المخزون. راجع {0} لمزيد من التفاصيل,
This is based on the Time Sheets created against this project,ويستند هذا على جداول زمنية خلق ضد هذا المشروع,
This is based on the attendance of this Employee,هذا يستند على حضور الموظف,
This is based on the attendance of this Student,ويستند هذا على حضور هذا الطالب,
This is based on transactions against this Customer. See timeline below for details,يستند هذا على معاملات خاصة بهذا العميل. أنظر الى الجدول الزمني أدناه للتفاصيل,
This is based on transactions against this Healthcare Practitioner.,هذا يعتمد على المعاملات ضد ممارس الرعاية الصحية هذا.,
This is based on transactions against this Patient. See timeline below for details,ويستند هذا إلى المعاملات ضد هذا المريض. انظر الجدول الزمني أدناه للحصول على التفاصيل,
This is based on transactions against this Sales Person. See timeline below for details,هذا يعتمد على المعاملات ضد هذا المندوب المبيعات. انظر الجدول الزمني أدناه للحصول على التفاصيل,
This is based on transactions against this Supplier. See timeline below for details,ويستند هذا على المعاملات مقابل هذا المورد. انظر الجدول الزمني أدناه للاطلاع على التفاصيل,
This will submit Salary Slips and create accrual Journal Entry. Do you want to proceed?,سيؤدي هذا إلى تقديم قسائم الراتب وإنشاء الدخول إلى دفتر الأستحقاق. هل تريد المتابعة؟,
This {0} conflicts with {1} for {2} {3},هذا {0} يتعارض مع {1} عن {2} {3},
Time Sheet for manufacturing.,ورقة الوقت للتصنيع.,
Time Tracking,تتبع الوقت,
"Time slot skiped, the slot {0} to {1} overlap exisiting slot {2} to {3}",تم تخطي الفتحة الزمنية ، تتداخل الفتحة {0} إلى {1} مع فاصل الزمني {2} إلى {3},
Time slots added,تمت إضافة الفواصل الزمنية,
Time(in mins),الوقت (دقيقة),
Timer,ساعة التوقيت,
Timer exceeded the given hours.,الموقت تجاوزت الساعات المعطاة.,
Timesheet,جدول ساعات العمل,
Timesheet for tasks.,الجدول الزمني للمهام.,
Timesheet {0} is already completed or cancelled,الجدول الزمني {0} بالفعل منتهي أو ملغى,
Timesheets,الجداول الزمنية,
"Timesheets help keep track of time, cost and billing for activites done by your team",الجداول الزمنية تساعد على الحفاظ على المسار من الوقت والتكلفة وإعداد الفواتير للنشاطات الذي قام به فريقك,
Titles for print templates e.g. Proforma Invoice.,عناوين نماذج الطباعة مثل الفاتورة الأولية.,
To,إلى,
To Address 1,على العنوان 1,
To Address 2,على العنوان 2,
To Bill,على فاتورة,
To Date,إلى تاريخ,
To Date cannot be before From Date,(الى تاريخ) لا يمكن ان يكون قبل (من تاريخ),
To Date cannot be less than From Date,لا يمكن أن يكون تاريخ التاريخ أقل من تاريخ,
To Date must be greater than From Date,يجب أن يكون التاريخ أكبر من تاريخ,
To Date should be within the Fiscal Year. Assuming To Date = {0},إلى التسجيل يجب أن يكون ضمن السنة المالية. على افتراض إلى تاريخ = {0},
To Datetime,إلى التاريخ والوقت,
To Deliver,لتسليم,
To Deliver and Bill,للتسليم و الفوترة,
To Fiscal Year,إلى السنة المالية,
To GSTIN,إلى GSTIN,
To Party Name,إلى اسم الجهة,
To Pin Code,إلى الرقم السري,
To Place,الى المكان,
To Receive,للأستلام,
To Receive and Bill,للأستلام و الفوترة,
To State,إلى الدولة,
To Warehouse,لمستودع,
To create a Payment Request reference document is required,لإنشاء وثيقة مرجع طلب الدفع مطلوب,
To date can not be equal or less than from date,حتى الآن لا يمكن أن يكون مساويا أو أقل من التاريخ,
To date can not be less than from date,حتى الآن لا يمكن أن يكون أقل من من تاريخ,
To date can not greater than employee's relieving date,حتى الآن لا يمكن أن يكون أكبر من تاريخ تخفيف الموظف,
"To filter based on Party, select Party Type first",لتصفية استنادا الحزب، حدد حزب النوع الأول,
"To get the best out of ERPNext, we recommend that you take some time and watch these help videos.",للحصول على أفضل النتائج من ERPNext، ونحن نوصي بأن تأخذ بعض الوقت ومشاهدة أشرطة الفيديو هذه المساعدة.,
"To include tax in row {0} in Item rate, taxes in rows {1} must also be included",ل تشمل الضريبة في الصف {0} في معدل الإغلاق ، {1} ويجب أيضا تضمين الضرائب في الصفوف,
To make Customer based incentive schemes.,لجعل خطط الحوافز على أساس العملاء.,
"To merge, following properties must be same for both items",لدمج ، يجب أن يكون نفس الخصائص التالية ل كلا الصنفين,
"To not apply Pricing Rule in a particular transaction, all applicable Pricing Rules should be disabled.",للا ينطبق قاعدة التسعير في معاملة معينة، يجب تعطيل جميع قوانين التسعير المعمول بها.,
"To set this Fiscal Year as Default, click on 'Set as Default'",""" لتحديد هذه السنة المالية كافتراضي ، انقر على "" تحديد كافتراضي",
To view logs of Loyalty Points assigned to a Customer.,لعرض سجلات نقاط الولاء المخصصة للعميل.,
To {0},إلى {0},
To {0} | {1} {2},إلى {0} | {1} {2},
Toggle Filters,تبديل المرشحات,
Too many columns. Export the report and print it using a spreadsheet application.,عدد كبير جدا من الأعمدة. تصدير التقرير وطباعته باستخدام تطبيق جدول البيانات.,
Tools,أدوات المتابعة والسكرتارية,
Total (Credit),الإجمالي (الائتمان),
Total (Without Tax),الإجمالي (بدون ضريبة),
Total Absent,إجمالي الغياب,
Total Achieved,الإجمالي المحقق,
Total Actual,الإجمالي الفعلي,
Total Allocated Leaves,مجموع الأوراق المخصصة,
Total Amount,الاعتماد الأساسي,
Total Amount Credited,مجموع المبلغ المعتمد,
Total Amount {0},إجمالي المبلغ {0},
Total Applicable Charges in Purchase Receipt Items table must be same as Total Taxes and Charges,مجموع الرسوم المطبقة في شراء طاولة إيصال عناصر يجب أن يكون نفس مجموع الضرائب والرسوم,
Total Budget,الميزانية الإجمالية,
Total Collected: {0},المجموع الإجمالي: {0},
Total Commission,مجموع العمولة,
Total Contribution Amount: {0},إجمالي مبلغ المساهمة: {0},
Total Credit/ Debit Amount should be same as linked Journal Entry,يجب أن يكون إجمالي مبلغ الائتمان / المدين هو نفسه المرتبطة بإدخال المجلة,
Total Debit must be equal to Total Credit. The difference is {0},يجب أن يكون إجمالي الخصم يساوي إجمالي الائتمان .,
Total Deduction,مجموع الخصم,
Total Invoiced Amount,إجمالي مبلغ الفاتورة,
Total Leaves,مجموع الإجازات,
Total Order Considered,اجمالي أمر البيع التقديري,
Total Order Value,مجموع قيمة الطلب,
Total Outgoing,مجموع المنتهية ولايته,
Total Outstanding,إجمالي المعلقة,
Total Outstanding Amount,إجمالي المبلغ المستحق,
Total Outstanding: {0},المجموع: {0},
Total Paid Amount,إجمالي المبلغ المدفوع,
Total Payment Amount in Payment Schedule must be equal to Grand / Rounded Total,يجب أن يكون إجمالي مبلغ الدفع في جدول الدفع مساويا للمجموع الكبير / المستدير,
Total Payments,مجموع المدفوعات,
Total Present,إجمالي الحضور,
Total Qty,إجمالي الكمية,
Total Quantity,الكمية الإجمالية,
Total Revenue,إجمالي الإيرادات,
Total Student,إجمالي الطالب,
Total Target,إجمالي المستهدف,
Total Tax,مجموع الضرائب,
Total Taxable Amount,إجمالي المبلغ الخاضع للضريبة,
Total Taxable Value,إجمالي القيمة الخاضعة للضريبة,
Total Unpaid: {0},عدد غير مدفوع: {0},
Total Variance,مجموع الفروق,
Total Weightage of all Assessment Criteria must be 100%,يجب أن يكون الترجيح الكلي لجميع معايير التقييم 100?,
Total advance ({0}) against Order {1} cannot be greater than the Grand Total ({2}),مجموع مقدما ({0}) ضد النظام {1} لا يمكن أن يكون أكبر من المجموع الكلي ({2}),
Total advance amount cannot be greater than total claimed amount,لا يمكن أن يكون إجمالي المبلغ المدفوع أكبر من المبلغ الإجمالي المطالب به,
Total advance amount cannot be greater than total sanctioned amount,لا يمكن أن يكون إجمالي المبلغ المدفوع أكبر من المبلغ الإجمالي المعتمد,
Total allocated leaves are more days than maximum allocation of {0} leave type for employee {1} in the period,إجمالي الإجازات المخصصة هي أيام أكثر من التخصيص الأقصى لنوع الإجازات {0} للموظف {1} في الفترة,
Total allocated leaves are more than days in the period,مجموع ا?جازات المخصصة هي أكثر من الأيام في الفترة المحددة\n<br>\nTotal allocated leaves are more than days in the period,
Total allocated percentage for sales team should be 100,مجموع النسبة المئوية المخصصة ل فريق المبيعات يجب أن يكون 100,
Total cannot be zero,لا يمكن ان يكون المجموع صفر\n<br>\nTotal cannot be zero,
Total contribution percentage should be equal to 100,يجب أن تكون نسبة المساهمة الإجمالية مساوية 100,
Total flexible benefit component amount {0} should not be less than max benefits {1},يجب ألا يقل إجمالي مبلغ الفائدة المرنة {0} عن الحد الأقصى للمنافع {1},
Total hours: {0},مجموع الساعات: {0},
Total leaves allocated is mandatory for Leave Type {0},إجمالي الإجازات المخصصة إلزامي لنوع الإجازة {0},
Total weightage assigned should be 100%. It is {0},يجب أن يكون مجموع الترجيح تعيين 100 ? . فمن {0},
Total working hours should not be greater than max working hours {0},عدد ساعات العمل الكلي يجب ألا يكون أكثر من العدد الأقصى لساعات العمل {0},
Total {0} ({1}),إجمالي {0} ({1}),
"Total {0} for all items is zero, may be you should change 'Distribute Charges Based On'","إجمالي {0} لجميع العناصر هو صفر، قد يكون عليك تغيير 'توزيع الرسوم على أساس'\n<br>\nTotal {0} for all items is zero, may be you should change 'Distribute Charges Based On'",
Total(Amt),إجمالي (AMT),
Total(Qty),إجمالي (الكمية),
Traceability,التتبع,
Traceback,Traceback,
Track Leads by Lead Source.,تقدم العروض حسب المصدر الرصاص.,
Training,التدريب,
Training Event,حدث تدريب,
Training Events,أحداث التدريب,
Training Feedback,ردود الفعل على التدريب,
Training Result,نتيجة التدريب,
Transaction,الحركة,
Transaction Date,تاريخ المعاملة,
Transaction Type,نوع المعاملة,
Transaction currency must be same as Payment Gateway currency,يجب أن تكون العملة المعاملة نفس العملة بوابة الدفع,
Transaction not allowed against stopped Work Order {0},المعاملة غير مسموح بها في مقابل أمر العمل المتوقف {0},
Transaction reference no {0} dated {1},إشارة عملية لا {0} بتاريخ {1},
Transactions,المعاملات,
Transactions can only be deleted by the creator of the Company,لا يمكن حذف المعاملات من قبل خالق الشركة,
Transfer,نقل,
Transfer Material,نقل المواد,
Transfer Type,نوع النقل,
Transfer an asset from one warehouse to another,نقل رصيدا من مستودع واحد إلى آخر,
Transfered,نقلها,
Transferred Quantity,الكمية المنقولة,
Transport Receipt Date,تاريخ استلام النقل,
Transport Receipt No,إيصالات النقل,
Transportation,النقل,
Transporter ID,معرف الناقل,
Transporter Name,اسم الناقل,
Travel,السفر,
Travel Expenses,نفقات السفر,
Tree Type,نوع الشجرة,
Tree of Bill of Materials,شجرة فواتير المواد,
Tree of Item Groups.,شجرة مجموعات الاصناف.,
Tree of Procedures,شجرة الإجراءات,
Tree of Quality Procedures.,شجرة إجراءات الجودة.,
Tree of financial Cost Centers.,شجرة من مراكز التكلفة المالية.,
Tree of financial accounts.,شجرة الحسابات المالية.,
Treshold {0}% appears more than once,Treshold {0}? يظهر أكثر من مرة,
Trial Period End Date Cannot be before Trial Period Start Date,لا يمكن أن يكون تاريخ انتهاء الفترة التجريبية قبل تاريخ بدء الفترة التجريبية,
Trialling,تحت التجربة,
Type of Business,نوع من الاعمال,
Types of activities for Time Logs,أنواع الأنشطة لسجلات الوقت,
UOM,وحدة القياس,
UOM Conversion factor is required in row {0},معامل تحويل وحدة القياس مطلوب في الصف: {0},
UOM coversion factor required for UOM: {0} in Item: {1},عامل تحويل UOM المطلوب لUOM : {0} في الصنف: {1}<br>\nUOM coversion factor required for UOM: {0} in Item: {1},
URL,رابط الانترنت,
Unable to find DocType {0},تعذر العثور على نوع الملف {0},
Unable to find exchange rate for {0} to {1} for key date {2}. Please create a Currency Exchange record manually,تعذر العثور على سعر الصرف من {0} إلى {1} لتاريخ المفتاح {2}. يرجى إنشاء سجل صرف العملات يدويا,
Unable to find score starting at {0}. You need to have standing scores covering 0 to 100,تعذر العثور على النتيجة بدءا من {0}. يجب أن يكون لديك درجات دائمة تغطي 0 إلى 100,
Unable to find variable: ,تعذر العثور على متغير:,
Unblock Invoice,الافراج عن الفاتورة,
Uncheck all,الغاء أختيار الكل,
Unclosed Fiscal Years Profit / Loss (Credit),غير مغلقة السنين الماليه الربح / الخسارة (الائتمان),
Unit,وحدة,
Unit of Measure,وحدة القياس,
Unit of Measure {0} has been entered more than once in Conversion Factor Table,وحدة القياس {0} تم إدخال أكثر من مرة واحدة في معامل التحويل الجدول,
Unknown,غير معروف,
Unpaid,غير مدفوع,
Unsecured Loans,القروض غير المضمونة,
Unsubscribe from this Email Digest,إلغاء الاشتراك من هذا البريد الإلكتروني digest,
Unsubscribed,إلغاء اشتراكك,
Until,حتى,
Unverified Webhook Data,بيانات Webhook لم يتم التحقق منها,
Update Account Name / Number,تحديث اسم / رقم الحساب,
Update Account Number / Name,تحديث رقم الحساب / الاسم,
Update Bank Transaction Dates,تحديث تواريخ عمليات البنك,
Update Cost,تحديث التكلفة,
Update Cost Center Number,تحديث رقم مركز التكلفة,
Update Email Group,تحديث بريد المجموعة,
Update Items,تحديث العناصر,
Update Print Format,تحديث تنسيق الطباعة,
Update Response,تحديث الرد,
Update bank payment dates with journals.,تحديث تواريخ الدفع البنكي مع المجلات.,
Update in progress. It might take a while.,التحديث قيد التقدم. قد يستغرق بعض الوقت.,
Update rate as per last purchase,معدل التحديث حسب آخر عملية شراء,
Update stock must be enable for the purchase invoice {0},يجب تمكين مخزون التحديث لفاتورة الشراء {0},
Updating Variants...,جارٍ تحديث المتغيرات ...,
Upload your letter head and logo. (you can edit them later).,تحميل رئيس رسالتكم والشعار. (يمكنك تحريرها لاحقا).,
Upper Income,أعلى دخل,
Use Sandbox,استخدام sandbox,
Used Leaves,اجازات معتمدة,
User,المستخدم,
User Forum,منتدى المستخدم,
User ID,تعريف المستخدم,
User ID not set for Employee {0},هوية المستخدم لم يتم تعيين موظف ل {0},
User Remark,ملاحظة المستخدم,
User has not applied rule on the invoice {0},لم يطبق المستخدم قاعدة على الفاتورة {0},
User {0} already exists,المستخدم {0} موجود بالفعل,
User {0} created,تم إنشاء المستخدم {0},
User {0} does not exist,المستخدم {0} غير موجود\n<br>\nUser {0} does not exist,
User {0} doesn't have any default POS Profile. Check Default at Row {1} for this User.,المستخدم {0} ليس لديه أي ملف تعريف افتراضي ل بوس. تحقق من الافتراضي في الصف {1} لهذا المستخدم.,
User {0} is already assigned to Employee {1},المستخدم {0} تم تعيينه بالفعل إلى موظف {1},
User {0} is already assigned to Healthcare Practitioner {1},تم تعيين المستخدم {0} بالفعل لممارس الرعاية الصحية {1},
Users,المستخدمين,
Utility Expenses,النفقات الملحقة,
Valid From Date must be lesser than Valid Upto Date.,يجب أن يكون صحيحًا من تاريخ أقل من تاريخ صحيحة صحيح.,
Valid Till,صالح حتى,
Valid from and valid upto fields are mandatory for the cumulative,الزامية الحقول التراكمية الصالحة من تاريخ وحتى تاريخ,
Valid from date must be less than valid upto date,صالح من تاريخ يجب أن يكون أقل من تاريخ صالخ لغاية,
Valid till date cannot be before transaction date,صالح حتى تاريخ لا يمكن أن يكون قبل تاريخ المعاملة,
Validity,الصلاحية,
Validity period of this quotation has ended.,انتهت فترة صلاحية هذا الاقتباس.,
Valuation Rate,سعر التكلفة,
Valuation Rate is mandatory if Opening Stock entered,معدل التقييم إلزامي إذا ادخلت قيمة مبدئية للمخزون\n<br>\nValuation Rate is mandatory if Opening Stock entered,
Valuation type charges can not marked as Inclusive,لا يمكن وضع علامة على رسوم التقييم على انها شاملة,
Value Or Qty,القيمة أو الكمية,
Value Proposition,موقع ذو قيمة,
Value for Attribute {0} must be within the range of {1} to {2} in the increments of {3} for Item {4},يجب أن تكون قيمة للسمة {0} ضمن مجموعة من {1} إلى {2} في الزيادات من {3} لالصنف {4},
Value missing,القيمة مفقودة,
Value must be between {0} and {1},يجب أن تكون القيمة بين {0} و {1},
"Values of exempt, nil rated and non-GST inward supplies",قيم الإمدادات المعفاة وغير المصنفة وغير الداخلة في ضريبة السلع والخدمات,
Variable,متغير,
Variance,فرق,
Variance ({}),التباين ({}),
Variant,بديل,
Variant Attributes,سمات متفاوتة,
Variant Based On cannot be changed,لا يمكن تغيير المتغير بناءً على,
Variant Details Report,تفاصيل تقرير التقرير,
Variant creation has been queued.,وقد وضعت قائمة الانتظار في قائمة الانتظار.,
Vehicle Expenses,مصاريف الآلية,
Vehicle No,رقم الآلية,
Vehicle Type,نوع السيارة,
Vehicle/Bus Number,رقم الآلية / الحافلة,
Venture Capital,رأس المال الاستثماري,
View Chart of Accounts,عرض الرسم البياني للحسابات,
View Fees Records,عرض سجلات الرسوم,
View Form,عرض النموذج,
View Lab Tests,مشاهدة اختبارات معمل,
View Leads,مشاهدة العملاء المحتملون,
View Ledger,عرض القيود,
View Now,عرض الآن,
View a list of all the help videos,عرض قائمة من جميع ملفات الفيديو مساعدة,
View in Cart,عرض في بند سلة التسوق,
Visit report for maintenance call.,تقرير الزيارة  لطلب الصيانة.,
Visit the forums,زيارة المنتديات,
Vital Signs,علامات حيوية,
Volunteer,تطوع,
Volunteer Type information.,معلومات نوع التطوع.,
Volunteer information.,معلومات التطوع.,
Voucher #,سند #,
Voucher No,رقم السند,
Voucher Type,نوع السند,
WIP Warehouse,مستودع WIP,
Walk In,عميل غير مسجل,
Warehouse can not be deleted as stock ledger entry exists for this warehouse.,لا يمكن حذف مستودع كما دخول دفتر الأستاذ موجود لهذا المستودع.\n<br>\nWarehouse can not be deleted as stock ledger entry exists for this warehouse.,
Warehouse cannot be changed for Serial No.,المستودع لا يمكن ان يكون متغير لرقم تسلسلى.\n<br>\nWarehouse cannot be changed for Serial No.,
Warehouse is mandatory,المستودع إلزامي,
Warehouse is mandatory for stock Item {0} in row {1},المستودع إلزامي لصنف المخزون  {0} في الصف {1},
Warehouse not found in the system,لم يتم العثور على المستودع في النظام,
"Warehouse required at Row No {0}, please set default warehouse for the item {1} for the company {2}",مستودع مطلوب في الصف رقم {0} ، يرجى تعيين المستودع الافتراضي للصنف {1} للشركة {2},
Warehouse required for stock Item {0},المستودع مطلوب للصنف المخزن {0},
Warehouse {0} can not be deleted as quantity exists for Item {1},مستودع {0} لا يمكن حذفه ككميه موحوده للصنف {1},
Warehouse {0} does not belong to company {1},مستودع {0} لا تنتمي إلى شركة {1},
Warehouse {0} does not exist,مستودع {0} غير موجود\n<br>\nWarehouse {0} does not exist,
"Warehouse {0} is not linked to any account, please mention the account in  the warehouse record or set default inventory account in company {1}.",مستودع {0} غير مرتبط بأي حساب، يرجى ذكر الحساب في سجل المستودع أو تعيين حساب المخزون الافتراضي في الشركة {1}.,
Warehouses with child nodes cannot be converted to ledger,المستودعات المرتبطة بفروع لا يمكن أن يتم تحويلها إلى دفتر الاستاذ,
Warehouses with existing transaction can not be converted to group.,لا يمكن تحويل المستودعات مع المعاملات الحالية إلى مجموعة.\n<br>\nWarehouses with existing transaction can not be converted to group.,
Warehouses with existing transaction can not be converted to ledger.,المستودعات مع الصفقة الحالية لا يمكن أن يتم تحويلها إلى دفتر الأستاذ.,
Warning,تحذير,
Warning: Another {0} # {1} exists against stock entry {2},تحذير: {0} أخر # {1} موجود في مدخل المخزن {2}\n<br>\nWarning: Another {0} # {1} exists against stock entry {2},
Warning: Invalid SSL certificate on attachment {0},تحذير: شهادة SSL غير صحيحة في المرفق {0}\n<br>\nWarning: Invalid SSL certificate on attachment {0},
Warning: Invalid attachment {0},تحذير: مرفق غير صحيح {0}\n<br>\nWarning: Invalid attachment {0},
Warning: Leave application contains following block dates,تحذير: طلب ا?جازة يحتوي على الايام التالية الّتي يمنع فيها ا?جازة\n<br>\nWarning: Leave application contains following block dates,
Warning: Material Requested Qty is less than Minimum Order Qty,تحذير : كمية المواد المطلوبة  هي أقل من الحد الأدنى للطلب الكمية,
Warning: Sales Order {0} already exists against Customer's Purchase Order {1},تحذير: أمر البيع {0} موجود مسبقاً لأمر الشراء الخاص بالعميل {1}\n<br>\nWarning: Sales Order {0} already exists against Customer's Purchase Order {1},
Warning: System will not check overbilling since amount for Item {0} in {1} is zero,Warning: System will not check overbilling since amount for Item {0} in {1} is zero\n<br>\nتحذير: لن يقوم النظام بالتحقق من الفوترة الزائدة لان المبلغ الخاص بالصنف {0} في {1} هو صفر,
Warranty,الضمانة,
Warranty Claim,مطالبة بالضمان,
Warranty Claim against Serial No.,المطالبة بالضمان ضد رقم التسلسل,
Website,الموقع,
Website Image should be a public file or website URL,موقع الويب يجب أن تكون الصورة ملفا عاما أو عنوان URL لموقع الويب\n<br>\nWebsite Image should be a public file or website URL,
Website Image {0} attached to Item {1} cannot be found,صورة الموقع {0} المرفقة بالصنف {1} لا يمكن العثور عليها\n<br>\nWebsite Image {0} attached to Item {1} cannot be found,
Website Listing,إدراج موقع الويب,
Website Manager,مدير الموقع,
Website Settings,إعدادات الموقع,
Wednesday,الأربعاء,
Week,أسبوع,
Weekdays,أيام الأسبوع,
Weekly,الأسبوعية,
"Weight is mentioned,\nPlease mention ""Weight UOM"" too","يذكر الوزن، \n يرجى ذكر ""الوزن UOM"" للغاية",
Welcome email sent,رسالة الترحيب تم أرسالها,
Welcome to ERPNext,مرحبًا بكم في ERPNext,
What do you need help with?,ما الذى تحتاج المساعدة به؟,
What does it do?,مجال عمل الشركة؟,
Where manufacturing operations are carried.,حيث تتم عمليات التصنيع.,
"While creating account for child Company {0}, parent account {1} not found. Please create the parent account in corresponding COA",أثناء إنشاء حساب لشركة تابعة {0} ، لم يتم العثور على الحساب الأصل {1}. يرجى إنشاء الحساب الأصل في شهادة توثيق البرامج المقابلة,
White,أبيض,
Wire Transfer,حوالة بنكية,
WooCommerce Products,منتجات WooCommerce,
Work In Progress,التقدم في العمل,
Work Order,أمر العمل,
Work Order already created for all items with BOM,تم إنشاء أمر العمل بالفعل لكافة العناصر باستخدام قائمة المواد,
Work Order cannot be raised against a Item Template,لا يمكن رفع أمر العمل مقابل قالب العنصر,
Work Order has been {0},تم عمل الطلب {0},
Work Order not created,أمر العمل لم يتم إنشاؤه,
Work Order {0} must be cancelled before cancelling this Sales Order,يجب إلغاء طلب العمل {0} قبل إلغاء أمر المبيعات هذا,
Work Order {0} must be submitted,يجب تقديم طلب العمل {0},
Work Orders Created: {0},أوامر العمل التي تم إنشاؤها: {0},
Work Summary for {0},ملخص العمل ل {0},
Work-in-Progress Warehouse is required before Submit,مستودع أعمال جارية مطلوب قبل التسجيل\n<br>\nWork-in-Progress Warehouse is required before Submit,
Workflow,سير العمل(Workflow),
Working,قيد التنفيذ,
Working Hours,ساعات العمل,
Workstation,محطة العمل,
Workstation is closed on the following dates as per Holiday List: {0},محطة العمل مغلقة في التواريخ التالية وفقا لقائمة العطل: {0}\n<br>\nWorkstation is closed on the following dates as per Holiday List: {0},
Wrapping up,تغليف,
Wrong Password,كلمة مرور خاطئة\n<br>\nWrong Password,
Year start date or end date is overlapping with {0}. To avoid please set company,تاريخ البدء أو تاريخ الانتهاء العام يتداخل مع {0}. لتجنب ذلك الرجاء تعيين الشركة\n<br>\nYear start date or end date is overlapping with {0}. To avoid please set company,
You are in offline mode. You will not be able to reload until you have network.,كنت في وضع غير متصل بالشبكة. أنت لن تكون قادرة على تحميل حتى يكون لديك شبكة,
You are not authorized to add or update entries before {0},غير مصرح لك باضافه إدخالات أو تحديثها قبل {0}\n<br>\nYou are not authorized to add or update entries before {0},
You are not authorized to approve leaves on Block Dates,غير مصرح لك الموافقة على المغادرات التي في التواريخ المحظورة,
You are not authorized to set Frozen value,.أنت غير مخول لتغيير القيم المجمدة,
You are not present all day(s) between compensatory leave request days,أنت لست موجودًا طوال اليوم (الأيام) بين أيام طلب الإجازة التعويضية,
You can not change rate if BOM mentioned agianst any item,لا يمكنك تغيير السعر اذا قائمة المواد جعلت مقابل أي صنف,
You can not enter current voucher in 'Against Journal Entry' column,لا يمكنك إدخال القسيمة الحالية في عمود 'قيد اليومية المقابل'.\n<br>\nYou can not enter current voucher in 'Against Journal Entry' column,
You can only have Plans with the same billing cycle in a Subscription,يمكنك فقط الحصول على خطط مع دورة الفواتير نفسها في الاشتراك,
You can only redeem max {0} points in this order.,لا يمكنك استرداد سوى {0} نقاط كحد أقصى بهذا الترتيب.,
You can only renew if your membership expires within 30 days,يمكنك تجديد عضويتك اذا انتهت عضويتك خلال 30 يوما,
You can only select a maximum of one option from the list of check boxes.,يمكنك فقط تحديد خيار واحد كحد أقصى من قائمة مربعات الاختيار.,
You can only submit Leave Encashment for a valid encashment amount,يمكنك فقط إرسال اجازة مسدده  لمبلغ سداد صحيح,
You can't redeem Loyalty Points having more value than the Grand Total.,لا يمكنك استرداد نقاط الولاء التي لها قيمة أكبر من المجموع الكلي.,
You cannot credit and debit same account at the same time,لا يمكن إعطاء الحساب قيمة مدين وقيمة دائن في نفس الوقت,
You cannot delete Fiscal Year {0}. Fiscal Year {0} is set as default in Global Settings,لا يمكنك حذف السنة المالية {0}. تم تحديد السنة المالية {0} كأفتراضي في الإعدادات الشاملة,
You cannot delete Project Type 'External',لا يمكنك حذف مشروع من نوع 'خارجي',
You cannot edit root node.,لا يمكنك تحرير عقدة الجذر.,
You cannot restart a Subscription that is not cancelled.,لا يمكنك إعادة تشغيل اشتراك غير ملغى.,
You don't have enought Loyalty Points to redeem,ليس لديك ما يكفي من نقاط الولاء لاستردادها,
You have already assessed for the assessment criteria {}.,لقد سبق أن قيمت معايير التقييم {}.,
You have already selected items from {0} {1},لقد حددت العناصر من {0} {1},
You have been invited to collaborate on the project: {0},انت مدعو إلى التعاون في هذا المشروع: {0},
You have entered duplicate items. Please rectify and try again.,لقد أدخلت عناصر مكررة. يرجى تصحيح وإعادة المحاولة.\n<br>\nYou have entered duplicate items. Please rectify and try again.,
You need to be a user other than Administrator with System Manager and Item Manager roles to register on Marketplace.,يجب أن تكون مستخدمًا غير المسؤول مع أدوار مدير النظام و مدير الصنف للتسجيل في Marketplace.,
You need to be a user with System Manager and Item Manager roles to add users to Marketplace.,يجب أن تكون مستخدمًا بأدوار مدير النظام و مدير الصنف لإضافة المستخدمين إلى Marketplace.,
You need to be a user with System Manager and Item Manager roles to register on Marketplace.,يجب أن تكون مستخدمًا بأدوار مدير النظام و مدير الصنف للتسجيل في Marketplace.,
You need to be logged in to access this page,تحتاج إلى تسجيل الدخول للوصول إلى هذه الصفحة,
You need to enable Shopping Cart,تحتاج إلى تمكين سلة التسوق,
You will lose records of previously generated invoices. Are you sure you want to restart this subscription?,ستفقد سجلات الفواتير التي تم إنشاؤها من قبل. هل أنت متأكد من أنك تريد إعادة تشغيل هذا الاشتراك؟,
Your Organization,مؤسستك,
Your cart is Empty,عربة التسوق فارغة,
Your email address...,عنوان بريدك الإلكتروني...,
Your order is out for delivery!,طلبك تحت التسليم!,
Your tickets,تذاكرك,
ZIP Code,الرمز البريدي,
[Error],[خطأ],
[{0}](#Form/Item/{0}) is out of stock,[{0}] (# نموذج / الصنف / {0}) انتهى من المخزن,
`Freeze Stocks Older Than` should be smaller than %d days.,` تجميد المخزون الأقدم من يجب أن يكون أقل من ? d يوم ` .,
based_on,مرتكز على,
cannot be greater than 100,لايمكن أن يكون أكبر من 100,
disabled user,المستخدم معطل,
"e.g. ""Build tools for builders""","مثلا، ""أدوات البناء للبنائين""",
"e.g. ""Primary School"" or ""University""","مثلا، ""المدرسة الابتدائية"" أو ""الجامعة""",
"e.g. Bank, Cash, Credit Card",على سبيل المثال، بنك، نقدا، بطاقة الائتمان,
hidden,مخفي,
modified,تم التعديل,
old_parent,old_parent,
on,في,
{0} '{1}' is disabled,{0} '{1}' معطل,
{0} '{1}' not in Fiscal Year {2},{0} '{1}' ليس في السنة المالية {2},
{0} ({1}) cannot be greater than planned quantity ({2}) in Work Order {3},{0} ({1}) لا يمكن أن يكون أكبر من الكمية المخطط لها ({2}) في أمر العمل {3},
{0} - {1} is inactive student,{0} - {1} طالب غير فعال,
{0} - {1} is not enrolled in the Batch {2},{0} - {1} غير مسجل في الدفعة {2},
{0} - {1} is not enrolled in the Course {2},{0} - {1} غير مسجل في الدورة {2},
{0} Budget for Account {1} against {2} {3} is {4}. It will exceed by {5},{0} Budget for Account {1} against {2} {3} is {4}. It will exceed by {5},
{0} Digest,{0} الملخص,
{0} Number {1} already used in account {2},{0} الرقم {1} مستخدم بالفعل في الحساب {2},
{0} Request for {1},{0} طلب {1},
{0} Result submittted,{0} النتيجة المقدمة,
{0} Serial Numbers required for Item {1}. You have provided {2}.,{0} الرقم التسلسلي المطلوب للصنف {1}. لقد قدمت {2}.,
{0} Student Groups created.,{0} تم إنشاء مجموعات الطلاب.,
{0} Students have been enrolled,{0} تم تسجيل الطلاب,
{0} against Bill {1} dated {2},{0} مقابل الفاتورة {1} بتاريخ {2},
{0} against Purchase Order {1},{0} مقابل أمر الشراء {1},
{0} against Sales Invoice {1},{0} مقابل فاتورة المبيعات {1},
{0} against Sales Order {1},{0} مقابل طلب مبيعات {1},
{0} already allocated for Employee {1} for period {2} to {3},{0} تم تخصيصه بالفعل للموظف {1} للفترة {2} إلى {3},
{0} applicable after {1} working days,{0} قابل للتطبيق بعد {1} أيام عمل,
{0} asset cannot be transferred,{0} أصول لا يمكن نقلها,
{0} can not be negative,{0} لا يمكن أن يكون سالبا,
{0} created,{0} تم انشاؤه,
"{0} currently has a {1} Supplier Scorecard standing, and Purchase Orders to this supplier should be issued with caution.",{0} لديها حاليا {1} بطاقة أداء بطاقة الموردين، ويجب إصدار أوامر الشراء إلى هذا المورد بحذر.,
"{0} currently has a {1} Supplier Scorecard standing, and RFQs to this supplier should be issued with caution.",{0} لديه حاليا {1} بطاقة أداء بطاقة الموردين، ويجب أن يتم إصدار طلبات إعادة الشراء إلى هذا المورد بحذر.,
{0} does not belong to Company {1},{0} لا تنتمي إلى شركة {1},
{0} does not have a Healthcare Practitioner Schedule. Add it in Healthcare Practitioner master,{0} ليس لديه جدول ممارسة للرعاية الصحية.\n إضافة جدول في ممارسة الرعاية الصحية الرئيسي,
{0} entered twice in Item Tax,{0} ادخل مرتين في ضريبة الصنف,
{0} for {1},{0} ل {1},
{0} has been submitted successfully,{0} تم التقديم بنجاح,
{0} has fee validity till {1},{0} له صلاحية الرسوم حتى {1},
{0} hours,{0} ساعات,
{0} in row {1},{0} في الصف {1},
{0} is blocked so this transaction cannot proceed,تم حظر {0} حتى لا تتم متابعة هذه المعاملة,
{0} is mandatory,{0} إلزامي,
{0} is mandatory for Item {1},{0} إلزامي للصنف {1}\n<br>\n{0} is mandatory for Item {1},
{0} is mandatory. Maybe Currency Exchange record is not created for {1} to {2}.,{0} إلزامي. ربما لم يتم إنشاء سجل سعر صرف العملة ل{1} إلى {2}.,
{0} is not a stock Item,{0} ليس صنف يخزن,
{0} is not a valid Batch Number for Item {1},{0} ليس رقما صحيحا للصنف {1}\n<br>\n{0} is not a valid Batch Number for Item {1},
{0} is not added in the table,{0} لم تتم إضافته في الجدول,
{0} is not in Optional Holiday List,{0} ليس في قائمة عطلات اختيارية,
{0} is not in a valid Payroll Period,{0} ليس في فترة دفع الرواتب,
{0} is now the default Fiscal Year. Please refresh your browser for the change to take effect.,{0} هو الآن السنه المالية الافتراضية. الرجاء تحديث المستعرض لكي يسري مفعول التغيير.\n<br>\n{0} is now the default Fiscal Year. Please refresh your browser for the change to take effect.,
{0} is on hold till {1},{0} معلق حتى {1},
{0} item found.,تم العثور على {0} عنصر.,
{0} items found.,تم العثور على {0} عنصر.,
{0} items in progress,{0} العنصر قيد الأستخدام,
{0} items produced,{0} عناصر منتجة,
{0} must appear only once,{0} يجب أن يظهر مرة واحدة فقط\n<br>\n{0} must appear only once,
{0} must be negative in return document,{0} يجب أن يكون سالبة في وثيقة الارجاع,
{0} must be submitted,{0} يجب تسليمها,
{0} not allowed to transact with {1}. Please change the Company.,{0} غير مسموح بالتعامل مع {1}. يرجى تغيير الشركة.,
{0} not found for item {1},{0} لم يتم العثور على العنصر {1},
{0} parameter is invalid,{0} المعلمة غير صحيحة,
{0} payment entries can not be filtered by {1},{0} لا يمكن فلترة المدفوعات المدخلة  {1},
{0} should be a value between 0 and 100,{0} يجب أن تكون القيمة بين 0 و 100,
{0} units of [{1}](#Form/Item/{1}) found in [{2}](#Form/Warehouse/{2}),{0} وحدات من [{1}] (# نموذج / الصنف / {1}) وجدت في [{2}] (# نموذج / مخزن/ {2}),
{0} units of {1} needed in {2} on {3} {4} for {5} to complete this transaction.,{0} وحدات من {1} لازمة ل {2} في {3} {4} ل {5} لإكمال هذه المعاملة.,
{0} units of {1} needed in {2} to complete this transaction.,{0} وحدات من  {1} لازمة في {2} لإكمال هذه المعاملة.,
{0} valid serial nos for Item {1},{0} أرقام تسلسلية صحيحة للصنف {1},
{0} variants created.,تم إنشاء المتغيرات {0}.,
{0} {1} created,{0} {1} إنشاء,
{0} {1} does not exist,{0} {1} غير موجود\n<br>\n{0} {1} does not exist,
{0} {1} does not exist.,{0} {1} غير موجود.,
{0} {1} has been modified. Please refresh.,تم تعديل {0} {1}، يرجى تحديث الصفحة من المتصفح,
{0} {1} has not been submitted so the action cannot be completed,{0} {1} لم يتم إرسالها، ولذلك لا يمكن إكمال الإجراء,
"{0} {1} is associated with {2}, but Party Account is {3}",{0} {1} مرتبط ب {2}، ولكن حساب الطرف هو {3},
{0} {1} is cancelled or closed,{0} {1} تم إلغائه أو مغلق,
{0} {1} is cancelled or stopped,{0} {1} يتم إلغاؤه أو إيقافه\n<br>\n{0} {1} is cancelled or stopped,
{0} {1} is cancelled so the action cannot be completed,{0} {1} تم إلغاؤه لذلك لا يمكن إكمال الإجراء,
{0} {1} is closed,{0} {1} مغلقة,
{0} {1} is disabled,{0} {1} معطل,
{0} {1} is frozen,{0} {1} مجمد,
{0} {1} is fully billed,{0} {1} قدمت الفواتير بشكل كامل,
{0} {1} is not active,{0} {1} غير فعالة,
{0} {1} is not associated with {2} {3},{0} {1} غير مرتبط {2} {3},
{0} {1} is not present in the parent company,{0} {1} غير موجود في الشركة الأم,
{0} {1} is not submitted,{0} {1} لم يتم تقديمه,
{0} {1} is {2},{0} {1} هو {2},
{0} {1} must be submitted,{0} {1} يجب أن يتم اعتماده\n<br>\n{0} {1} must be submitted,
{0} {1} not in any active Fiscal Year.,{0} {1} ليس في أي سنة مالية فعالة.,
{0} {1} status is {2},{0} {1} الحالة {2},
{0} {1}: 'Profit and Loss' type account {2} not allowed in Opening Entry,"{0} {1}: نوع حساب ""الربح والخسارة"" {2} غير مسموح به في قيد افتتاحي",
{0} {1}: Account {2} cannot be a Group,{0} {1}: الحساب {2} لا يمكن أن يكون مجموعة\n<br>\n{0} {1}: Account {2} cannot be a Group,
{0} {1}: Account {2} does not belong to Company {3},{0} {1}: الحساب {2} لا ينتمي إلى الشركة {3},
{0} {1}: Account {2} is inactive,{0} {1}: الحساب {2} غير فعال \n<br>\n{0} {1}: Account {2} is inactive,
{0} {1}: Accounting Entry for {2} can only be made in currency: {3},{0} {1}: قيد محاسبي ل {2} يمكن ان يتم فقط بالعملة : {3},
{0} {1}: Cost Center is mandatory for Item {2},{0} {1}: مركز التكلفة إلزامي للصنف {2},
{0} {1}: Cost Center is required for 'Profit and Loss' account {2}. Please set up a default Cost Center for the Company.,{0} {1}: مركز التكلفة مطلوب لحساب ' الربح والخسارة ' {2}. الرجاء اعداد مركز التكلفه الافتراضي للشركة.\n<br>\n{0} {1}: Cost Center is required for 'Profit and Loss' account {2}. Please set up a default Cost Center for the Company.,
{0} {1}: Cost Center {2} does not belong to Company {3},{0} {1}: مركز التكلفة {2} لا ينتمي إلى الشركة {3},
{0} {1}: Customer is required against Receivable account {2},{0} {1}: الزبون مطلوب بالمقابلة بالحساب المدين {2},
{0} {1}: Either debit or credit amount is required for {2},{0} {1}: إما مبلغ دائن أو مدين مطلوب ل{2},
{0} {1}: Supplier is required against Payable account {2},{0} {1}: المورد مطلوب لحساب الدفع {2}\n<br> \n{0} {1}: Supplier is required against Payable account {2},
{0}% Billed,{0}% مفوترة,
{0}% Delivered,{0}? تم التسليم,
"{0}: Employee email not found, hence email not sent",{0}: البريد الإلكتروني للموظف غير موجود، وبالتالي لن يتم إرسال البريد الإلكتروني,
{0}: From {0} of type {1},{0}: من {0} من نوع {1},
{0}: From {1},{0}: من {1},
{0}: {1} does not exists,{0}: {1} غير موجود,
{0}: {1} not found in Invoice Details table,{0}: {1} غير موجود في جدول تفاصيل الفواتير,
{} of {},{} من {},
Chat,الدردشة,
Completed By,انتهاء العمل قبل تاريخ,
Conditions,الشروط,
County,الدولة,
Day of Week,يوم من الأسبوع,
"Dear System Manager,",عزيزي مدير النظام،,
Default Value,القيمة الافتراضية,
Email Group,البريد الإلكتروني المجموعة,
Fieldtype,نوع الحقل,
ID,ID,
Images,مع الصور,
Import,استيراد,
Office,المكتب,
Passive,غير فعال,
Percent,في المئة,
Permanent,دائم,
Personal,شخصي,
Plant,المصنع,
Post,بريد,
Postal,بريدي,
Postal Code,الرمز البريدي,
Provider,المزود,
Read Only,للقراءة فقط,
Recipient,المستلم,
Reviews,مراجعة,
Sender,المرسل,
Shop,التسوق,
Subsidiary,شركة فرعية,
There is some problem with the file url: {0},هناك بعض المشاكل مع رابط الملف: {0},
Values Changed,القيم التي تم تغييرها,
or,أو,
Ageing Range 4,مدى العمر 4,
Allocated amount cannot be greater than unadjusted amount,لا يمكن أن يكون المبلغ المخصص أكبر من المبلغ غير المعدل,
Allocated amount cannot be negative,لا يمكن أن يكون المبلغ المخصص سالبًا,
"Difference Account must be a Asset/Liability type account, since this Stock Entry is an Opening Entry",يجب أن يكون حساب الفرق حسابًا لنوع الأصول / الخصوم ، نظرًا لأن إدخال الأسهم هذا هو إدخال فتح,
Error in some rows,خطأ في بعض الصفوف,
Import Successful,استيراد ناجح,
Please save first,يرجى حفظ أولا,
Price not found for item {0} in price list {1},لم يتم العثور على السعر للعنصر {0} في قائمة الأسعار {1},
Warehouse Type,نوع المستودع,
'Date' is required,&quot;التاريخ&quot; مطلوب,
Benefit,الفائدة,
Budgets,الميزانيات,
Bundle Qty,الكمية,
Company GSTIN,شركة GSTIN,
Company field is required,حقل الشركة مطلوب,
Creating Dimensions...,إنشاء الأبعاد ...,
Duplicate entry against the item code {0} and manufacturer {1},إدخال مكرر مقابل رمز العنصر {0} والشركة المصنعة {1},
Import Chart Of Accounts from CSV / Excel files,استيراد الرسم البياني للحسابات من ملفات CSV / Excel,
Invalid GSTIN! The input you've entered doesn't match the GSTIN format for UIN Holders or Non-Resident OIDAR Service Providers,GSTIN غير صحيح! لا يتطابق الإدخال الذي أدخلته مع تنسيق GSTIN لحاملي UIN أو مزودي خدمة OIDAR غير المقيمين,
Invoice Grand Total,الاجمالي الكلي لللفاتورة ,
Last carbon check date cannot be a future date,لا يمكن أن يكون تاريخ فحص الكربون الأخير تاريخًا مستقبلاً,
Make Stock Entry,قم بدخول المخزن,
Quality Feedback,نتائج الجودة,
Quality Feedback Template,قالب نتائج الجودة,
Rules for applying different promotional schemes.,قواعد تطبيق المخططات الترويجية المختلفة.,
Shift,فترة الدوام,
Show {0},عرض {0},
"Special Characters except ""-"", ""#"", ""."", ""/"", ""{"" and ""}"" not allowed in naming series",الأحرف الخاصة باستثناء &quot;-&quot; ، &quot;#&quot; ، &quot;.&quot; ، &quot;/&quot; ، &quot;{&quot; و &quot;}&quot; غير مسموح في سلسلة التسمية,
Target Details,تفاصيل الهدف,
{0} already has a Parent Procedure {1}.,{0} يحتوي بالفعل على إجراء الأصل {1}.,
API,API,
Annual,سنوي,
Approved,موافق عليه,
Change,تغيير,
Contact Email,عنوان البريد الإلكتروني,
From Date,من تاريخ,
Group By,مجموعة من,
Importing {0} of {1},استيراد {0} من {1},
Last Sync On,آخر مزامنة تشغيل,
Naming Series,سلسلة التسمية,
No data to export,لا توجد بيانات للتصدير,
Print Heading,طباعة الرأسية,
Video,فيديو,
% Of Grand Total,? من المجموع الكلي,
'employee_field_value' and 'timestamp' are required.,مطلوب &quot;employee_field_value&quot; و &quot;الطابع الزمني&quot;.,
<b>Company</b> is a mandatory filter.,<b>الشركة</b> هي مرشح إلزامي.,
<b>From Date</b> is a mandatory filter.,<b>من التاريخ</b> هو مرشح إلزامي.,
<b>From Time</b> cannot be later than <b>To Time</b> for {0},<b>من الوقت</b> لا يمكن أن يكون بعد من <b>إلى الوقت</b> لـ {0},
<b>To Date</b> is a mandatory filter.,<b>حتى الآن</b> هو مرشح إلزامي.,
A new appointment has been created for you with {0},تم إنشاء موعد جديد لك من خلال {0},
Account Value,قيمة الحساب,
Account is mandatory to get payment entries,الحساب إلزامي للحصول على إدخالات الدفع,
Account is not set for the dashboard chart {0},لم يتم تعيين الحساب لمخطط لوحة المعلومات {0},
Account {0} does not belong to company {1},الحساب {0} لا ينتمي إلى شركة {1},
Account {0} does not exists in the dashboard chart {1},الحساب {0} غير موجود في مخطط لوحة المعلومات {1},
Account: <b>{0}</b> is capital Work in progress and can not be updated by Journal Entry,الحساب: <b>{0}</b> عبارة &quot;Capital work&quot; قيد التقدم ولا يمكن تحديثها بواسطة &quot;إدخال دفتر اليومية&quot;,
Account: {0} is not permitted under Payment Entry,الحساب: {0} غير مسموح به بموجب إدخال الدفع,
Accounting Dimension <b>{0}</b> is required for 'Balance Sheet' account {1}.,البعد المحاسبي <b>{0}</b> مطلوب لحساب &quot;الميزانية العمومية&quot; {1}.,
Accounting Dimension <b>{0}</b> is required for 'Profit and Loss' account {1}.,البعد المحاسبي <b>{0}</b> مطلوب لحساب &quot;الربح والخسارة&quot; {1}.,
Accounting Masters,المحاسبة الاساسية,
Accounting Period overlaps with {0},فترة المحاسبة تتداخل مع {0},
Activity,النشاط,
Add / Manage Email Accounts.,إضافة / إدارة حسابات البريد الإلكتروني.,
Add Child,إضافة إبن,
Add Loan Security,إضافة ضمان القرض,
Add Multiple,إضافة متعددة,
Add Participants,أضف مشاركين,
Add to Featured Item,إضافة إلى الصنف المميز,
Add your review,إضافة تقييمك,
Add/Edit Coupon Conditions,إضافة / تحرير شروط القسيمة,
Added to Featured Items,تمت الإضافة إلى العناصر المميزة,
Added {0} ({1}),وأضاف {0} ({1}),
Address Line 1,العنوان سطر 1,
Addresses,العناوين,
Admission End Date should be greater than Admission Start Date.,يجب أن يكون تاريخ انتهاء القبول أكبر من تاريخ بدء القبول.,
Against Loan,مقابل صرف القرض,
Against Loan:,مقابل سداد القرض:,
All,الكل,
All bank transactions have been created,تم إنشاء جميع المعاملات البنكية,
All the depreciations has been booked,تم حجز جميع الإهلاكات,
Allocation Expired!,التخصيص انتهى!,
Allow Resetting Service Level Agreement from Support Settings.,السماح بإعادة ضبط اتفاقية مستوى الخدمة من إعدادات الدعم.,
Amount of {0} is required for Loan closure,المبلغ {0} مطلوب لإغلاق القرض,
Amount paid cannot be zero,لا يمكن أن يكون المبلغ المدفوع صفرًا,
Applied Coupon Code,رمز القسيمة المطبق,
Apply Coupon Code,تطبيق رمز القسيمة,
Appointment Booking,حجز موعد,
"As there are existing transactions against item {0}, you can not change the value of {1}",بما أن هناك معاملات موجودة مقابل الصنف {0}، لا يمكنك تغيير قيمة {1},
Asset Id,رقم الأصل,
Asset Value,قيمة الأصل,
Asset Value Adjustment cannot be posted before Asset's purchase date <b>{0}</b>.,لا يمكن نشر تسوية قيمة الأصل قبل تاريخ شراء الأصل <b>{0}</b> .,
Asset {0} does not belongs to the custodian {1},الأصل {0} لا ينتمي إلى الحارس {1},
Asset {0} does not belongs to the location {1},الأصل {0} لا ينتمي إلى الموقع {1},
At least one of the Applicable Modules should be selected,يجب اختيار واحدة على الأقل من الوحدات القابلة للتطبيق,
Atleast one asset has to be selected.,يجب تحديد أصل واحد على الأقل.,
Attendance Marked,تم التحضير ,
Attendance has been marked as per employee check-ins,تم وضع علامة على الحضور حسب تسجيل وصول الموظف,
Authentication Failed,فشلت المصادقة,
Automatic Reconciliation,التسويات التلقائية,
Available For Use Date,متاح للاستخدام تاريخ,
Available Stock,المخزون المتوفر,
"Available quantity is {0}, you need {1}",الكمية المتاحة هي {0} ، تحتاج إلى {1},
BOM 1,BOM 1,
BOM 2,BOM 2,
BOM Comparison Tool,أداة مقارنة BOM,
BOM recursion: {0} cannot be child of {1},تكرار BOM: {0} لا يمكن أن يكون تابعًا لـ {1},
BOM recursion: {0} cannot be parent or child of {1},تكرار BOM: {0} لا يمكن أن يكون أصلًا أو تابعًا لـ {1},
Back to Home,العودة إلى المنزل,
Back to Messages,العودة إلى الرسائل,
Bank Data mapper doesn't exist,مخطط بيانات البنك غير موجود,
Bank Details,تفاصيل البنك,
Bank account '{0}' has been synchronized,تمت مزامنة الحساب البنكي &#39;{0}&#39;,
Bank account {0} already exists and could not be created again,الحساب البنكي {0} موجود بالفعل ولا يمكن إنشاؤه مرة أخرى,
Bank accounts added,الحسابات البنكية المضافة,
Batch no is required for batched item {0},الدفعة رقم غير مطلوبة للعنصر الدفعي {0},
Billing Date,تاريخ الفواتير,
Billing Interval Count cannot be less than 1,لا يمكن أن يكون عدد فترات إعداد الفواتير أقل من 1,
Blue,أزرق,
Book,تسجيل,
Book Appointment,موعد التسجيل,
Brand,العلامة التجارية,
Browse,تصفح,
Call Connected,اتصال متصل,
Call Disconnected,تم قطع الاتصال,
Call Missed,اتصال مفقود,
Call Summary,ملخص الاتصال,
Call Summary Saved,تم حفظ ملخص الاتصال,
Cancelled,ملغية,
Cannot Calculate Arrival Time as Driver Address is Missing.,لا يمكن حساب وقت الوصول حيث أن عنوان برنامج التشغيل مفقود.,
Cannot Optimize Route as Driver Address is Missing.,لا يمكن تحسين المسار لأن عنوان برنامج التشغيل مفقود.,
"Cannot Unpledge, loan security value is greater than the repaid amount",لا يمكن إلغاء التحميل ، قيمة ضمان القرض أكبر من المبلغ المسدد,
Cannot complete task {0} as its dependant task {1} are not ccompleted / cancelled.,لا يمكن إكمال المهمة {0} لأن المهمة التابعة {1} ليست مكتملة / ملغاة.,
Cannot create loan until application is approved,لا يمكن إنشاء قرض حتى تتم الموافقة على الطلب,
Cannot find a matching Item. Please select some other value for {0}.,لا يمكن العثور على صنف مطابق. يرجى اختيار قيمة أخرى ل {0}.,
"Cannot overbill for Item {0} in row {1} more than {2}. To allow over-billing, please set allowance in Accounts Settings",لا يمكن زيادة حجم العنصر {0} في الصف {1} أكثر من {2}. للسماح بالإفراط في الفوترة ، يرجى تعيين بدل في إعدادات الحسابات,
Cannot unpledge more than {0} qty of {0},لا يمكن إلغاء ضغط أكثر من {0} الكمية من {0},
"Capacity Planning Error, planned start time can not be same as end time",خطأ في تخطيط السعة ، لا يمكن أن يكون وقت البدء المخطط له هو نفسه وقت الانتهاء,
Categories,التصنيفات,
Changes in {0},التغييرات في {0},
Chart,الرسم البياني,
Choose a corresponding payment,اختيار الدفع المقابل,
Click on the link below to verify your email and confirm the appointment,انقر على الرابط أدناه للتحقق من بريدك الإلكتروني وتأكيد الموعد,
Close,إغلاق,
Communication,الاتصالات,
Compact Item Print,دمج بند الطباعة,
Company,الشركة,
Company of asset {0} and purchase document {1} doesn't matches.,شركة الأصل {0} ووثيقة الشراء {1} غير متطابقين.,
Compare BOMs for changes in Raw Materials and Operations,قارن BOMs للتغييرات في المواد الخام والعمليات,
Compare List function takes on list arguments,تأخذ وظيفة قائمة المقارنة قائمة الوسائط,
Complete,اكمال,
Completed,مكتملة,
Completed Quantity,الكمية المكتملة,
Connect your Exotel Account to ERPNext and track call logs,قم بتوصيل حسابك في Exotel بـ ERPNext وتتبع سجلات المكالمات,
Connect your bank accounts to ERPNext,قم بتوصيل حساباتك البنكية بـ ERPNext,
Contact Seller,تواصل مع البائع,
Continue,استمر,
Cost Center: {0} does not exist,مركز التكلفة: {0} غير موجود,
Couldn't Set Service Level Agreement {0}.,لا يمكن تعيين اتفاقية مستوى الخدمة {0}.,
Country,الدولة,
Country Code in File does not match with country code set up in the system,رمز البلد في الملف لا يتطابق مع رمز البلد الذي تم إعداده في النظام,
Create New Contact,إنشاء اتصال جديد,
Create New Lead,إنشاء قيادة جديدة,
Create Pick List,إنشاء قائمة انتقاء,
Create Quality Inspection for Item {0},إنشاء فحص الجودة للعنصر {0},
Creating Accounts...,إنشاء حسابات ...,
Creating bank entries...,إنشاء إدخالات بنكية ...,
Creating {0},إنشاء {0},
Credit limit is already defined for the Company {0},تم تحديد حد الائتمان بالفعل للشركة {0},
Ctrl + Enter to submit,Ctrl + Enter للتقديم,
Ctrl+Enter to submit,Ctrl + Enter للإرسال,
Currency,العملة,
Current Status,الحالة الحالية,
Customer PO,PO العملاء,
Customize,تطوير,
Daily,يوميا,
Date,تاريخ,
Date Range,نطاق الموعد,
Date of Birth cannot be greater than Joining Date.,لا يمكن أن يكون تاريخ الميلاد أكبر من تاريخ الانضمام.,
Dear,العزيز,
Default,الافتراضي,
Define coupon codes.,تحديد رموز القسيمة.,
Delayed Days,الأيام المتأخرة,
Delete,حذف,
Delivered Quantity,كمية تسليمها,
Delivery Notes,مذكرات التسليم,
Depreciated Amount,المبلغ المستهلك,
Description,الوصف,
Designation,تخصص,
Difference Value,قيمة الفرق,
Dimension Filter,مرشح البعد,
Disabled,معطل,
Disbursed Amount cannot be greater than loan amount,لا يمكن أن يكون المبلغ المصروف أكبر من مبلغ القرض,
Disbursement and Repayment,الصرف والسداد,
Distance cannot be greater than 4000 kms,لا يمكن أن تكون المسافة أكبر من 4000 كيلومتر,
Do you want to submit the material request,هل ترغب في تقديم طلب المواد,
Doctype,Doctype,
Document {0} successfully uncleared,تم حذف الوثيقة {0} بنجاح,
Download Template,تحميل الوثيقة,
Dr,Dr,
Due Date,تاريخ الدفع,
Duplicate,أخذ نسخة,
Duplicate Project with Tasks,مشروع مكرر مع المهام,
Duplicate project has been created,تم إنشاء مشروع مكرر,
E-Way Bill JSON can only be generated from a submitted document,لا يمكن إنشاء الفاتورة الإلكترونية JSON إلا من وثيقة مقدمة,
E-Way Bill JSON can only be generated from submitted document,لا يمكن إنشاء فاتورة JSON الإلكترونية إلا من الوثيقة المقدم,
E-Way Bill JSON cannot be generated for Sales Return as of now,لا يمكن إنشاء الفاتورة الإلكترونية JSON لعائد المبيعات اعتبارًا من الآن,
ERPNext could not find any matching payment entry,تعذر على ERPNext العثور على أي إدخال دفع مطابق,
Earliest Age,أقدم عمر,
Edit Details,عدل التفاصيل,
Edit Profile,تعديل الملف الشخصي,
Either GST Transporter ID or Vehicle No is required if Mode of Transport is Road,يلزم تقديم معرف ناقل GST أو السيارة رقم إذا كان وضع النقل هو الطريق,
Email,البريد الإلكتروني,
Email Campaigns,حملات البريد الإلكتروني,
Employee ID is linked with another instructor,معرف الموظف مرتبط بمعلم آخر,
Employee Tax and Benefits,ضريبة الموظف وفوائده,
Employee is required while issuing Asset {0},الموظف مطلوب أثناء إصدار الأصول {0},
Employee {0} does not belongs to the company {1},الموظف {0} لا ينتمي للشركة {1},
Enable Auto Re-Order,تمكين إعادة الطلب التلقائي,
End Date of Agreement can't be less than today.,لا يمكن أن يكون تاريخ انتهاء الاتفاقية أقل من اليوم.,
End Time,وقت الانتهاء,
Energy Point Leaderboard,المتصدرين نقطة الطاقة,
Enter API key in Google Settings.,أدخل مفتاح API في إعدادات Google.,
Enter Supplier,أدخل المورد,
Enter Value,أدخل القيمة,
Entity Type,نوع الكيان,
Error,خطأ,
Error in Exotel incoming call,خطأ في Exotel مكالمة واردة,
Error: {0} is mandatory field,الخطأ: {0} هو حقل إلزامي,
Event Link,رابط الحدث,
Exception occurred while reconciling {0},حدث استثناء أثناء التوفيق {0},
Expected and Discharge dates cannot be less than Admission Schedule date,لا يمكن أن تكون التواريخ المتوقعة والتفريغ أقل من تاريخ جدول القبول,
Expire Allocation,انتهاء صلاحية التخصيص,
Expired,انتهى,
Export,تصدير,
Export not allowed. You need {0} role to export.,الصادرات غير مسموح به. تحتاج {0} صلاحية التصدير.,
Failed to add Domain,فشل في اضافة النطاق,
Fetch Items from Warehouse,جلب العناصر من المستودع,
Fetching...,استيراد ...,
Field,الحقل,
File Manager,مدير الملفات,
Filters,فلاتر,
Finding linked payments,العثور على المدفوعات المرتبطة,
Finished Product,منتج منتهي,
Finished Qty,الانتهاء من الكمية,
Fleet Management,إدارة المركبات,
Following fields are mandatory to create address:,الحقول التالية إلزامية لإنشاء العنوان:,
For Month,لمدة شهر,
"For item {0} at row {1}, count of serial numbers does not match with the picked quantity",بالنسبة للعنصر {0} في الصف {1} ، لا يتطابق عدد الأرقام التسلسلية مع الكمية المنتقاة,
For operation {0}: Quantity ({1}) can not be greter than pending quantity({2}),للتشغيل {0}: لا يمكن أن تكون الكمية ({1}) أكثر دقة من الكمية المعلقة ({2}),
For quantity {0} should not be greater than work order quantity {1},للكمية {0} يجب ألا تكون أكبر من كمية أمر العمل {1},
Free item not set in the pricing rule {0},عنصر حر غير مضبوط في قاعدة التسعير {0},
From Date and To Date are Mandatory,من تاريخ وتاريخ إلزامي,
From date can not be greater than than To date,من تاريخ لا يمكن أن يكون أكبر من إلى,
From employee is required while receiving Asset {0} to a target location,من الموظف مطلوب أثناء استلام الأصول {0} إلى الموقع المستهدف,
Fuel Expense,حساب الوقود,
Future Payment Amount,مبلغ الدفع المستقبلي,
Future Payment Ref,الدفع في المستقبل المرجع,
Future Payments,المدفوعات المستقبلية,
GST HSN Code does not exist for one or more items,رمز GST HSN غير موجود لعنصر واحد أو أكثر,
Generate E-Way Bill JSON,توليد بيل الطريق الإلكترونية جسون,
Get Items,احصل على البنود,
Get Outstanding Documents,الحصول على الوثائق المعلقة,
Goal,الهدف,
Greater Than Amount,أكبر من المبلغ,
Green,أخضر,
Group,مجموعة,
Group By Customer,المجموعة حسب العميل,
Group By Supplier,المجموعة حسب المورد,
Group Node,عقدة المجموعة,
Group Warehouses cannot be used in transactions. Please change the value of {0},لا يمكن استخدام مستودعات المجموعة في المعاملات. يرجى تغيير قيمة {0},
Help,مساعدة,
Help Article,صفحة المساعدة,
"Helps you keep tracks of Contracts based on Supplier, Customer and Employee",يساعدك على الحفاظ على مسارات العقود على أساس المورد والعملاء والموظفين,
Helps you manage appointments with your leads,يساعدك على إدارة المواعيد مع خيوطك,
Home,الصفحة الرئيسية,
IBAN is not valid,رقم الحساب البنكي الدولي غير صحيح,
Import Data from CSV / Excel files.,استيراد البيانات من ملفات CSV / Excel.,
In Progress,في تقدم,
Incoming call from {0},مكالمة واردة من {0},
Incorrect Warehouse,مستودع غير صحيح,
Interest Amount is mandatory,مبلغ الفائدة إلزامي,
Intermediate,متوسط,
Invalid Barcode. There is no Item attached to this barcode.,الباركود غير صحيح. لا يوجد عنصر مرفق بهذا الرمز الشريطي.,
Invalid credentials,بيانات الاعتماد غير صحيحة,
Invite as User,دعوة كمستخدم,
Issue Priority.,أولوية الإصدار.,
Issue Type.,نوع البلاغ.,
"It seems that there is an issue with the server's stripe configuration. In case of failure, the amount will get refunded to your account.",يبدو أن هناك مشكلة في تكوين شريطية للخادم. في حالة الفشل ، سيتم رد المبلغ إلى حسابك.,
Item Reported,الصنف المبلغ عنها,
Item listing removed,إزالة عنصر القائمة,
Item quantity can not be zero,كمية الصنف لا يمكن أن يكون صفرا,
Item taxes updated,تحديث بند الضرائب,
Item {0}: {1} qty produced. ,العنصر {0}: {1} الكمية المنتجة.,
Items are required to pull the raw materials which is associated with it.,العناصر مطلوبة لسحب المواد الخام المرتبطة بها.,
Joining Date can not be greater than Leaving Date,تاريخ الانضمام لا يمكن أن يكون أكبر من تاريخ المغادرة,
Lab Test Item {0} already exist,عنصر الاختبار المعملي {0} موجود بالفعل,
Last Issue,المسألة الأخيرة,
Latest Age,مرحلة متأخرة,
Leave application is linked with leave allocations {0}. Leave application cannot be set as leave without pay,إجازة التطبيق مرتبطة بمخصصات الإجازة {0}. لا يمكن تعيين طلب الإجازة كإجازة بدون أجر,
Leaves Taken,الاجازات اتخذت,
Less Than Amount,أقل من المبلغ,
Liabilities,المطلوبات,
Loading...,تحميل ...,
Loan Amount exceeds maximum loan amount of {0} as per proposed securities,يتجاوز مبلغ القرض الحد الأقصى لمبلغ القرض {0} وفقًا للأوراق المالية المقترحة,
Loan Applications from customers and employees.,طلبات القروض من العملاء والموظفين.,
Loan Disbursement,صرف قرض,
Loan Processes,عمليات القرض,
Loan Security,ضمان القرض,
Loan Security Pledge,رهن ضمان القرض,
Loan Security Pledge Company and Loan Company must be same,يجب أن تكون شركة تعهد قرض التأمين وشركة القرض هي نفسها,
Loan Security Pledge Created : {0},تعهد ضمان القرض: {0},
Loan Security Pledge already pledged against loan {0},تعهد ضمان القرض تعهد بالفعل مقابل قرض {0},
Loan Security Pledge is mandatory for secured loan,تعهد ضمان القرض إلزامي للحصول على قرض مضمون,
Loan Security Price,سعر ضمان القرض,
Loan Security Price overlapping with {0},سعر ضمان القرض متداخل مع {0},
Loan Security Unpledge,ارجاع ضمان القرض,
Loan Security Value,قيمة ضمان القرض,
Loan Type for interest and penalty rates,نوع القرض لأسعار الفائدة والعقوبة,
Loan amount cannot be greater than {0},لا يمكن أن يكون مبلغ القرض أكبر من {0},
Loan is mandatory,القرض إلزامي,
Loans,القروض,
Loans provided to customers and employees.,القروض المقدمة للعملاء والموظفين.,
Location,الموقع,
Log Type is required for check-ins falling in the shift: {0}.,نوع السجل مطلوب لتسجيلات الدخول في فترة الدوام: {0}.,
Looks like someone sent you to an incomplete URL. Please ask them to look into it.,يبدو مثل شخص أرسل لك إلى عنوان URL غير مكتمل. من فضلك اطلب منهم للنظر في ذلك.,
Make Journal Entry,اعداد إدخال دفتر اليومية,
Make Purchase Invoice,إنشاء فاتورة شراء,
Manufactured,المصنعة,
Mark Work From Home,حدد العمل من المنزل,
Master,السيد,
Max strength cannot be less than zero.,أقصى قوة لا يمكن أن يكون أقل من الصفر.,
Maximum attempts for this quiz reached!,وصلت محاولات الحد الأقصى لهذا الاختبار!,
Message,رسالة,
Missing Values Required,قيم مفقودة مطلوبة,
Mobile No,رقم الجوال,
Mobile Number,رقم الهاتف المحمول,
Month,الشهر,
Name,الاسم,
Near you,بالقرب منك,
Net Profit/Loss,صافي الربح (الخسارة,
New Expense,مصروف جديد,
New Invoice,فاتورة جديدة,
New Payment,دفع جديد,
New release date should be in the future,يجب أن يكون تاريخ الإصدار الجديد في المستقبل,
Newsletter,النشرة الإخبارية,
No Account matched these filters: {},لا يوجد حساب مطابق لهذه الفلاتر: {},
No Employee found for the given employee field value. '{}': {},لم يتم العثور على موظف لقيمة حقل الموظف المحدد. &#39;{}&#39;: {},
No Leaves Allocated to Employee: {0} for Leave Type: {1},لا أوراق مخصصة للموظف: {0} لنوع الإجازة: {1},
No communication found.,لا يوجد اتصال.,
No correct answer is set for {0},لم يتم تحديد إجابة صحيحة لـ {0},
No description,بدون وصف,
No issue has been raised by the caller.,لم يتم طرح مشكلة من قبل المتصل.,
No items to publish,لا توجد عناصر للنشر,
No outstanding invoices found,لم يتم العثور على فواتير معلقة,
No outstanding invoices found for the {0} {1} which qualify the filters you have specified.,لم يتم العثور على فواتير معلقة لـ {0} {1} والتي تؤهل المرشحات التي حددتها.,
No outstanding invoices require exchange rate revaluation,لا تتطلب الفواتير المستحقة إعادة تقييم سعر الصرف,
No reviews yet,لا توجد تعليقات حتى الآن,
No views yet,لا يوجد عرض حتى الآن,
Non stock items,البنود غير الأسهم,
Not Allowed,غير مسموح,
Not allowed to create accounting dimension for {0},غير مسموح بإنشاء بعد محاسبي لـ {0},
Not permitted. Please disable the Lab Test Template,غير مسموح به. يرجى تعطيل قالب الاختبار المعملي,
Note,ملاحظات,
Notes: ,الملاحظات :,
Offline,غير متصل بالنظام,
On Converting Opportunity,حول تحويل الفرص,
On Purchase Order Submission,عند تقديم طلب الشراء,
On Sales Order Submission,على تقديم طلب المبيعات,
On Task Completion,على إنجاز المهمة,
On {0} Creation,في {0} الإنشاء,
Only .csv and .xlsx files are supported currently,فقط ملفات .csv و .xlsx مدعومة حاليًا,
Only expired allocation can be cancelled,يمكن فقط إلغاء التخصيص المنتهي,
Only users with the {0} role can create backdated leave applications,يمكن فقط للمستخدمين الذين لديهم دور {0} إنشاء تطبيقات إجازة متأخرة,
Open,فتح,
Open Contact,فتح الاتصال,
Open Lead,فتح الرصاص,
Opening and Closing,افتتاح واختتام,
Operating Cost as per Work Order / BOM,تكلفة التشغيل حسب أمر العمل / BOM,
Order Amount,كمية الطلب,
Page {0} of {1},الصفحة {0} من {1},
Paid amount cannot be less than {0},لا يمكن أن يكون المبلغ المدفوع أقل من {0},
Parent Company must be a group company,يجب أن تكون الشركة الأم شركة مجموعة,
Passing Score value should be between 0 and 100,يجب أن تتراوح قيمة النجاح بين 0 و 100,
Password policy cannot contain spaces or simultaneous hyphens. The format will be restructured automatically,لا يمكن أن تحتوي سياسة كلمة المرور على مسافات أو واصلات متزامنة. سيتم إعادة هيكلة التنسيق تلقائيًا,
Patient History,تاريخ المريض,
Pause,وقفة,
Pay,دفع,
Payment Document Type,نوع وثيقة الدفع,
Payment Name,اسم الدفع,
Penalty Amount,مبلغ العقوبة,
Pending,معلق,
Performance,أداء,
Period based On,فترة بناء على,
Perpetual inventory required for the company {0} to view this report.,المخزون الدائم المطلوب للشركة {0} لمشاهدة هذا التقرير.,
Phone,هاتف,
Pick List,قائمة الانتقاء,
Plaid authentication error,خطأ مصادقة منقوشة,
Plaid public token error,خطأ رمزي عام منقوش,
Plaid transactions sync error,خطأ في مزامنة المعاملات المنقوشة,
Please check the error log for details about the import errors,الرجاء التحقق من سجل الأخطاء للحصول على تفاصيل حول أخطاء الاستيراد,
Please click on the following link to set your new password,الرجاء الضغط على الرابط التالي لتعيين كلمة المرور الجديدة,
Please create <b>DATEV Settings</b> for Company <b>{}</b>.,الرجاء إنشاء <b>إعدادات DATEV</b> للشركة <b>{}</b> .,
Please create adjustment Journal Entry for amount {0} ,الرجاء إنشاء تعديل إدخال دفتر اليومية للمبلغ {0},
Please do not create more than 500 items at a time,يرجى عدم إنشاء أكثر من 500 عنصر في وقت واحد,
Please enter <b>Difference Account</b> or set default <b>Stock Adjustment Account</b> for company {0},الرجاء إدخال <b>حساب الفرق</b> أو تعيين <b>حساب تسوية المخزون</b> الافتراضي للشركة {0},
Please enter GSTIN and state for the Company Address {0},يرجى إدخال GSTIN والدولة لعنوان الشركة {0},
Please enter Item Code to get item taxes,الرجاء إدخال رمز العنصر للحصول على ضرائب العنصر,
Please enter Warehouse and Date,الرجاء إدخال المستودع والتاريخ,
Please enter coupon code !!,الرجاء إدخال رمز القسيمة !!,
Please enter the designation,الرجاء إدخال التسمية,
Please enter valid coupon code !!,الرجاء إدخال رمز القسيمة صحيح!,
Please login as a Marketplace User to edit this item.,الرجاء تسجيل الدخول كمستخدم Marketplace لتعديل هذا العنصر.,
Please login as a Marketplace User to report this item.,يرجى تسجيل الدخول كمستخدم Marketplace للإبلاغ عن هذا العنصر.,
Please select <b>Template Type</b> to download template,يرجى تحديد <b>نوع</b> القالب لتنزيل القالب,
Please select Applicant Type first,يرجى اختيار نوع مقدم الطلب أولاً,
Please select Customer first,يرجى اختيار العميل أولا,
Please select Item Code first,يرجى اختيار رمز الصنف أولاً,
Please select Loan Type for company {0},يرجى اختيار نوع القرض للشركة {0},
Please select a Delivery Note,يرجى اختيار مذكرة التسليم,
Please select a Sales Person for item: {0},يرجى اختيار مندوب مبيعات للعنصر: {0},
Please select another payment method. Stripe does not support transactions in currency '{0}',يرجى تحديد طريقة دفع أخرى. Stripe لا يدعم المعاملات بالعملة '{0}',
Please select the customer.,يرجى اختيار العميل.,
Please set a Supplier against the Items to be considered in the Purchase Order.,يرجى تعيين مورد مقابل العناصر التي يجب مراعاتها في أمر الشراء.,
Please set account heads in GST Settings for Compnay {0},يرجى ضبط رؤساء الحسابات في إعدادات GST لـ Compnay {0},
Please set an email id for the Lead {0},يرجى تعيين معرف بريد إلكتروني لل Lead {0},
Please set default UOM in Stock Settings,يرجى تعيين الافتراضي UOM في إعدادات الأسهم,
Please set filter based on Item or Warehouse due to a large amount of entries.,يرجى ضبط عامل التصفية على أساس العنصر أو المستودع بسبب كمية كبيرة من الإدخالات.,
Please set up the Campaign Schedule in the Campaign {0},يرجى إعداد جدول الحملة في الحملة {0},
Please set valid GSTIN No. in Company Address for company {0},يرجى تعيين رقم GSTIN صحيح في عنوان الشركة للشركة {0},
Please set {0},الرجاء إدخال {0}\n<br>\nPlease set {0},customer
Please setup a default bank account for company {0},يرجى إعداد حساب بنكي افتراضي للشركة {0},
Please specify,رجاء حدد,
Please specify a {0},الرجاء تحديد {0},lead
Pledge Status,حالة التعهد,
Pledge Time,وقت التعهد,
Printing,طباعة,
Priority,الأولوية,
Priority has been changed to {0}.,تم تغيير الأولوية إلى {0}.,
Priority {0} has been repeated.,تم تكرار الأولوية {0}.,
Processing XML Files,معالجة ملفات XML,
Profitability,الربحية,
Project,المشروع,
Proposed Pledges are mandatory for secured Loans,التعهدات المقترحة إلزامية للقروض المضمونة,
Provide the academic year and set the starting and ending date.,تقديم السنة الدراسية وتحديد تاريخ البداية والنهاية.,
Public token is missing for this bank,الرمز العام مفقود لهذا البنك,
Publish,نشر,
Publish 1 Item,نشر عنصر واحد,
Publish Items,نشر العناصر,
Publish More Items,نشر المزيد من العناصر,
Publish Your First Items,نشر العناصر الأولى الخاصة بك,
Publish {0} Items,نشر عناصر {0},
Published Items,العناصر المنشورة,
Purchase Invoice cannot be made against an existing asset {0},لا يمكن إجراء فاتورة الشراء مقابل أصل موجود {0},
Purchase Invoices,فواتير الشراء,
Purchase Orders,طلبات الشراء,
Purchase Receipt doesn't have any Item for which Retain Sample is enabled.,لا يحتوي إيصال الشراء على أي صنف تم تمكين الاحتفاظ عينة به.,
Purchase Return,شراء العودة,
Qty of Finished Goods Item,الكمية من السلع تامة الصنع,
Qty or Amount is mandatroy for loan security,الكمية أو المبلغ هو mandatroy لضمان القرض,
Quality Inspection required for Item {0} to submit,فحص الجودة مطلوب للصنف {0} لتقديمه,
Quantity to Manufacture,كمية لتصنيع,
Quantity to Manufacture can not be zero for the operation {0},لا يمكن أن تكون الكمية للتصنيع صفراً للتشغيل {0},
Quarterly,فصلي,
Queued,قائمة الانتظار,
Quick Entry,إدخال سريع,
Quiz {0} does not exist,المسابقة {0} غير موجودة,
Quotation Amount,كمية العرض سعر,
Rate or Discount is required for the price discount.,السعر أو الخصم مطلوب لخصم السعر.,
Reason,السبب,
Reconcile Entries,التوفيق بين المدخلات,
Reconcile this account,التوفيق بين هذا الحساب,
Reconciled,فرضت عليه,
Recruitment,التوظيف,
Red,أحمر,
Refreshing,جاري التحديث,
Release date must be in the future,يجب أن يكون تاريخ الإصدار في المستقبل,
Relieving Date must be greater than or equal to Date of Joining,يجب أن يكون تاريخ التخفيف أكبر من أو يساوي تاريخ الانضمام,
Rename,إعادة تسمية,
Rename Not Allowed,إعادة تسمية غير مسموح به,
Repayment Method is mandatory for term loans,طريقة السداد إلزامية للقروض لأجل,
Repayment Start Date is mandatory for term loans,تاريخ بدء السداد إلزامي للقروض لأجل,
Report Item,بلغ عن شيء,
Report this Item,الإبلاغ عن هذا الصنف,
Reserved Qty for Subcontract: Raw materials quantity to make subcontracted items.,الكمية المحجوزة للعقد من الباطن: كمية المواد الخام اللازمة لصنع سلع من الباطن.,
Reset,إعادة تعيين,
Reset Service Level Agreement,إعادة ضبط اتفاقية مستوى الخدمة,
Resetting Service Level Agreement.,إعادة ضبط اتفاقية مستوى الخدمة.,
Response Time for {0} at index {1} can't be greater than Resolution Time.,لا يمكن أن يكون زمن الاستجابة لـ {0} في الفهرس {1} أكبر من وقت الدقة.,
Return amount cannot be greater unclaimed amount,لا يمكن أن يكون مبلغ الإرجاع أكبر من المبلغ غير المطالب به,
Review,إعادة النظر,
Room,قاعة,
Room Type,نوع الغرفة,
Row # ,الصف #,
Row #{0}: Accepted Warehouse and Supplier Warehouse cannot be same,الصف # {0}: لا يمكن أن يكون المستودع المقبوض ومستودع الموردين متماثلين,
Row #{0}: Cannot delete item {1} which has already been billed.,الصف # {0}: لا يمكن حذف الصنف {1} الذي تم تحرير فاتورة به بالفعل.,
Row #{0}: Cannot delete item {1} which has already been delivered,الصف # {0}: لا يمكن حذف الصنف {1} الذي تم تسليمه بالفعل,
Row #{0}: Cannot delete item {1} which has already been received,الصف # {0}: لا يمكن حذف الصنف {1} الذي تم استلامه بالفعل,
Row #{0}: Cannot delete item {1} which has work order assigned to it.,الصف # {0}: لا يمكن حذف الصنف {1} الذي تم تعيين ترتيب العمل إليه.,
Row #{0}: Cannot delete item {1} which is assigned to customer's purchase order.,الصف # {0}: لا يمكن حذف الصنف {1} الذي تم تعيينه لأمر شراء العميل.,
Row #{0}: Cannot select Supplier Warehouse while suppling raw materials to subcontractor,الصف # {0}: لا يمكن اختيار Warehouse Supplier أثناء توريد المواد الخام إلى المقاول من الباطن,
Row #{0}: Cost Center {1} does not belong to company {2},الصف # {0}: مركز التكلفة {1} لا ينتمي لشركة {2},
Row #{0}: Operation {1} is not completed for {2} qty of finished goods in Work Order {3}. Please update operation status via Job Card {4}.,الصف # {0}: العملية {1} لم تكتمل لـ {2} الكمية من السلع تامة الصنع في أمر العمل {3}. يرجى تحديث حالة التشغيل عبر بطاقة العمل {4}.,
Row #{0}: Payment document is required to complete the transaction,الصف # {0}: مطلوب وثيقة الدفع لإكمال الاجراء النهائي\n<br>\nRow #{0}: Payment document is required to complete the transaction,
Row #{0}: Serial No {1} does not belong to Batch {2},الصف # {0}: الرقم التسلسلي {1} لا ينتمي إلى الدُفعة {2},
Row #{0}: Service End Date cannot be before Invoice Posting Date,الصف # {0}: لا يمكن أن يكون تاريخ انتهاء الخدمة قبل تاريخ ترحيل الفاتورة,
Row #{0}: Service Start Date cannot be greater than Service End Date,الصف # {0}: لا يمكن أن يكون تاريخ بدء الخدمة أكبر من تاريخ انتهاء الخدمة,
Row #{0}: Service Start and End Date is required for deferred accounting,الصف # {0}: مطلوب بداية وتاريخ انتهاء الخدمة للمحاسبة المؤجلة,
Row {0}: Invalid Item Tax Template for item {1},الصف {0}: قالب ضريبة الصنف غير صحيح للصنف {1},
Row {0}: Quantity not available for {4} in warehouse {1} at posting time of the entry ({2} {3}),الصف {0}: الكمية غير متوفرة {4} في المستودع {1} في وقت نشر الإدخال ({2} {3}),
Row {0}: user has not applied the rule {1} on the item {2},الصف {0}: لم يطبق المستخدم القاعدة {1} على الصنف {2},
Row {0}:Sibling Date of Birth cannot be greater than today.,الصف {0}: لا يمكن أن يكون تاريخ ميلاد الأخوة أكبر من اليوم.,
Row({0}): {1} is already discounted in {2},الصف ({0}): {1} مخصوم بالفعل في {2},
Rows Added in {0},تمت إضافة الصفوف في {0},
Rows Removed in {0},تمت إزالة الصفوف في {0},
Sanctioned Amount limit crossed for {0} {1},تم تجاوز حد المبلغ المعتمد لـ {0} {1},
Sanctioned Loan Amount already exists for {0} against company {1},مبلغ القرض المعتمد موجود بالفعل لـ {0} ضد الشركة {1},
Save,حفظ,
Save Item,حفظ الصنف,
Saved Items,العناصر المحفوظة,
Scheduled and Admitted dates can not be less than today,لا يمكن أن تكون التواريخ المجدولة والمقبولة أقل من اليوم,
Search Items ...,البحث عن العناصر ...,
Search for a payment,البحث عن الدفع,
Search for anything ...,البحث عن أي شيء ...,
Search results for,نتائج البحث عن,
Select All,تحديد الكل,
Select Difference Account,حدد حساب الفرق,
Select a Default Priority.,حدد أولوية افتراضية.,
Select a Supplier from the Default Supplier List of the items below.,حدد موردًا من قائمة الموردين الافتراضية للعناصر أدناه.,
Select a company,اختر شركة,
Select finance book for the item {0} at row {1},حدد دفتر تمويل للصنف {0} في الصف {1},
Select only one Priority as Default.,حدد أولوية واحدة فقط كإعداد افتراضي.,
Seller Information,معلومات البائع,
Send,إرسال,
Send a message,ارسل رسالة,
Sending,إرسال,
Sends Mails to lead or contact based on a Campaign schedule,يرسل رسائل إلى الرصاص أو الاتصال بناءً على جدول الحملة,
Serial Number Created,الرقم التسلسلي مكون,
Serial Numbers Created,الأرقام التسلسلية التي تم إنشاؤها,
Serial no(s) required for serialized item {0},الرقم التسلسلي (العناصر) المطلوبة للصنف التسلسلي {0},
Series,سلسلة التسمية,
Server Error,خطأ في الخادم,
Service Level Agreement has been changed to {0}.,تم تغيير اتفاقية مستوى الخدمة إلى {0}.,
Service Level Agreement tracking is not enabled.,لم يتم تمكين تتبع اتفاقية مستوى الخدمة.,
Service Level Agreement was reset.,تمت إعادة ضبط اتفاقية مستوى الخدمة.,
Service Level Agreement with Entity Type {0} and Entity {1} already exists.,اتفاقية مستوى الخدمة مع نوع الكيان {0} والكيان {1} موجودة بالفعل.,
Set,مجموعة,
Set Meta Tags,تعيين العلامات الفوقية,
Set Response Time and Resolution for Priority {0} at index {1}.,اضبط وقت الاستجابة ودقة الأولوية {0} في الفهرس {1}.,
Set {0} in company {1},قم بتعيين {0} في الشركة {1},
Setup,الإعدادات,
Setup Wizard,معالج الإعدادات,
Shift Management,إدارة الشيفت,
Show Future Payments,إظهار المدفوعات المستقبلية,
Show Linked Delivery Notes,إظهار ملاحظات التسليم المرتبطة,
Show Sales Person,عرض مندوب المبيعات,
Show Stock Ageing Data,عرض  أعمار المخزون,
Show Warehouse-wise Stock,عرض المستودع الحكيمة,
Size,الحجم,
Something went wrong while evaluating the quiz.,حدث خطأ ما أثناء تقييم الاختبار.,
"Sorry,coupon code are exhausted",عذرا ، رمز الكوبون مستنفد,
"Sorry,coupon code validity has expired",عفوًا ، انتهت صلاحية صلاحية رمز القسيمة,
"Sorry,coupon code validity has not started",عذرًا ، لم تبدأ صلاحية رمز القسيمة,
Sr,Sr,
Start,بداية,
Start Date cannot be before the current date,لا يمكن أن يكون تاريخ البدء قبل التاريخ الحالي,
Start Time,بداية الوقت,
Status,الحالة,
Status must be Cancelled or Completed,يجب إلغاء الحالة أو إكمالها,
Stock Balance Report,تقرير رصيد المخزون,
Stock Entry has been already created against this Pick List,تم إنشاء إدخال الأسهم بالفعل مقابل قائمة الاختيار هذه,
Stock Ledger ID,معرف دفتر الأستاذ,
Stock Value ({0}) and Account Balance ({1}) are out of sync for account {2} and it's linked warehouses.,قيمة الأسهم ({0}) ورصيد الحساب ({1}) غير متزامنين للحساب {2} والمستودعات المرتبطة به.,
Stores - {0},المتاجر - {0},
Student with email {0} does not exist,الطالب مع البريد الإلكتروني {0} غير موجود,
Submit Review,إرسال مراجعة,
Submitted,مسجلة,
Supplier Addresses And Contacts,عناوين الموردين وجهات الاتصال,
Synchronize this account,مزامنة هذا الحساب,
Tag,بطاقة شعار,
Target Location is required while receiving Asset {0} from an employee,الموقع المستهدف مطلوب أثناء استلام الأصول {0} من موظف,
Target Location is required while transferring Asset {0},الموقع المستهدف مطلوب أثناء نقل الأصول {0},
Target Location or To Employee is required while receiving Asset {0},الموقع المستهدف أو الموظف مطلوب أثناء استلام الأصول {0},
Task's {0} End Date cannot be after Project's End Date.,لا يمكن أن يكون تاريخ انتهاء المهمة {0} بعد تاريخ انتهاء المشروع.,
Task's {0} Start Date cannot be after Project's End Date.,لا يمكن أن يكون تاريخ بدء المهمة {0} بعد تاريخ انتهاء المشروع.,
Tax Account not specified for Shopify Tax {0},حساب الضريبة غير محدد لضريبة Shopify {0},
Tax Total,مجموع الضرائب,
Template,قالب,
The Campaign '{0}' already exists for the {1} '{2}',الحملة &#39;{0}&#39; موجودة بالفعل لـ {1} &#39;{2}&#39;,
The difference between from time and To Time must be a multiple of Appointment,يجب أن يكون الفرق بين الوقت والوقت مضاعفاً في المواعيد,
The field Asset Account cannot be blank,لا يمكن أن يكون حقل الأصول حساب فارغًا,
The field Equity/Liability Account cannot be blank,لا يمكن أن يكون حساب حقوق الملكية / المسؤولية فارغًا,
The following serial numbers were created: <br><br> {0},تم إنشاء الأرقام التسلسلية التالية: <br><br> {0},
The parent account {0} does not exists in the uploaded template,الحساب الأصل {0} غير موجود في القالب الذي تم تحميله,
The question cannot be duplicate,لا يمكن أن يكون السؤال مكررًا,
The selected payment entry should be linked with a creditor bank transaction,يجب ربط إدخال الدفع المحدد بمعاملة بنكية للدائنين,
The selected payment entry should be linked with a debtor bank transaction,يجب ربط إدخال الدفع المحدد بمعاملة بنكية للمدين,
The total allocated amount ({0}) is greated than the paid amount ({1}).,إجمالي المبلغ المخصص ({0}) أكبر من المبلغ المدفوع ({1}).,
The value {0} is already assigned to an exisiting Item {2}.,تم تعيين القيمة {0} بالفعل إلى صنف موجود {2}.,
There are no vacancies under staffing plan {0},لا توجد وظائف شاغرة في إطار خطة التوظيف {0},
This Service Level Agreement is specific to Customer {0},اتفاقية مستوى الخدمة هذه تخص العميل {0},
This action will unlink this account from any external service integrating ERPNext with your bank accounts. It cannot be undone. Are you certain ?,سيؤدي هذا الإجراء إلى إلغاء ربط هذا الحساب بأي خدمة خارجية تدمج ERPNext مع حساباتك البنكية. لا يمكن التراجع. هل أنت متأكد؟,
This bank account is already synchronized,هذا الحساب البنكي متزامن بالفعل,
This bank transaction is already fully reconciled,تمت تسوية هذه الصفقة البنكية بالفعل بالكامل,
This employee already has a log with the same timestamp.{0},هذا الموظف لديه بالفعل سجل بنفس الطابع الزمني. {0},
This page keeps track of items you want to buy from sellers.,تتبع هذه الصفحة العناصر التي ترغب في شرائها من البائعين.,
This page keeps track of your items in which buyers have showed some interest.,تتبع هذه الصفحة البنود الخاصة بك والتي أبدى فيها بعض المشترين اهتمامًا.,
Thursday,الخميس,
Timing,توقيت,
Title,العنوان,
"To allow over billing, update ""Over Billing Allowance"" in Accounts Settings or the Item.",للسماح بزيادة الفواتير ، حدّث &quot;Over Billing Allowance&quot; في إعدادات الحسابات أو الصنف.,
"To allow over receipt / delivery, update ""Over Receipt/Delivery Allowance"" in Stock Settings or the Item.",للسماح بوصول الاستلام / التسليم ، قم بتحديث &quot;الإفراط في الاستلام / بدل التسليم&quot; في إعدادات المخزون أو الصنف.,
To date needs to be before from date,حتى الآن يجب أن يكون قبل من تاريخ,
Total,الاجمالي غير شامل الضريبة,
Total Early Exits,إجمالي المخارج المبكرة,
Total Late Entries,مجموع الإدخالات المتأخرة,
Total Payment Request amount cannot be greater than {0} amount,لا يمكن أن يكون إجمالي مبلغ طلب الدفع أكبر من {0} المبلغ,
Total payments amount can't be greater than {},لا يمكن أن يكون إجمالي المدفوعات أكبر من {},
Totals,المجموع الكلي,
Training Event:,حدث التدريب:,
Transactions already retreived from the statement,المعاملات استرجعت بالفعل من البيان,
Transfer Material to Supplier,نقل المواد إلى المورد,
Transport Receipt No and Date are mandatory for your chosen Mode of Transport,إيصال النقل رقم وتاريخ إلزامي لطريقة النقل التي اخترتها,
Tuesday,الثلاثاء,
Type,النوع,
Unable to find Salary Component {0},يتعذر العثور على مكون الراتب {0},
Unable to find the time slot in the next {0} days for the operation {1}.,يتعذر العثور على الفاصل الزمني في الأيام {0} التالية للعملية {1}.,
Unable to update remote activity,غير قادر على تحديث النشاط عن بعد,
Unknown Caller,غير معروف المتصل,
Unlink external integrations,إلغاء ربط التكامل الخارجي,
Unmarked Attendance for days,الحضور بدون علامات لعدة أيام,
Unpublish Item,صنف غير منشور,
Unreconciled,لم تتم تسويتها,
Unsupported GST Category for E-Way Bill JSON generation,فئة GST غير مدعومة لتوليد Bill JSON الإلكتروني,
Update,تحديث,
Update Details,تحديث التفاصيل,
Update Taxes for Items,تحديث الضرائب للعناصر,
"Upload a bank statement, link or reconcile a bank account",قم بتحميل كشف حساب بنكي أو ربط أو تسوية حساب بنكي,
Upload a statement,تحميل بيان,
Use a name that is different from previous project name,استخدم اسمًا مختلفًا عن اسم المشروع السابق,
User {0} is disabled,المستخدم {0} تم تعطيل,
Users and Permissions,المستخدمين والصلاحيات,
Vacancies cannot be lower than the current openings,لا يمكن أن تكون الوظائف الشاغرة أقل من الفتحات الحالية,
Valid From Time must be lesser than Valid Upto Time.,يجب أن يكون &quot;صحيح من الوقت&quot; أقل من &quot;وقت صلاحية صحيح&quot;.,
Valuation Rate required for Item {0} at row {1},معدل التقييم مطلوب للصنف {0} في الصف {1},
"Valuation rate not found for the Item {0}, which is required to do accounting entries for {1} {2}. If the item is transacting as a zero valuation rate item in the {1}, please mention that in the {1} Item table. Otherwise, please create an incoming stock transaction for the item or mention valuation rate in the Item record, and then try submiting / cancelling this entry.",لم يتم العثور على معدل التقييم للصنف {0} ، وهو مطلوب لإجراء إدخالات محاسبية {1} {2}. إذا كان الصنف يتعامل كصنف معدل تقييم صفري في {1} ، فيرجى ذكر ذلك في جدول {1} صنف. بخلاف ذلك ، يرجى إنشاء معاملة أسهم واردة للصنف أو ذكر معدل التقييم في سجل الصنف ، ثم حاول إرسال / إلغاء هذا الإدخال.,
Values Out Of Sync,القيم خارج المزامنة,
Vehicle Type is required if Mode of Transport is Road,نوع الآلية مطلوب إذا كان وضع النقل هو الطريق,
Vendor Name,اسم البائع,
Verify Email,التحقق من البريد الإلكتروني,
View,عرض,
View all issues from {0},عرض جميع المشكلات من {0},
View call log,عرض سجل المكالمات,
Warehouse,المستودعات,
Warehouse not found against the account {0},لم يتم العثور على المستودع مقابل الحساب {0},
Welcome to {0},أهلا وسهلا بك إلى {0},
Why do think this Item should be removed?,لماذا تعتقد أنه يجب إزالة هذا الصنف؟,
Work Order {0}: Job Card not found for the operation {1},أمر العمل {0}: لم يتم العثور على بطاقة المهمة للعملية {1},
Workday {0} has been repeated.,تم تكرار يوم العمل {0}.,
XML Files Processed,ملفات XML المعالجة,
Year,عام,
Yearly,سنويا,
You,أنت,
You are not allowed to enroll for this course,غير مسموح لك بالتسجيل في هذه الدورة,
You are not enrolled in program {0},أنت غير مسجل في البرنامج {0},
You can Feature upto 8 items.,يمكنك ميزة تصل إلى 8 عناصر.,
You can also copy-paste this link in your browser,يمكنك أيضا نسخ - لصق هذا الرابط في متصفحك,
You can publish upto 200 items.,يمكنك نشر ما يصل إلى 200 صنف.,
You can't create accounting entries in the closed accounting period {0},لا يمكنك تكوين ادخالات محاسبة في فترة المحاسبة المغلقة {0},
You have to enable auto re-order in Stock Settings to maintain re-order levels.,يجب عليك تمكين الطلب التلقائي في إعدادات الأسهم للحفاظ على مستويات إعادة الطلب.,
You must be a registered supplier to generate e-Way Bill,يجب أن تكون موردًا مسجلاً لإنشاء فاتورة e-Way,
You need to login as a Marketplace User before you can add any reviews.,تحتاج إلى تسجيل الدخول كمستخدم Marketplace قبل أن تتمكن من إضافة أي مراجعات.,
Your Featured Items,العناصر المميزة الخاصة بك,
Your Items,البنود الخاصة بك,
Your Profile,ملفك الشخصي,
Your rating:,تقييمك:,
Zero qty of {0} pledged against loan {0},صفر الكمية من {0} مرهونة مقابل القرض {0},
and,و,
e-Way Bill already exists for this document,توجد فاتورة إلكترونية بالفعل لهذه الوثيقة,
woocommerce - {0},woocommerce - {0},
{0} Coupon used are {1}. Allowed quantity is exhausted,{0} القسيمة المستخدمة هي {1}. الكمية المسموح بها مستنفدة,
{0} Name,{0} الاسم,
{0} Operations: {1},{0} العمليات: {1},
{0} bank transaction(s) created,تم إنشاء {0} معاملة (معاملات) بنكية,
{0} bank transaction(s) created and {1} errors,{0} تم إنشاء معاملة (معاملات) بنكية وأخطاء {1},
{0} can not be greater than {1},{0} لا يمكن أن يكون أكبر من {1},
{0} conversations,{0} محادثات,
{0} is not a company bank account,{0} ليس حسابًا بنكيًا للشركة,
{0} is not a group node. Please select a group node as parent cost center,{0} ليست عقدة مجموعة. يرجى تحديد عقدة المجموعة كمركز تكلفة الأصل,
{0} is not the default supplier for any items.,{0} ليس المورد الافتراضي لأية عناصر.,
{0} is required,{0} مطلوب,
{0} units of {1} is not available.,{0} وحدات {1} غير متاحة.,
{0}: {1} must be less than {2},{0}: {1} يجب أن يكون أقل من {2},
{} is an invalid Attendance Status.,{} هي حالة حضور غير صحيحة.,
{} is required to generate E-Way Bill JSON,{} مطلوب لإنشاء E-Way Bill JSON,
"Invalid lost reason {0}, please create a new lost reason",سبب ضائع غير صحيح {0} ، يرجى إنشاء سبب ضائع جديد,
Profit This Year,الربح هذا العام,
Total Expense,المصاريف الكلية,
Total Expense This Year,إجمالي المصروفات هذا العام,
Total Income,إجمالي الدخل,
Total Income This Year,إجمالي الدخل هذا العام,
Barcode,الرمز الشريطي,
Center,مركز,
Clear,مسح,
Comment,تعليق,
Comments,تعليقات,
Download,تحميل,
Left,شمال,
Link,رابط - حلقة الوصل,
New,جديد,
Not Found,لم يتم العثور على,
Print,طباعة,
Reference Name,اسم المرجع,
Refresh,تحديث,
Success,نجاح,
Time,زمن,
Value,القيمة,
Actual,الفعلية,
Add to Cart,أضف إلى السلة,
Days Since Last Order,أيام منذ آخر طلب,
In Stock,متوفر في المخازن,
Loan Amount is mandatory,مبلغ القرض إلزامي,
Mode Of Payment,طريقة الدفع,
No students Found,لم يتم العثور على الطلاب,
Not in Stock,غير متوفر في المخازن,
Please select a Customer,يرجى تحديد العميل,
Printed On,طبع في,
Received From,مستلم من,
Sales Person,مندوب مبيعات,
To date cannot be before From date,(الى تاريخ) لا يمكن ان يكون قبل (من تاريخ),
Write Off,خصم,
{0} Created,تم إنشاء {0},
Email Id,البريد الإلكتروني,
No,لا,
Reference Doctype,مرجع Doctype,
User Id,تعريف المستخدم,
Yes,نعم,
Actual ,فعلي,
Add to cart,أضف إلى السلة,
Budget,الميزانية,
Chart Of Accounts Importer,اداة استيراد الدليل المحاسبي,
Chart of Accounts,الدليل المحاسبي,
Chart of Accounts ,الدليل المحاسبي,
Customer database.,قاعدة بيانات العملاء.,
Days Since Last order,الأيام منذ آخر طلب,
Download as JSON,تنزيل باسم Json,
End date can not be less than start date,تاريخ النهاية لا يمكن أن يكون اقل من تاريخ البدء\n<br>\nEnd Date can not be less than Start Date,
For Default Supplier (Optional),للمورد الافتراضي (اختياري),
From date cannot be greater than To date,(من تاريخ) لا يمكن أن يكون أكبر (الي التاريخ),
Get items from,الحصول على الأصناف من,
Group by,المجموعة حسب,
In stock,في المخزن,
Item name,اسم الصنف,
Loan amount is mandatory,مبلغ القرض إلزامي,
Minimum Qty,الكمية الدنيا,
More details,مزيد من التفاصيل,
Nature of Supplies,طبيعة الامدادات,
No Items found.,لم يتم العثور على العناصر.,
No employee found,لم يتم العثور على أي موظف\n<br>\nNo employee found,
No students found,لم يتم العثور على أي طلاب,
Not in stock,ليس في الأسهم,
Not permitted,غير مسموح به,
Open Issues ,البلاغات المفتوحة,
Open Projects ,مشاريع مفتوحة,
Open To Do ,فتح قائمة المهام,
Operation Id,معرف العملية,
Partially ordered,طلبت جزئيا,
Please select company first,الرجاء تحديد الشركة أولا\n<br>\nPlease select Company first,
Please select patient,يرجى تحديد المريض,
Printed On ,طبع على,
Projected qty,الكمية المتوقعة,
Sales person,مندوب المبيعات,
Serial No {0} Created,الرقم التسلسلي {0} تم انشاؤه,
Set as default,تعيين كافتراضي,
Source Location is required for the Asset {0},موقع المصدر مطلوب لمادة العرض {0},
Tax Id,الرقم الضريبي,
To Time,إلى وقت,
To date cannot be before from date,حقل [الى تاريخ] لا يمكن أن يكون أقل من حقل [من تاريخ]\n<br>\nTo date cannot be before from date,
Total Taxable value,إجمالي القيمة الخاضعة للضريبة,
Upcoming Calendar Events ,أحداث التقويم القادمة,
Value or Qty,القيمة أو الكمية,
Variance ,التباين,
Variant of,البديل من,
Write off,الخصم,
Write off Amount,مبلغ الخصم,
hours,الساعات,
received from,مستلم من,
to,إلى,
Cards,البطاقات,
Percentage,النسبة المئوية,
Failed to setup defaults for country {0}. Please contact support@erpnext.com,فشل في إعداد الإعدادات الافتراضية للبلد {0}. يرجى الاتصال support@erpnext.com,
Row #{0}: Item {1} is not a Serialized/Batched Item. It cannot have a Serial No/Batch No against it.,الصف # {0}: الصنف {1} ليس صنفا تسلسليًا / مُجمَّع. لا يمكن أن يكون له رقم تسلسلي / ولا دفعة مقابله.,
Please set {0},الرجاء تعيين {0},
Please set {0},الرجاء تعيين {0},supplier
Draft,مسودة,"docstatus,=,0"
Cancelled,ألغيت,"docstatus,=,2"
Please setup Instructor Naming System in Education > Education Settings,يرجى إعداد نظام تسمية المدرب في التعليم&gt; إعدادات التعليم,
Please set Naming Series for {0} via Setup > Settings > Naming Series,يرجى تعيين سلسلة التسمية لـ {0} عبر الإعداد&gt; الإعدادات&gt; سلسلة التسمية,
UOM Conversion factor ({0} -> {1}) not found for item: {2},معامل تحويل UOM ({0} -&gt; {1}) غير موجود للصنف: {2},
Item Code > Item Group > Brand,كود الصنف&gt; مجموعة الصنف&gt; العلامة التجارية,
Customer > Customer Group > Territory,العملاء&gt; مجموعة العملاء&gt; الإقليم,
Supplier > Supplier Type,مورد&gt; نوع المورد,
Please setup Employee Naming System in Human Resource > HR Settings,يرجى إعداد نظام تسمية الموظفين في الموارد البشرية&gt; إعدادات الموارد البشرية,
Please setup numbering series for Attendance via Setup > Numbering Series,يرجى إعداد سلسلة الترقيم للحضور عبر الإعداد&gt; سلسلة الترقيم,
Purchase Order Required,أمر الشراء مطلوب,
Purchase Receipt Required,إيصال استلام المشتريات مطلوب,
Requested,تحت الطلب,
YouTube,موقع YouTube,
Vimeo,فيميو,
Publish Date,تاريخ النشر,
Duration,المدة الزمنية,
Advanced Settings,إعدادات متقدمة,
Path,المسار,
Components,المكونات,
Verified By,التحقق من,
Maintain Same Rate Throughout Sales Cycle,الحفاظ على نفس المعدل خلال دورة المبيعات,
Must be Whole Number,يجب أن يكون عدد صحيح,
GL Entry,GL قيد,
Fee Validity,صلاحية الرسوم,
Dosage Form,شكل جرعات,
Patient Medical Record,السجل الطبي للمريض,
Total Completed Qty,إجمالي الكمية المكتملة,
Qty to Manufacture,الكمية للتصنيع,
Out Patient Consulting Charge Item,خارج بند رسوم استشارات المريض,
Inpatient Visit Charge Item,عنصر دفع رسوم لزيارة المرضى الداخليين,
OP Consulting Charge,رسوم الاستشارة,
Inpatient Visit Charge,رسوم زيارة المرضى الداخليين,
Check Availability,التحقق من الصلاحية,
Heads (or groups) against which Accounting Entries are made and balances are maintained.,رؤساء (أو مجموعات) التي تتم ضد القيود المحاسبية ويتم الاحتفاظ التوازنات.,
Account Name,اسم الحساب,
Inter Company Account,حساب الشركة المشترك,
Parent Account,الحساب الاب,
Setting Account Type helps in selecting this Account in transactions.,تحديد نوع الحساب يساعد في تحديد هذا الحساب في المعاملات.,
Chargeable,خاضع للرسوم,
Rate at which this tax is applied,السعر الذي يتم فيه تطبيق هذه الضريبة,
Frozen,مجمد,
"If the account is frozen, entries are allowed to restricted users.",إذا الحساب مجمد، يسمح بالدخول إلى المستخدمين المحددين.,
Balance must be,يجب أن يكون الرصيد,
Old Parent,الحساب الأب السابق,
Include in gross,تدرج في الإجمالي,
Auditor,مدقق الحسابات,
Accounting Dimension,البعد المحاسبي,
Dimension Name,اسم البعد,
Dimension Defaults,افتراضيات البعد,
Accounting Dimension Detail,البعد المحاسبي التفاصيل,
Default Dimension,البعد الافتراضي,
Mandatory For Balance Sheet,إلزامي للميزانية العمومية,
Mandatory For Profit and Loss Account,إلزامي لحساب الربح والخسارة,
Accounting Period,الفترة المحاسبية,
Period Name,اسم الفترة,
Closed Documents,وثائق مغلقة,
Accounts Settings,إعدادات الحسابات,
Settings for Accounts,إعدادات الحسابات,
Make Accounting Entry For Every Stock Movement,اعمل قيد محاسبي لكل حركة للمخزون,
"If enabled, the system will post accounting entries for inventory automatically.",إذا تم التمكين، سيقوم النظام بترحيل القيود المحاسبية الخاصة بالمخزون تلقائيا.,
Accounts Frozen Upto,حسابات مجمدة حتى,
"Accounting entry frozen up to this date, nobody can do / modify entry except role specified below.",القيود المحاسبية مجمده حتى هذا التاريخ،  لا أحد يستطيع أن ينشئ أو يعدل القييد باستثناء الدور المحدد أدناه.,
Role Allowed to Set Frozen Accounts & Edit Frozen Entries,الدور الوظيفي يسمح له بتجميد الحسابات و تعديل القيود المجمدة,
Users with this role are allowed to set frozen accounts and create / modify accounting entries against frozen accounts,يسمح للمستخدمين مع هذا الدور لضبط الحسابات المجمدة و إنشاء / تعديل القيود المحاسبية على حسابات مجمدة,
Determine Address Tax Category From,تحديد عنوان ضريبة الفئة من,
Address used to determine Tax Category in transactions.,العنوان المستخدم لتحديد الفئة الضريبية في المعاملات.,
Over Billing Allowance (%),زيادة الفواتير المسموح بها (?),
Percentage you are allowed to bill more against the amount ordered. For example: If the order value is $100 for an item and tolerance is set as 10% then you are allowed to bill for $110.,النسبة المئوية المسموح لك بدفعها أكثر مقابل المبلغ المطلوب. على سبيل المثال: إذا كانت قيمة الطلبية 100 دولار للصنف وتم تعيين التسامح على 10 ? ، فيُسمح لك بدفع فاتورة بمبلغ 110 دولارات.,
Credit Controller,المتحكم بالرصيد الدائن,
Role that is allowed to submit transactions that exceed credit limits set.,الدور الوظيفي الذي يسمح له بتقديم المعاملات التي تتجاوز حدود الدين المحددة.,
Check Supplier Invoice Number Uniqueness,التحقق من عدم تكرار رقم فاتورة المورد,
Make Payment via Journal Entry,قم بالدفع عن طريق قيد دفتر اليومية,
Unlink Payment on Cancellation of Invoice,إلغاء ربط الدفع على إلغاء الفاتورة,
Unlink Advance Payment on Cancelation of Order,إلغاء ربط الدفع المقدم عند إلغاء الطلب,
Book Asset Depreciation Entry Automatically,كتاب اهلاك الأُصُول المدخلة تلقائيا,
Allow Cost Center In Entry of Balance Sheet Account,السماح لمركز التكلفة في حساب الميزانية العمومية,
Automatically Add Taxes and Charges from Item Tax Template,إضافة الضرائب والرسوم تلقائيا من قالب بند الضريبة,
Automatically Fetch Payment Terms,جلب شروط الدفع تلقائيًا,
Show Inclusive Tax In Print,عرض الضريبة الشاملة في الطباعة,
Show Payment Schedule in Print,عرض جدول الدفع في الطباعة,
Currency Exchange Settings,إعدادات صرف العملات,
Allow Stale Exchange Rates,السماح لأسعار الصرف الثابتة,
Stale Days,أيام قديمة,
Report Settings,إعدادات التقرير,
Use Custom Cash Flow Format,استخدم تنسيق التدفق النقدي المخصص,
Only select if you have setup Cash Flow Mapper documents,فقط حدد  إذا كان لديك إعداد  مستندات مخطط التدفق النقدي,
Allowed To Transact With,سمح للاعتماد مع,
Branch Code,رمز الفرع,
Address and Contact,العناوين و التواصل,
Address HTML,عنوان HTML,
Contact HTML,الاتصال HTML,
Data Import Configuration,تكوين استيراد البيانات,
Bank Transaction Mapping,رسم المعاملات البنكية,
Plaid Access Token,منقوشة رمز الوصول,
Company Account,حساب الشركة,
Account Subtype,نوع الحساب الفرعي,
Is Default Account,هل هو الحساب الافتراضي,
Is Company Account,هل هو حساب شركة,
Party Details,تفاصيل الجهة,
Account Details,تفاصيل الحساب,
IBAN,رقم الحساب البنكي,
Bank Account No,رقم الحساب البنكي,
Integration Details,تفاصيل التكامل,
Integration ID,معرف التكامل,
Last Integration Date,تاريخ المزامنه الأخيره,
Change this date manually to setup the next synchronization start date,قم بتغيير هذا التاريخ يدويًا لإعداد تاريخ بدء المزامنة التالي,
Mask,القناع,
Bank Guarantee,ضمان بنكي,
Bank Guarantee Type,نوع الضمان البنكي,
Receiving,ضمان مستلم,
Providing,ضمان مقدم,
Reference Document Name,اسم الوثيقة المرجعية,
Validity in Days,الصلاحية في أيام,
Bank Account Info,معلومات الحساب البنكي,
Clauses and Conditions,الشروط والأحكام,
Bank Guarantee Number,رقم ضمان البنك,
Name of Beneficiary,اسم المستفيد,
Margin Money,المال الهامش,
Charges Incurred,الرسوم المتكبدة,
Fixed Deposit Number,رقم الوديعة الثابتة,
Account Currency,عملة الحساب,
Select the Bank Account to reconcile.,حدد الحساب البنكي للتوفيق.,
Include Reconciled Entries,تضمن القيود التي تم تسويتها,
Get Payment Entries,الحصول على مدخلات الدفع,
Payment Entries,ادخال دفعات,
Update Clearance Date,تحديث تاريخ التخليص,
Bank Reconciliation Detail,تفاصيل التسويات البنكية,
Cheque Number,رقم الشيك,
Cheque Date,تاريخ الشيك,
Statement Header Mapping,تعيين رأس بيان,
Statement Headers,رؤوس البيان,
Transaction Data Mapping,مخطط بيانات المعاملات,
Mapped Items,الاصناف المعينة,
Bank Statement Settings Item,بند إعدادات بيان البنك,
Mapped Header,رأس الارتباط,
Bank Header,ترويسة البنك,
Bank Statement Transaction Entry,إدخال معاملات كشف الحساب البنكي,
Bank Transaction Entries,إدخالات معاملات البنك,
New Transactions,معاملات جديدة,
Match Transaction to Invoices,مطابقة المعاملة بالفواتير,
Create New Payment/Journal Entry,إنشاء إدخال جديد للدفع / اليوميات,
Submit/Reconcile Payments,إرسال / تسوية المدفوعات,
Matching Invoices,مطابقة الفواتير,
Payment Invoice Items,بنود دفع الفواتير,
Reconciled Transactions,المعاملات المربوطة,
Bank Statement Transaction Invoice Item,بند الفواتير لمعاملات الحساب البنكي,
Payment Description,وصف الدفع,
Invoice Date,تاريخ الفاتورة,
Bank Statement Transaction Payment Item,بند الدفع لمعاملات كشف الحساب البنكي,
outstanding_amount,كمية رهيبة,
Payment Reference,إشارة دفع,
Bank Statement Transaction Settings Item,عنصر إعدادات معاملات بيان البنك,
Bank Data,بيانات البنك,
Mapped Data Type,نوع البيانات المعينة,
Mapped Data,البيانات المعينة,
Bank Transaction,المعاملات البنكية,
ACC-BTN-.YYYY.-,ACC-BTN-.YYYY.-,
Transaction ID,رقم المعاملات,
Unallocated Amount,المبلغ غير المخصصة,
Field in Bank Transaction,الحقل في المعاملات البنكية,
Column in Bank File,العمود في ملف البنك,
Bank Transaction Payments,مدفوعات المعاملات البنكية,
Control Action,التحكم في العمل,
Applicable on Material Request,ينطبق على طلب المواد,
Action if Annual Budget Exceeded on MR,الإجراء إذا تجاوزت الميزانية السنوية على الدخل الشهري,
Warn,تحذير,
Ignore,تجاهل,
Action if Accumulated Monthly Budget Exceeded on MR,الإجراء في حالة تجاوز الميزانية الشهرية المتراكمة على MR,
Applicable on Purchase Order,ينطبق على أمر الشراء,
Action if Annual Budget Exceeded on PO,الإجراء إذا تجاوزت الميزانية السنوية على أمر الشراء,
Action if Accumulated Monthly Budget Exceeded on PO,أجراء في حال تجاوزت الميزانية الشهرية المتراكمة طلب الشراء,
Applicable on booking actual expenses,ينطبق على الحجز المصروفات الفعلية,
Action if Annual Budget Exceeded on Actual,أجراء في حال تجاوزت الميزانية السنوية الميزانية المخصصة مسبقا,
Action if Accumulated Monthly Budget Exceeded on Actual,أجراء في حال تجاوزت الميزانية الشهرية المتراكمة للميزانية الفعلية,
Budget Accounts,حسابات الميزانية,
Budget Account,حساب الميزانية,
Budget Amount,قيمة الميزانية,
C-Form,C-Form,
ACC-CF-.YYYY.-,ACC-CF-.YYYY.-,
C-Form No,رقم النموذج - س,
Received Date,تاريخ الاستلام,
Quarter,الربع,
I,I,
II,II,
III,III,
IV,IV,
C-Form Invoice Detail,تفاصيل الفاتورة نموذج - س,
Invoice No,رقم الفاتورة,
Cash Flow Mapper,مخطط التدفق النقدي,
Section Name,اسم القسم,
Section Header,مقطع الرأس,
Section Leader,قائد قسم,
e.g Adjustments for:,على سبيل المثال، التعديلات على:,
Section Subtotal,القسم الفرعي الفرعي,
Section Footer,تذييل القسم,
Position,الموضع,
Cash Flow Mapping,تخطيط التدفق النقدي,
Select Maximum Of 1,حدد الحد الأقصى من 1,
Is Finance Cost,تكلفة التمويل,
Is Working Capital,هو رأس المال العامل,
Is Finance Cost Adjustment,هو تعديل تكاليف التمويل,
Is Income Tax Liability,هي مسؤولية ضريبة الدخل,
Is Income Tax Expense,هو ضريبة الدخل,
Cash Flow Mapping Accounts,حسابات رسم التدفق النقدي,
account,الحساب,
Cash Flow Mapping Template,قالب رسم التدفق النقدي,
Cash Flow Mapping Template Details,تفاصيل نموذج رسم التدفق النقدي,
POS-CLO-,POS-CLO-,
Custody,عهدة,
Net Amount,صافي القيمة,
Cashier Closing Payments,مدفوعات إغلاق أمين الصندوق,
Import Chart of Accounts from a csv file,استيراد مخطط الحسابات من ملف CSV,
Attach custom Chart of Accounts file,إرفاق ملف مخطط الحسابات المخصص,
Chart Preview,معاينة الرسم البياني,
Chart Tree,شجرة الرسم البياني,
Cheque Print Template,نمودج طباعة الشيك,
Has Print Format,لديها تنسيق طباعة,
Primary Settings,الإعدادات الأولية,
Cheque Size,مقاس الصك,
Regular,منتظم,
Starting position from top edge,بدءا من موقف من أعلى الحافة,
Cheque Width,عرض الشيك,
Cheque Height,ارتفاع الصك,
Scanned Cheque,الممسوحة ضوئيا شيك,
Is Account Payable,هل هو حساب دائن,
Distance from top edge,المسافة من الحافة العلوية,
Distance from left edge,المسافة من الحافة اليسرى,
Message to show,رسالة للإظهار,
Date Settings,إعدادات التاريخ,
Starting location from left edge,بدءا الموقع من الحافة اليسرى,
Payer Settings,إعدادات الدافع,
Width of amount in word,عرض المبلغ في كلمة,
Line spacing for amount in words,سطر فارغ للمبلغ بالحروف,
Amount In Figure,المبلغ في الشكل,
Signatory Position,الوظيفة الموقعة,
Closed Document,وثيقة مغلقة,
Track separate Income and Expense for product verticals or divisions.,تتبع الدخل والمصروفات منفصل عن القطاعات المنتج أو الانقسامات.,
Cost Center Name,اسم مركز تكلفة,
Parent Cost Center,مركز التكلفة الأب,
lft,LFT,
rgt,RGT,
Coupon Code,رمز الكوبون,
Coupon Name,اسم القسيمة,
"e.g. ""Summer Holiday 2019 Offer 20""",مثال: &quot;Summer Holiday 2019 Offer 20&quot;,
Coupon Type,نوع الكوبون,
Promotional,الترويجية,
Gift Card,كرت هدية,
unique e.g. SAVE20  To be used to get discount,فريدة مثل SAVE20 لاستخدامها للحصول على الخصم,
Validity and Usage,الصلاحية والاستخدام,
Maximum Use,الاستخدام الأقصى,
Used,مستخدم,
Coupon Description,وصف القسيمة,
Discounted Invoice,فاتورة مخفضة,
Exchange Rate Revaluation,تسوية فروق العملة,
Get Entries,العمليات على مقالات,
Exchange Rate Revaluation Account,حساب فوارق العملة,
Total Gain/Loss,إجمالي الارباح / الخسائر,
Balance In Account Currency,التوازن في حساب العملة,
Current Exchange Rate,سعر الصرف الحالي,
Balance In Base Currency,التوازن في العملة الأساسية,
New Exchange Rate,سعر صرف جديد,
New Balance In Base Currency,توازن جديد بالعملة الأساسية,
Gain/Loss,الارباح / الخسائر,
**Fiscal Year** represents a Financial Year. All accounting entries and other major transactions are tracked against **Fiscal Year**.,** السنة المالية ** تمثل السنة المالية. يتم تتبع جميع القيود المحاسبية والمعاملات الرئيسية الأخرى مقابل ** السنة المالية **.,
Year Name,اسم العام,
"For e.g. 2012, 2012-13",على سبيل المثال 2012، 2013,
Year Start Date,تاريخ بدء العام,
Year End Date,تاريخ نهاية العام,
Companies,الشركات,
Auto Created,إنشاء تلقائي,
Stock User,مستخدم المخزن,
Fiscal Year Company,السنة المالية للشركة,
Debit Amount,مبلغ مدين,
Credit Amount,مبلغ دائن,
Debit Amount in Account Currency,المبلغ المدين بعملة الحساب,
Credit Amount in Account Currency,المبلغ الدائن بعملة الحساب,
Voucher Detail No,تفاصيل قسيمة لا,
Is Opening,هل هو قيد افتتاحي,
Is Advance,هل هو مبلغ مقدم,
To Rename,لإعادة التسمية,
GST Account,حساب ضريبة السلع والخدمات,
CGST Account,CGST Account,
SGST Account,SGST Account,
IGST Account,IGST Account,
CESS Account,CESS Account,
Loan Start Date,تاريخ بدء القرض,
Loan Period (Days),مدة القرض (بالأيام),
Loan End Date,تاريخ انتهاء القرض,
Bank Charges,الرسوم البنكية,
Short Term Loan Account,حساب قرض قصير الأجل,
Bank Charges Account,حساب الرسوم البنكية,
Accounts Receivable Credit Account,حساب حسابات القبض,
Accounts Receivable Discounted Account,حساب حسابات القبض المخفضة,
Accounts Receivable Unpaid Account,حسابات القبض غير المدفوعة,
Item Tax Template,قالب ضريبة الصنف,
Tax Rates,نسبة الضريبة,
Item Tax Template Detail,تفاصيل قالب صنف الضريبة,
Entry Type,نوع القيد,
Inter Company Journal Entry,قيد حركات الشركات,
Bank Entry,قيد بنكي,
Cash Entry,قبد نقدي,
Credit Card Entry,قيد بطاقة إئتمان,
Contra Entry,قيد عكسي,
Excise Entry,قيد ضريبة انتاج,
Write Off Entry,قيد خصميات,
Opening Entry,قيد افتتاحي,
ACC-JV-.YYYY.-,ACC-JV-.YYYY.-,
Accounting Entries,القيود المحاسبية,
Total Debit,مجموع المدين,
Total Credit,إجمالي الائتمان,
Difference (Dr - Cr),الفرق ( المدين -  الدائن ),
Make Difference Entry,اعداد الفارق,
Total Amount Currency,عملة إجمالي المبلغ,
Total Amount in Words,إجمالي المبلغ بالنص,
Remark,ملاحظة مسجلة,
Paid Loan,قرض مدفوع,
Inter Company Journal Entry Reference,ادخال مرجع قيد حركات الشركات,
Write Off Based On,خصم بناء على,
Get Outstanding Invoices,الحصول على فواتير معلقة,
Printing Settings,إعدادات الطباعة,
Pay To / Recd From,دفع إلى / قبض من,
Payment Order,أمر دفع,
Subscription Section,قسم الاشتراك,
Journal Entry Account,حساب القيود اليومية,
Account Balance,رصيد الحساب,
Party Balance,رصيد الجهة,
If Income or Expense,إذا دخل أو مصروف,
Exchange Rate,سعر الصرف,
Debit in Company Currency,الخصم في البعملة الشركة,
Credit in Company Currency,المدين في عملة الشركة,
Payroll Entry,ادخال الرواتب,
Employee Advance,تقدم الموظف,
Reference Due Date,تاريخ الاستحقاق المرجعي,
Loyalty Program Tier,مستوى برنامج الولاء,
Redeem Against,مقابل الاستبدال,
Expiry Date,تاريخ انتهاء الصلاحية,
Loyalty Point Entry Redemption,نقطة الولاء ادخال الفداء,
Redemption Date,تاريخ الاسترداد,
Redeemed Points,النقاط المستردة,
Loyalty Program Name,اسم برنامج الولاء,
Loyalty Program Type,نوع برنامج الولاء,
Single Tier Program,برنامج الطبقة الواحدة,
Multiple Tier Program,برنامج متعدد الطبقات,
Customer Territory,منطقة العملاء,
Auto Opt In (For all customers),الاشتراك التلقائي (لجميع العملاء),
Collection Tier,مجموعة الصف,
Collection Rules,قواعد الجمع,
Redemption,الفداء,
Conversion Factor,معامل التحويل,
1 Loyalty Points = How much base currency?,1 نقاط الولاء = كم العملة الأساسية؟,
Expiry Duration (in days),مدة الصلاحية (بالأيام),
Help Section,قسم المساعدة,
Loyalty Program Help,مساعدة برنامج الولاء,
Loyalty Program Collection,مجموعة برامج الولاء,
Tier Name,اسم الطبقة,
Minimum Total Spent,الحد الأدنى لإجمالي الإنفاق,
Collection Factor (=1 LP),عامل التجميع (= 1 ليرة لبنانية),
For how much spent = 1 Loyalty Point,كم تنفق = 1 نقطة الولاء,
Mode of Payment Account,طريقة حساب الدفع,
Default Account,الافتراضي حساب,
Default account will be automatically updated in POS Invoice when this mode is selected.,سيتم تحديث الحساب الافتراضي تلقائيا في فاتورة نقاط البيع عند تحديد هذا الوضع.,
**Monthly Distribution** helps you distribute the Budget/Target across months if you have seasonality in your business.,** التوزيع الشهري ** يساعدك على توزيع  الهدف أو الميزانية على مدى عدة شهور إذا كان لديك موسمية في عملك.,
Distribution Name,توزيع الاسم,
Name of the Monthly Distribution,اسم التوزيع الشهري,
Monthly Distribution Percentages,النسب المئوية للتوزيع الشهري,
Monthly Distribution Percentage,النسبة المئوية للتوزيع الشهري,
Percentage Allocation,نسبة توزيع,
Create Missing Party,إنشاء طرف مفقود,
Create missing customer or supplier.,إنشاء العملاء أو المورد المفقودين.,
Opening Invoice Creation Tool Item,إنشاء اداة لبند فاتوره افتتاحية,
Temporary Opening Account,حساب الافتتاح المؤقت,
Party Account,حساب طرف,
Type of Payment,نوع الدفع,
ACC-PAY-.YYYY.-,ACC-PAY-.YYYY.-,
Receive,قبض,
Internal Transfer,تحويل داخلي,
Payment Order Status,حالة طلب الدفع,
Payment Ordered,أمر الدفع,
Payment From / To,الدفع من / إلى,
Company Bank Account,حساب بنك الشركة,
Party Bank Account,حساب بنك الجهة,
Account Paid From,حساب مدفوع من,
Account Paid To,حساب مدفوع ل,
Paid Amount (Company Currency),اجمالي المدفوع (بعملة الشركة),
Received Amount,المبلغ المستلم,
Received Amount (Company Currency),المبلغ المستلم (بعملة الشركة),
Get Outstanding Invoice,الحصول على الفاتورة المعلقة,
Payment References,رقم مرجع الدفع,
Writeoff,مبلغ الخصم,
Total Allocated Amount,إجمالي المبلغ المطلوب,
Total Allocated Amount (Company Currency),إجمالي المبلغ المخصص (بعملة الشركة),
Set Exchange Gain / Loss,تحديد مبلغ فارق العملة,
Difference Amount (Company Currency),فارق المبلغ ( بعملة الشركة ) .,
Write Off Difference Amount,خصم الفرق المبلغ,
Deductions or Loss,الخصومات أو الخسائر,
Payment Deductions or Loss,خصومات الدفع أو الخسائر,
Cheque/Reference Date,تاريخ الشيك / تاريخ المرجع,
Payment Entry Deduction,خصم عملية الدفع,
Payment Entry Reference,مرجع عملية الدفع,
Allocated,تم التخصيص,
Payment Gateway Account,حسابات بوابةالدفع,
Payment Account,حساب الدفع,
Default Payment Request Message,رسالة 'طلب الدفع' الافتراضيه,
PMO-,PMO-,
Payment Order Type,نوع طلب الدفع,
Payment Order Reference,مرجع أمر الدفع,
Bank Account Details,تفاصيل الحساب البنكي,
Payment Reconciliation,القسط المدفوع,
Receivable / Payable Account,القبض / حسابات دائنة,
Bank / Cash Account,البنك حساب / النقدية,
From Invoice Date,من تاريخ الفاتورة,
To Invoice Date,إلى تاريخ الفاتورة,
Minimum Invoice Amount,الحد الأدنى للمبلغ الفاتورة,
Maximum Invoice Amount,الحد الأقصى لمبلغ الفاتورة,
System will fetch all the entries if limit value is zero.,سيقوم النظام بجلب كل الإدخالات إذا كانت قيمة الحد صفرا.,
Get Unreconciled Entries,الحصول على مدخلات لم تتم تسويتها,
Unreconciled Payment Details,لم تتم تسويتها تفاصيل الدفع,
Invoice/Journal Entry Details,فاتورة / مجلة تفاصيل الادخال,
Payment Reconciliation Invoice,دفع فاتورة التسوية,
Invoice Number,رقم الفاتورة,
Payment Reconciliation Payment,دفع التسوية,
Reference Row,إشارة الصف,
Allocated amount,المبلغ المخصص,
Payment Request Type,نوع طلب الدفع,
Outward,نحو الخارج,
Inward,نحو الداخل,
ACC-PRQ-.YYYY.-,ACC-PRQ-.YYYY.-,
Transaction Details,تفاصيل العملية,
Amount in customer's currency,المبلغ بعملة العميل,
Is a Subscription,هل هو اشتراك,
Transaction Currency,عملية العملات,
Subscription Plans,خطط الاشتراك,
SWIFT Number,رقم سويفت,
Recipient Message And Payment Details,مستلم رسالة وتفاصيل الدفع,
Make Sales Invoice,انشاء فاتورة المبيعات,
Mute Email,كتم البريد الإلكتروني,
payment_url,payment_url,
Payment Gateway Details,تفاصيل الدفع بوابة,
Payment Schedule,جدول الدفع,
Invoice Portion,جزء الفاتورة,
Payment Amount,مبلغ الدفع,
Payment Term Name,اسم شرط الدفع,
Due Date Based On,تاريخ الاستحقاق بناء على,
Day(s) after invoice date,يوم (أيام) بعد تاريخ الفاتورة,
Day(s) after the end of the invoice month,يوم (أيام) بعد نهاية شهر الفاتورة,
Month(s) after the end of the invoice month,شهر (أشهر) بعد نهاية شهر الفاتورة,
Credit Days,أيام الائتمان,
Credit Months,أشهر الائتمان,
Payment Terms Template Detail,شروط الدفع تفاصيل قالب,
Closing Fiscal Year,إغلاق السنة المالية,
Closing Account Head,اقفال حساب المركز الرئيسي,
"The account head under Liability or Equity, in which Profit/Loss will be booked",رئيس الحساب تحت المسؤولية أو الأسهم، والتي سيتم حجز الربح / الخسارة,
POS Customer Group,مجموعة عملاء نقطة البيع,
POS Field,نقاط البيع الميدانية,
POS Item Group,مجموعة المواد لنقطة البيع,
[Select],[اختر],
Company Address,عنوان الشركة,
Update Stock,تحديث المخزون,
Ignore Pricing Rule,تجاهل (قاعدة التسعير),
Allow user to edit Rate,السماح للمستخدم بتعديل أسعار,
Allow user to edit Discount,السماح للمستخدم بتعديل الخصم,
Allow Print Before Pay,السماح بالطباعة قبل الدفع,
Display Items In Stock,عرض العناصر في الأوراق المالية,
Applicable for Users,ينطبق على المستخدمين,
Sales Invoice Payment,دفع فاتورة المبيعات,
Item Groups,مجموعات الصنف,
Only show Items from these Item Groups,فقط عرض العناصر من مجموعات العناصر هذه,
Customer Groups,مجموعات العميل,
Only show Customer of these Customer Groups,أظهر فقط عميل مجموعات العملاء هذه,
Print Format for Online,تنسيق الطباعة ل أونلين,
Offline POS Settings,إعدادات نقاط البيع غير المتصلة,
Write Off Account,حساب التخفيضات,
Write Off Cost Center,مركز تكلفة التخفيضات,
Account for Change Amount,حساب فوارق القيم,
Taxes and Charges,الضرائب والرسوم,
Apply Discount On,تطبيق تخفيض على,
POS Profile User,نقاط البيع الشخصية الملف الشخصي,
Use POS in Offline Mode,استخدام بوس في وضع غير متصل بالشبكة,
Apply On,تنطبق على,
Price or Product Discount,السعر أو خصم المنتج,
Apply Rule On Item Code,تطبيق القاعدة على رمز الصنف,
Apply Rule On Item Group,تطبيق القاعدة على مجموعة العناصر,
Apply Rule On Brand,تطبيق القاعدة على العلامة التجارية,
Mixed Conditions,شروط متنوعة,
Conditions will be applied on all the selected items combined. ,سيتم تطبيق الشروط على جميع العناصر المختارة مجتمعة.,
Is Cumulative,تراكمي؟,
Coupon Code Based,كود الكوبون,
Discount on Other Item,خصم على صنف آخر,
Apply Rule On Other,تطبيق القاعدة على الآخر,
Party Information,معلومات الجهة,
Quantity and Amount,الكمية والمبلغ,
Min Qty,الحد الأدنى من الكمية,
Max Qty,أعلى الكمية,
Min Amt,الحد الادنى,
Max Amt,الحد الأعلى,
Period Settings,إعدادات الفترة,
Margin,الهامش,
Margin Type,نوع الهامش,
Margin Rate or Amount,نسبة الهامش أو المبلغ,
Price Discount Scheme,مخطط سعر الخصم,
Rate or Discount,معدل أو خصم,
Discount Percentage,نسبة الخصم,
Discount Amount,قيمة الخصم,
For Price List,لائحة الأسعار,
Product Discount Scheme,مخطط خصم المنتج,
Same Item,نفس الصنف,
Free Item,صنف مجاني,
Threshold for Suggestion,عتبة الاقتراح,
System will notify to increase or decrease quantity or amount ,سيُعلم النظام بزيادة أو تقليل الكمية أو الكمية,
"Higher the number, higher the priority",الرقم الأعلى له أولوية أكبر,
Apply Multiple Pricing Rules,تطبيق قواعد التسعير متعددة,
Apply Discount on Rate,تطبيق الخصم على السعر,
Validate Applied Rule,التحقق من صحة القاعدة المطبقة,
Rule Description,وصف القاعدة,
Pricing Rule Help,تعليمات قاعدة التسعير,
Promotional Scheme Id,معرف المخطط الترويجي,
Promotional Scheme,الخطط الترويجية,
Pricing Rule Brand,قاعدة تسعير العلامة التجارية,
Pricing Rule Detail,تفاصيل قاعدة التسعير,
Child Docname,اسم الوثيقة الابن,
Rule Applied,تطبق القاعدة,
Pricing Rule Item Code,رمز صنف قاعدة التسعير,
Pricing Rule Item Group,مجموعة قاعدة التسعير,
Price Discount Slabs,ألواح سعر الخصم,
Promotional Scheme Price Discount,خصم سعر المخطط الترويجي,
Product Discount Slabs,ألواح خصم المنتج,
Promotional Scheme Product Discount,خصم المنتج خطة ترويجية,
Min Amount,الحد الأدنى للمبلغ,
Max Amount,الحد الاعلى للمبلغ,
Discount Type,نوع الخصم,
ACC-PINV-.YYYY.-,ACC-PINV-.YYYY.-,
Tax Withholding Category,فئة حجب الضرائب,
Edit Posting Date and Time,تحرير تاريخ النشر والوقت,
Is Paid,مدفوع؟,
Is Return (Debit Note),مرتجع؟ (اشعار مدين),
Apply Tax Withholding Amount,تطبيق مبلغ الاستقطاع الضريبي,
Accounting Dimensions,الأبعاد المحاسبية,
Accounting Dimensions ,الأبعاد المحاسبية,
Supplier Invoice Details,المورد تفاصيل الفاتورة,
Supplier Invoice Date,المورد فاتورة التسجيل,
Return Against Purchase Invoice,العودة ضد شراء فاتورة,
Select Supplier Address,حدد مزود العناوين,
Contact Person,الشخص الذي يمكن الاتصال به,
Select Shipping Address,حدد عنوان الشحن,
Currency and Price List,العملة وقائمة الأسعار,
Price List Currency,قائمة الأسعار العملات,
Price List Exchange Rate,معدل سعر صرف قائمة,
Set Accepted Warehouse,حدد المخزن المعتمد,
Rejected Warehouse,مستودع المرتجع (المرفوض),
Warehouse where you are maintaining stock of rejected items,مستودع حيث كنت الحفاظ على المخزون من المواد رفضت,
Raw Materials Supplied,المواد الخام الموردة,
Supplier Warehouse,المورد مستودع,
Pricing Rules,قواعد التسعير,
Supplied Items,الأصناف الموردة,
Total (Company Currency),مجموع (بعملة الشركة),
Net Total (Company Currency),صافي الأجمالي ( بعملة الشركة ),
Total Net Weight,مجموع الوزن الصافي,
Shipping Rule,قواعد الشحن,
Purchase Taxes and Charges Template,قالب الضرائب والرسوم على المشتريات,
Purchase Taxes and Charges,الضرائب والرسوم الشراء,
Tax Breakup,تفكيك الضرائب,
Taxes and Charges Calculation,حساب الضرائب والرسوم,
Taxes and Charges Added (Company Currency),الضرائب والرسوم المضافة (عملة الشركة),
Taxes and Charges Deducted (Company Currency),الضرائب والرسوم مقطوعة (عملة الشركة),
Total Taxes and Charges (Company Currency),مجموع الضرائب والرسوم (عملة الشركة),
Taxes and Charges Added,أضيفت الضرائب والرسوم,
Taxes and Charges Deducted,خصم الضرائب والرسوم,
Total Taxes and Charges,مجموع الضرائب والرسوم,
Additional Discount,خصم إضافي,
Apply Additional Discount On,تطبيق خصم إضافي على,
Additional Discount Amount (Company Currency),مقدار الخصم الاضافي (بعملة الشركة),
Grand Total (Company Currency),المجموع الكلي (العملات شركة),
Rounding Adjustment (Company Currency),تعديل التقريب (عملة الشركة),
Rounded Total (Company Currency),المشاركات تقريب (العملة الشركة),
In Words (Company Currency),في الأحرف ( عملة الشركة ),
Rounding Adjustment,تعديل التقريب,
In Words,المبلغ كتابة,
Total Advance,إجمالي المقدمة,
Disable Rounded Total,تعطيل الاجمالي المقرب,
Cash/Bank Account,حساب النقد / البنك,
Write Off Amount (Company Currency),خصم المبلغ (بعملة الشركة),
Set Advances and Allocate (FIFO),تعيين السلف والتخصيص (FIFO),
Get Advances Paid,الحصول على السلف المدفوعة,
Advances,الدفعات المقدمة,
Terms,الشروط,
Terms and Conditions1,1 الشروط والأحكام,
Group same items,مادة نفس المجموعة,
Print Language,لغة الطباعة,
"Once set, this invoice will be on hold till the set date",بمجرد تعيينها ، ستكون هذه الفاتورة قيد الانتظار حتى التاريخ المحدد,
Credit To,دائن الى,
Party Account Currency,عملة حساب الطرف,
Against Expense Account,مقابل حساب المصاريف,
Inter Company Invoice Reference,الشركة المشتركة للفاتورة,
Is Internal Supplier,هو المورد الداخلي,
Start date of current invoice's period,تاريخ بدء فترة الفاتورة الحالية,
End date of current invoice's period,تاريخ نهاية فترة الفاتورة الحالية,
Update Auto Repeat Reference,تحديث السيارات تكرار المرجع,
Purchase Invoice Advance,عربون  فاتورة الشراء,
Purchase Invoice Item,اصناف فاتورة المشتريات,
Quantity and Rate,كمية وقيم,
Received Qty,تلقى الكمية,
Accepted Qty,الكمية المطلوبة,
Rejected Qty,الكمية المرفوضة,
UOM Conversion Factor,عامل تحويل وحدة القياس,
Discount on Price List Rate (%),معدل الخصم على قائمة الأسعار (?),
Price List Rate (Company Currency),قائمة الأسعار معدل (عملة الشركة),
Rate ,معدل أو نسبة,
Rate (Company Currency),معدل (عملة الشركة),
Amount (Company Currency),المبلغ (عملة الشركة),
Is Free Item,هل هو متاح,
Net Rate,صافي معدل,
Net Rate (Company Currency),صافي السعر ( بعملة الشركة ),
Net Amount (Company Currency),صافي المبلغ  ( بعملة الشركة ),
Item Tax Amount Included in Value,االصنف يشمل قيمة ضريبة الدفع,
Landed Cost Voucher Amount,التكلفة هبطت قيمة قسيمة,
Raw Materials Supplied Cost,المواد الخام الموردة التكلفة,
Accepted Warehouse,مستودع الوارد (المقبول),
Serial No,رقم التسلسل,
Rejected Serial No,رقم التسلسل مرفوض,
Expense Head,عنوان النفقة,
Is Fixed Asset,هل هو أصل ثابت,
Asset Location,موقع الاصل,
Deferred Expense,قيد المصروفات المستحقة,
Deferred Expense Account,حساب المصروفات المستحقة,
Service Stop Date,تاريخ توقف الخدمة,
Enable Deferred Expense,تمكين المصروفات المستحقة,
Service Start Date,تاريخ بدء الخدمة,
Service End Date,تاريخ انتهاء الخدمة,
Allow Zero Valuation Rate,السماح بقيمة صفرية,
Item Tax Rate,نسبة ضريبة الصنف,
Tax detail table fetched from item master as a string and stored in this field.\nUsed for Taxes and Charges,جدول تفاصيل الضرائب اخذ من الصنف الاساسي  كسلسلة وتخزينها في هذا المجال.\والمستخدمة للضرائب والرسوم,
Purchase Order Item,صنف امر الشراء,
Purchase Receipt Detail,شراء إيصال التفاصيل,
Item Weight Details,تفاصيل وزن الصنف,
Weight Per Unit,الوزن لكل وحدة,
Total Weight,الوزن الكلي,
Weight UOM,وحدة قياس الوزن,
Page Break,فاصل الصفحة,
Consider Tax or Charge for,النظر في ضريبة أو رسم ل,
Valuation and Total,التقييم والمجموع,
Valuation,التقييم,
Add or Deduct,إضافة أو خصم,
Deduct,الخصم,
On Previous Row Amount,على المبلغ الصف السابق,
On Previous Row Total,على إجمالي الصف السابق,
On Item Quantity,على كمية الصنف,
Reference Row #,مرجع صف #,
Is this Tax included in Basic Rate?,هل هذه الضريبة متضمنة في الاسعار الأساسية؟,
"If checked, the tax amount will be considered as already included in the Print Rate / Print Amount",إذا كانت محددة، سيتم النظر في مقدار ضريبة كمدرجة بالفعل في قيم الطباعة / مقدار الطباعة,
Account Head,الحساب الرئيسي,
Tax Amount After Discount Amount,المبلغ الضريبي بعد خصم المبلغ,
"Standard tax template that can be applied to all Purchase Transactions. This template can contain list of tax heads and also other expense heads like ""Shipping"", ""Insurance"", ""Handling"" etc.\n\n#### Note\n\nThe tax rate you define here will be the standard tax rate for all **Items**. If there are **Items** that have different rates, they must be added in the **Item Tax** table in the **Item** master.\n\n#### Description of Columns\n\n1. Calculation Type: \n    - This can be on **Net Total** (that is the sum of basic amount).\n    - **On Previous Row Total / Amount** (for cumulative taxes or charges). If you select this option, the tax will be applied as a percentage of the previous row (in the tax table) amount or total.\n    - **Actual** (as mentioned).\n2. Account Head: The Account ledger under which this tax will be booked\n3. Cost Center: If the tax / charge is an income (like shipping) or expense it needs to be booked against a Cost Center.\n4. Description: Description of the tax (that will be printed in invoices / quotes).\n5. Rate: Tax rate.\n6. Amount: Tax amount.\n7. Total: Cumulative total to this point.\n8. Enter Row: If based on ""Previous Row Total"" you can select the row number which will be taken as a base for this calculation (default is the previous row).\n9. Consider Tax or Charge for: In this section you can specify if the tax / charge is only for valuation (not a part of total) or only for total (does not add value to the item) or for both.\n10. Add or Deduct: Whether you want to add or deduct the tax.","قالب الضرائب القياسية التي يمكن تطبيقها على جميع المعاملات شراء. يمكن أن يحتوي هذا القالب قائمة رؤساء الضريبية، وكذلك غيرهم من رؤساء حساب مثل ""شحن""، ""التأمين""، ""معالجة""، وغيرها \n\n #### ملاحظة \n\n معدل الضريبة التي تحدد هنا سوف يكون معدل الضريبة موحد لجميع الأصناف ** **. إذا كانت هناك بنود ** ** التي لها أسعار مختلفة، وأنها يجب أن يضاف في * بند الضرائب ** بند في الجدول ** ** الرئيسي.\n\n #### وصف الأعمدة \n\n 1. نوع الحساب: \n - وهذا يمكن أن يكون على ** صافي إجمالي ** (وهذا هو مجموع المبلغ الأساسي).\n - ** في الصف السابق الكل / المكونات ** (للضرائب أو رسوم التراكمية). إذا قمت بتحديد هذا الخيار، سيتم تطبيق الضريبة كنسبة مئوية من الصف السابق (في الجدول الضرائب) كمية أو المجموع.\n - ** ** الفعلية (كما ذكر).\n 2. رئيس الحساب: حساب دفتر الأستاذ والتي بموجبها سيتم حجز هذه الضريبة \n 3. مركز التكلفة: إذا الضرائب / الرسوم هو الدخل (مثل الشحن) أو حساب فإنه يحتاج إلى أن يتم الحجز مقابل مركز التكلفة.\n 4. الوصف: وصف الضريبية (التي ستتم طباعتها في الفواتير / الاقتباس).\n 5. معدل: معدل الضريبة.\n 6. المبلغ: مبلغ الضرائب.\n 7. المجموع: مجموعه التراكمي لهذه النقطة.\n 8. أدخل الصف: إذا كان على أساس ""السابق صف إجمالي"" يمكنك تحديد عدد الصفوف التي سيتم اتخاذها كقاعدة لهذا الحساب (الافتراضي هو الصف السابق).\n 9. النظر في ضريبة أو رسم ل: في هذا القسم يمكنك تحديد ما إذا كان الضرائب / الرسوم هو فقط للتقييم (وليس جزءا من الكل) أو فقط للمجموع (لا يضيف قيمة إلى العنصر) أو لكليهما.\n 10. إضافة أو اقتطاع: إذا كنت ترغب في إضافة أو خصم الضرائب.",
Salary Component Account,حساب مكون الراتب,
Default Bank / Cash account will be automatically updated in Salary Journal Entry when this mode is selected.,حساب الخزنة / البنك المعتاد سوف يعدل تلقائيا في القيود اليومية للمرتب عند اختيار هذا الوضع.,
ACC-SINV-.YYYY.-,ACC-SINV-.YYYY.-,
Include Payment (POS),الدفع عبر (POS),
Offline POS Name,اسم نقطة البيع دون اتصال,
Is Return (Credit Note),صنف مسترجع ؟(إشعار دائن ),
Return Against Sales Invoice,العودة ضد فاتورة المبيعات,
Update Billed Amount in Sales Order,تحديث مبلغ فاتورة في أمر المبيعات,
Customer PO Details,تفاصيل طلب شراء العميل,
Customer's Purchase Order,طلب شراء الزبون,
Customer's Purchase Order Date,تاريخ امر الشراء العميل,
Customer Address,عنوان العميل,
Shipping Address Name,الشحن العنوان الاسم,
Company Address Name,اسم عنوان الشركة,
Rate at which Customer Currency is converted to customer's base currency,المعدل الذي يتم تحويل العملة إلى عملة الأساس العملاء العميل,
Rate at which Price list currency is converted to customer's base currency,المعدل الذي يتم تحويل سعر العملة العملة الأساسية القائمة لالعملاء,
Set Source Warehouse,تعيين المخزن المصدر,
Packing List,قائمة التعبئة,
Packed Items,عناصر معبأة,
Product Bundle Help,المنتج حزمة مساعدة,
Time Sheet List,الساعة قائمة ورقة,
Time Sheets,جداول زمنية,
Total Billing Amount,المبلغ الكلي الفواتير,
Sales Taxes and Charges Template,قالب الضرائب والرسوم على المبيعات,
Sales Taxes and Charges,الضرائب على المبيعات والرسوم,
Loyalty Points Redemption,نقاط الولاء الفداء,
Redeem Loyalty Points,استبدل نقاط الولاء,
Redemption Account,حساب الاسترداد,
Redemption Cost Center,مركز تكلفة الاسترداد,
In Words will be visible once you save the Sales Invoice.,وبعبارة تكون مرئية بمجرد حفظ فاتورة المبيعات.,
Allocate Advances Automatically (FIFO), تخصيص المبالغ المقدمة تلقائيا (FIFO),
Get Advances Received,الحصول على المبالغ المقدمة,
Base Change Amount (Company Currency),مدى تغيير المبلغ الأساسي (عملة الشركة ),
Write Off Outstanding Amount,خصم المبلغ المستحق,
Terms and Conditions Details,تفاصيل الشروط والأحكام,
Is Internal Customer,هو عميل داخلي,
Is Discounted,هو خصم,
Unpaid and Discounted,غير مدفوعة ومخصومة,
Overdue and Discounted,المتأخرة و مخفضة,
Accounting Details,تفاصيل المحاسبة,
Debit To,مدين الى,
Is Opening Entry,هل هو قيد افتتاحي,
C-Form Applicable,C-نموذج قابل للتطبيق,
Commission Rate (%),نسبة العمولة (%),
Sales Team1,مبيعات Team1,
Against Income Account,مقابل حساب الدخل,
Sales Invoice Advance,فاتورة مبيعات المقدمة,
Advance amount,المبلغ المقدم,
Sales Invoice Item,بند فاتورة مبيعات,
Customer's Item Code,كود صنف العميل,
Brand Name,العلامة التجارية اسم,
Qty as per Stock UOM,الكمية حسب السهم لوحدة قياس السهم,
Discount and Margin,الخصم والهامش,
Rate With Margin,معدل مع الهامش,
Discount (%) on Price List Rate with Margin,الخصم (?) على سعر قائمة السعر مع الهامش,
Rate With Margin (Company Currency),السعر بالهامش (عملة الشركة),
Delivered By Supplier,سلمت من قبل المورد,
Deferred Revenue,قيد الايرادات المستحقة,
Deferred Revenue Account,حساب الايرادات المستحقة,
Enable Deferred Revenue,تمكين الايرادات المستحقة,
Stock Details,تفاصيل المخزون,
Customer Warehouse (Optional),مستودع العميل (اختياري),
Available Batch Qty at Warehouse,الكمية المتاحة من الباتش فى المخزن,
Available Qty at Warehouse,الكمية المتاحة في مستودع,
Delivery Note Item,ملاحظة تسليم الصنف,
Base Amount (Company Currency),المبلغ الأساسي (عملة الشركة ),
Sales Invoice Timesheet,السجل الزمني لفاتورة المبيعات,
Time Sheet,ورقة الوقت,
Billing Hours,ساعات الفواتير,
Timesheet Detail,تفاصيل الجدول الزمني,
Tax Amount After Discount Amount (Company Currency),مبلغ الضريبة بعد خصم مبلغ (بعملة الشركة),
Item Wise Tax Detail,تفصيل ضريبة وفقاً للصنف,
Parenttype,Parenttype,
"Standard tax template that can be applied to all Sales Transactions. This template can contain list of tax heads and also other expense / income heads like ""Shipping"", ""Insurance"", ""Handling"" etc.\n\n#### Note\n\nThe tax rate you define here will be the standard tax rate for all **Items**. If there are **Items** that have different rates, they must be added in the **Item Tax** table in the **Item** master.\n\n#### Description of Columns\n\n1. Calculation Type: \n    - This can be on **Net Total** (that is the sum of basic amount).\n    - **On Previous Row Total / Amount** (for cumulative taxes or charges). If you select this option, the tax will be applied as a percentage of the previous row (in the tax table) amount or total.\n    - **Actual** (as mentioned).\n2. Account Head: The Account ledger under which this tax will be booked\n3. Cost Center: If the tax / charge is an income (like shipping) or expense it needs to be booked against a Cost Center.\n4. Description: Description of the tax (that will be printed in invoices / quotes).\n5. Rate: Tax rate.\n6. Amount: Tax amount.\n7. Total: Cumulative total to this point.\n8. Enter Row: If based on ""Previous Row Total"" you can select the row number which will be taken as a base for this calculation (default is the previous row).\n9. Is this Tax included in Basic Rate?: If you check this, it means that this tax will not be shown below the item table, but will be included in the Basic Rate in your main item table. This is useful where you want give a flat price (inclusive of all taxes) price to customers.","قالب الضرائب القياسية التي يمكن تطبيقها على جميع عمليات البيع. يمكن أن يحتوي هذا القالب قائمة رؤساء الضريبية، وكذلك غيرهم من رؤساء حساب / الدخل مثل ""شحن""، ""التأمين""، ""معالجة""، وغيرها \n\n #### ملاحظة \n\n معدل الضريبة لك تعريف هنا سوف يكون معدل الضريبة موحد لجميع الأصناف ** **. إذا كانت هناك بنود ** ** التي لها أسعار مختلفة، وأنها يجب أن يضاف في * بند الضرائب ** في بند الجدول ** ** الرئيسي.\n\n #### وصف الأعمدة \n\n 1. نوع الحساب: \n - وهذا يمكن أن يكون على ** صافي إجمالي ** (وهذا هو مجموع المبلغ الأساسي).\n - ** في الصف السابق الكل / المكونات ** (للضرائب أو رسوم التراكمية). إذا قمت بتحديد هذا الخيار، سيتم تطبيق الضريبة كنسبة مئوية من الصف السابق (في الجدول الضرائب) كمية أو المجموع.\n - ** ** الفعلية (كما ذكر).\n 2. رئيس الحساب: حساب دفتر الأستاذ والتي بموجبها سيتم حجز هذه الضريبة \n 3. مركز التكلفة: إذا الضرائب / الرسوم هو الدخل (مثل الشحن) أو حساب فإنه يحتاج إلى أن يتم الحجز مقابل مركز التكلفة.\n 4. الوصف: وصف الضريبية (التي ستتم طباعتها في الفواتير / الاقتباس).\n 5. معدل: معدل الضريبة.\n 6. المبلغ: مبلغ الضرائب.\n 7. المجموع: مجموعه التراكمي لهذه النقطة.\n 8. أدخل الصف: إذا كان على أساس ""السابق صف إجمالي"" يمكنك تحديد عدد الصفوف التي سيتم اتخاذها كقاعدة لهذا الحساب (الافتراضي هو الصف السابق).\n 9. هل هذه الضريبة متضمنة في سعر الأساسية؟: إذا قمت بتحديد هذا، فهذا يعني أنه لن يتم عرض هذه الضريبة أسفل بند الجدول ، ولكن سوف تدرج في المعدل الأساسي في بند الجدول الرئيسي الخاص بك. وهذا مفيد حيث تريد إعطاء سعر شقة (شاملة لجميع الضرائب) السعر للعملاء.",
* Will be calculated in the transaction.,* سيتم احتسابه في المعاملة.,
From No,من رقم,
To No,إلى رقم,
Is Company,هل هي شركة,
Current State,الوضع الحالي,
Purchased,مشترى,
From Shareholder,من المساهم,
From Folio No,من فوليو رقم,
To Shareholder,للمساهم,
To Folio No,إلى الورقة رقم,
Equity/Liability Account,حساب الأسهم / المسؤولية,
Asset Account,حساب الأصول,
(including),(تتضمن),
ACC-SH-.YYYY.-,ACC-SH-.YYYY.-,
Folio no.,فوليو نو.,
Contact List,قائمة جهات الاتصال,
Hidden list maintaining the list of contacts linked to Shareholder,قائمة مخفية الحفاظ على قائمة من الاتصالات المرتبطة المساهم,
Specify conditions to calculate shipping amount,تحديد شروط لحساب كمية الشحن,
Shipping Rule Label,ملصق قاعدة الشحن,
example: Next Day Shipping,مثال:شحن اليوم التالي,
Shipping Rule Type,نوع القاعدة الشحن,
Shipping Account,حساب الشحن,
Calculate Based On,إحسب الربح بناء على,
Fixed,ثابت,
Net Weight,الوزن الصافي,
Shipping Amount,مبلغ الشحن,
Shipping Rule Conditions,شروط قاعدة الشحن,
Restrict to Countries,تقييد على الدول,
Valid for Countries,صالح للدول,
Shipping Rule Condition,حالة قاعدة الشحن,
A condition for a Shipping Rule,شرط للحصول على قانون الشحن,
From Value,من القيمة,
To Value,إلى القيمة,
Shipping Rule Country,بلد قاعدة الشحن,
Subscription Period,فترة الاشتراك,
Subscription Start Date,تاريخ بدء الاشتراك,
Cancelation Date,تاريخ الإلغاء,
Trial Period Start Date,فترة بداية الفترة التجريبية,
Trial Period End Date,تاريخ انتهاء الفترة التجريبية,
Current Invoice Start Date,تاريخ بدء الفاتورة الحالي,
Current Invoice End Date,تاريخ انتهاء الفاتورة الحالي,
Days Until Due,أيام حتى موعد الاستحقاق,
Number of days that the subscriber has to pay invoices generated by this subscription,عدد الأيام التي يتعين على المشترك دفع الفواتير الناتجة عن هذا الاشتراك,
Cancel At End Of Period,الغاء في نهاية الفترة,
Generate Invoice At Beginning Of Period,توليد فاتورة في بداية الفترة,
Plans,الخطط,
Discounts,الخصميات,
Additional DIscount Percentage, نسبة الخصم الإضافي,
Additional DIscount Amount,مقدار الخصم الاضافي,
Subscription Invoice,فاتورة الاشتراك,
Subscription Plan,خطة الاشتراك,
Price Determination,تحديد السعر,
Fixed rate,سعر صرف ثابت,
Based on price list,على أساس قائمة الأسعار,
Cost,الكلفة,
Billing Interval,فوترة الفترات,
Billing Interval Count,عدد فترات الفوترة,
"Number of intervals for the interval field e.g if Interval is 'Days' and Billing Interval Count is 3, invoices will be generated every 3 days",عدد الفواصل الزمنية للحقل الفاصل على سبيل المثال ، إذا كانت الفاصل الزمني هو &quot;أيام&quot; وعدد الفوترة للفوترة هو 3 ، فسيتم إنشاء الفواتير كل 3 أيام,
Payment Plan,خطة الدفع,
Subscription Plan Detail,تفاصيل خطة الاشتراك,
Plan,الخطة,
Subscription Settings,إعدادات الاشتراك,
Grace Period,فترة سماح,
Number of days after invoice date has elapsed before canceling subscription or marking subscription as unpaid,عدد الأيام التي انقضت بعد تاريخ الفاتورة قبل إلغاء الاشتراك أو وضع علامة على الاشتراك كمبلغ غير مدفوع,
Cancel Invoice After Grace Period,إلغاء الفاتورة بعد فترة سماح,
Prorate,بشكل نسبي,
Tax Rule,القاعدة الضريبية,
Tax Type,نوع الضريبة,
Use for Shopping Cart,يستخدم لسلة التسوق,
Billing City,مدينة الفوترة,
Billing County,إقليم الفواتير,
Billing State,الدولة الفواتير,
Billing Zipcode,الرمز البريدي للفواتير,
Billing Country,بلد إرسال الفواتير,
Shipping City,مدينة الشحن,
Shipping County,مقاطعة البريدية,
Shipping State,الدولة الشحن,
Shipping Zipcode,الشحن الرمز البريدي,
Shipping Country,دولة الشحن,
Tax Withholding Account,حساب حجب الضرائب,
Tax Withholding Rates,أسعار الخصم الضريبي,
Rates,الاسعار,
Tax Withholding Rate,سعر الخصم الضريبي,
Single Transaction Threshold,عتبة معاملة واحدة,
Cumulative Transaction Threshold,عتبة المعاملة التراكمية,
Agriculture Analysis Criteria,معايير التحليل الزراعي,
Linked Doctype,يرتبط دوكتيب,
Water Analysis,تحليل المياه,
Soil Analysis,تحليل التربة,
Plant Analysis,تحليل النباتات,
Fertilizer,سماد,
Soil Texture,قوام التربة,
Weather,الطقس,
Agriculture Manager,مدير الزراعة,
Agriculture User,مستخدم بالقطاع الزراعي,
Agriculture Task,مهمة زراعية,
Start Day,تبدأ في,
End Day,تنتهي في,
Holiday Management,إدارة العطلات,
Ignore holidays,تجاهل العطلات,
Previous Business Day,يوم العمل السابق,
Next Business Day,يوم العمل التالي,
Urgent,عاجل,
Crop,المحصول,
Crop Name,اسم المحصول,
Scientific Name,الاسم العلمي,
"You can define all the tasks which need to carried out for this crop here. The day field is used to mention the day on which the task needs to be carried out, 1 being the 1st day, etc.. ",يمكنك تحديد جميع المهام التي تحتاج إلى القيام بها لهذا المحصول هنا. يستخدم حقل اليوم لذكر اليوم الذي يجب أن يتم تنفيذ المهمة، 1 هو اليوم الأول، الخ.,
Crop Spacing,تباعد المحاصيل,
Crop Spacing UOM,تباعد المحاصيل أوم,
Row Spacing,المسافة بين السطور,
Row Spacing UOM,تباعد الصفوم أوم,
Perennial,الدائمة,
Biennial,مرة كل سنتين,
Planting UOM,زراعة أوم,
Planting Area,زرع,
Yield UOM,العائد أوم,
Materials Required,المواد المطلوبة,
Produced Items,العناصر المنتجة,
Produce,إنتاج,
Byproducts,منتجات جانبية,
Linked Location,الموقع المرتبط,
A link to all the Locations in which the Crop is growing,رابط لجميع المواقع التي ينمو فيها المحصول,
This will be day 1 of the crop cycle,وسيكون هذا اليوم 1 من دورة المحاصيل,
ISO 8601 standard,معيار ISO 8601,
Cycle Type,نوع الدورة,
Less than a year,أقل من عام,
The minimum length between each plant in the field for optimum growth,الحد الأدنى لطول كل محطة في الميدان لتحقيق النمو الأمثل,
The minimum distance between rows of plants for optimum growth,الحد الأدنى للمسافة بين صفوف النباتات للنمو الأمثل,
Detected Diseases,الأمراض المكتشفة,
List of diseases detected on the field. When selected it'll automatically add a list of tasks to deal with the disease ,قائمة الأمراض المكتشفة في الميدان. عند اختيارها سوف تضيف تلقائيا قائمة من المهام للتعامل مع المرض,
Detected Disease,مرض مكتشف,
LInked Analysis,تحليل ملزم,
Disease,المرض,
Tasks Created,المهام التي تم إنشاؤها,
Common Name,اسم شائع,
Treatment Task,العلاج المهمة,
Treatment Period,فترة العلاج,
Fertilizer Name,اسم السماد,
Density (if liquid),الكثافة (إذا كانت سائلة),
Fertilizer Contents,محتوى الأسمدة,
Fertilizer Content,محتوى الأسمدة,
Linked Plant Analysis,تحليل النباتات المرتبطة,
Linked Soil Analysis,تحليل التربة المرتبط,
Linked Soil Texture,مرتبط، تربة، بنية,
Collection Datetime,جمع داتيتيم,
Laboratory Testing Datetime,اختبار المختبر داتيتيم,
Result Datetime,النتيجة داتيتيم,
Plant Analysis Criterias,معمل تحليل النبات,
Plant Analysis Criteria,معايير تحليل النباتات,
Minimum Permissible Value,الحد الأدنى للقيمة المسموح بها,
Maximum Permissible Value,القيمة القصوى المسموح بها,
Ca/K,Ca/K,
Ca/Mg,Ca/Mg,
Mg/K,Mg/K,
(Ca+Mg)/K,(Ca+Mg)/K,
Ca/(K+Ca+Mg),Ca/(K+Ca+Mg),
Soil Analysis Criterias,معايير تحليل التربة,
Soil Analysis Criteria,معايير تحليل التربة,
Soil Type,نوع التربة,
Loamy Sand,التربة الطميية,
Sandy Loam,ساندي لوم,
Loam,طين,
Silt Loam,الطمي الطميية,
Sandy Clay Loam,التربة الطينية الخصبة,
Clay Loam,تربة طينية,
Silty Clay Loam,سيلتي كلاي لوم,
Sandy Clay,الصلصال الرملي,
Silty Clay,الطين الغريني,
Clay Composition (%),تركيب الطين (?),
Sand Composition (%),تكوين الرمل (?),
Silt Composition (%),تكوين الطمي (?),
Ternary Plot,مؤامرة ثلاثية,
Soil Texture Criteria,معايير نسيج التربة,
Type of Sample,نوع العينة,
Container,حاوية,
Origin,الأصل,
Collection Temperature ,درجة حرارة المجموعة,
Storage Temperature,درجة حرارة التخزين,
Appearance,المظهر الخارجي,
Person Responsible,الشخص المسؤول,
Water Analysis Criteria,معايير تحليل المياه,
Weather Parameter,معلمة الطقس,
ACC-ASS-.YYYY.-,ACC-ASS-.YYYY.-,
Asset Owner,مالك الأصول,
Asset Owner Company,شركة أسيت أونر,
Custodian,عهدة على,
Disposal Date,تاريخ التخلص,
Journal Entry for Scrap,قيد دفتر يومية للتخريد,
Available-for-use Date,التاريخ المتاح للاستخدام,
Calculate Depreciation,احتساب الاهلاكات,
Allow Monthly Depreciation,السماح للاهلاك الشهري,
Number of Depreciations Booked,عدد الاهلاكات المستنفده مسبقا,
Finance Books,دفتر التمويل,
Straight Line,خط مستقيم,
Double Declining Balance,اهلاك تناقصي,
Manual,يدوي,
Value After Depreciation,القيمة بعد الاهلاك,
Total Number of Depreciations,إجمالي عدد التلفيات,
Frequency of Depreciation (Months),تواتر او تكرار الاهلاك (أشهر),
Next Depreciation Date,تاريخ االاستهالك التالي,
Depreciation Schedule,جدول الاهلاك الزمني,
Depreciation Schedules,جداول الاهلاك الزمنية,
Policy number,رقم بوليصة التامين,
Insurer,شركة التأمين,
Insured value,المبلغ المؤمن عليه,
Insurance Start Date,تاريخ بداية التأمين,
Insurance End Date,تاريخ انتهاء التأمين,
Comprehensive Insurance,تأمين شامل,
Maintenance Required,الصيانة مطلوبة,
Check if Asset requires Preventive Maintenance or Calibration,تحقق مما إذا كان الأصل يتطلب الصيانة الوقائية أو المعايرة,
Booked Fixed Asset,حجز الأصول الثابتة,
Purchase Receipt Amount,مبلغ استلام الشراء,
Default Finance Book,الفترة المحاسبية الافتراضية,
Quality Manager,مدير الجودة,
Asset Category Name,اسم فئة الأصول,
Depreciation Options,خيارات الإهلاك,
Enable Capital Work in Progress Accounting,تمكين العمل في رأس المال,
Finance Book Detail,تفاصيل الفترة المحاسبية,
Asset Category Account,حساب فئة الأصول,
Fixed Asset Account,حساب الأصول الثابتة,
Accumulated Depreciation Account,حساب مجمع الاهلاك,
Depreciation Expense Account,حساب مصاريف الاهلاك,
Capital Work In Progress Account,حساب مشاريع قيد التنفيذ,
Asset Finance Book,سجل الأصول,
Written Down Value,القيمة المخصومة,
Depreciation Start Date,تاريخ بداية الإهلاك,
Expected Value After Useful Life,القيمة المتوقعة بعد حياة مفيدة,
Rate of Depreciation,معدل أو نسبة الاهلاك,
In Percentage,نسبة في المئة,
Select Serial No,حدد رقم التسلسل,
Maintenance Team,فريق الصيانة,
Maintenance Manager Name,اسم مدير الصيانة,
Maintenance Tasks,مهام الصيانة,
Manufacturing User,مستخدم التصنيع,
Asset Maintenance Log,سجل صيانة الأصول,
ACC-AML-.YYYY.-,ACC-AML-.YYYY.-,
Maintenance Type,نوع الصيانة,
Maintenance Status,حالة الصيانة,
Planned,مخطط له,
Actions performed,الإجراءات المنجزة,
Asset Maintenance Task,مهمة صيانة الأصول,
Maintenance Task,مهمة الصيانة,
Preventive Maintenance,الصيانة الوقائية,
Calibration,معايرة,
2 Yearly,مرتين في العام,
Certificate Required,الشهادة مطلوبة,
Next Due Date,موعد الاستحقاق التالي,
Last Completion Date,تاريخ الانتهاء الأخير,
Asset Maintenance Team,فريق صيانة الأصول,
Maintenance Team Name,اسم فريق الصيانة,
Maintenance Team Members,أعضاء فريق الصيانة,
Purpose,الغرض,
Stock Manager,مدير المخزن,
Asset Movement Item,بند حركة الأصول,
Source Location,موقع المصدر,
From Employee,من الموظف,
Target Location,الموقع المستهدف,
To Employee,إلى الموظف,
Asset Repair,صيانة الأصل,
ACC-ASR-.YYYY.-,ACC-ASR-.YYYY.-,
Failure Date,تاريخ حصول الخلل,
Assign To Name,احالة إلى اسم,
Repair Status,حالة الإصلاح,
Error Description,وصف الخلل الموجود,
Downtime,التوقف,
Repair Cost,تكلفة الإصلاح,
Manufacturing Manager,مدير التصنيع,
Current Asset Value,قيمة الأصول الحالية,
New Asset Value,قيمة الأصول الجديدة,
Make Depreciation Entry,انشئ قيد اهلاك,
Finance Book Id,رقم دفتر تمويل,
Location Name,اسم الموقع,
Parent Location,الموقع الأم,
Is Container,هل هي محمية?,
Check if it is a hydroponic unit,تحقق مما إذا كانت ارض مائية,
Location Details,تفاصيل الموقع,
Latitude,خط العرض,
Longitude,خط الطول,
Area,المنطقة,
Area UOM,وحدة قياس المساحة,
Tree Details,تفاصيل شجرة,
Maintenance Team Member,عضو فريق الصيانة,
Team Member,عضو الفريق,
Maintenance Role,صلاحية الصيانة,
Buying Settings,إعدادات الشراء,
Settings for Buying Module,إعدادات لشراء وحدة,
Supplier Naming By,المورد تسمية بواسطة,
Default Supplier Group,مجموعة الموردين الافتراضية,
Default Buying Price List,قائمة اسعار الشراء الافتراضية,
Maintain same rate throughout purchase cycle,الحفاظ على نفس السعر طوال دورة  الشراء,
Allow Item to be added multiple times in a transaction,السماح بإضافة صنف لأكثر من مرة في عملية تجارية,
Backflush Raw Materials of Subcontract Based On,Backflush المواد الخام من العقد من الباطن,
Material Transferred for Subcontract,المواد المنقولة للعقود من الباطن,
Over Transfer Allowance (%),بدل النقل (?),
Percentage you are allowed to transfer more against the quantity ordered. For example: If you have ordered 100 units. and your Allowance is 10% then you are allowed to transfer 110 units.,النسبة المئوية المسموح لك بنقلها أكثر مقابل الكمية المطلوبة. على سبيل المثال: إذا كنت قد طلبت 100 وحدة. والبدل الخاص بك هو 10 ? ثم يسمح لك بنقل 110 وحدات.,
PUR-ORD-.YYYY.-,PUR-ORD-.YYYY.-,
Get Items from Open Material Requests,الحصول على عناصر من طلبات فتح المواد,
Required By,مطلوبة في تاريخ,
Order Confirmation No,رقم تأكيد الطلب,
Order Confirmation Date,تاريخ تأكيد الطلب,
Customer Mobile No,رقم محمول العميل,
Customer Contact Email,البريد الالكتروني للعميل,
Set Target Warehouse,حدد المخزن الوجهة,
Supply Raw Materials,توريد المواد الخام,
Purchase Order Pricing Rule,قاعدة تسعير أمر الشراء,
Set Reserve Warehouse,تعيين مستودع الاحتياطي,
In Words will be visible once you save the Purchase Order.,وبعبارة تكون مرئية بمجرد حفظ أمر الشراء.,
Advance Paid,المدفوعة مسبقاً,
% Billed,% تم فوترة نسبة,
% Received,تم استلام?,
Ref SQ,المرجع SQ,
Inter Company Order Reference,المرجع لطلب شركة داخلية,
Supplier Part Number,رقم قطعة المورد,
Billed Amt,مبلغ الفوترة,
Warehouse and Reference,مستودع والمراجع,
To be delivered to customer,ليتم تسليمها إلى العملاء,
Material Request Item,صنف المواد المطلوبة,
Supplier Quotation Item,المورد اقتباس الإغلاق,
Against Blanket Order,ضد بطانية النظام,
Blanket Order,طلبات طويلة الاجل (مستمرة),
Blanket Order Rate,بطالة سعر النظام,
Returned Qty,الكمية المرتجعة,
Purchase Order Item Supplied,الأصناف المزوده بامر الشراء,
BOM Detail No,رقم تفاصيل فاتورة الموارد,
Stock Uom,وحدة قياس السهم,
Raw Material Item Code,قانون المواد الخام المدينة,
Supplied Qty,الموردة الكمية,
Purchase Receipt Item Supplied,شراء السلعة استلام الموردة,
Current Stock,المخزون الحالية,
PUR-RFQ-.YYYY.-,PUR-RFQ-.YYYY.-,
For individual supplier,عن مورد فردي,
Supplier Detail,المورد التفاصيل,
Message for Supplier,رسالة لمزود,
Request for Quotation Item,طلب تسعيرة الصنف,
Required Date,تاريخ المطلوبة,
Request for Quotation Supplier,طلب تسعيرة مزود,
Send Email,إرسال بريد الإلكتروني,
Quote Status,حالة المناقصة,
Download PDF,تحميل PDF,
Supplier of Goods or Services.,المورد من السلع أو الخدمات.,
Name and Type,اسم ونوع,
SUP-.YYYY.-,SUP-.YYYY.-,
Default Bank Account,حساب البنك الافتراضي,
Is Transporter,هو الناقل,
Represents Company,يمثل الشركة,
Supplier Type,المورد نوع,
Warn RFQs,تحذير رفق,
Warn POs,تحذير نقاط الشراء,
Prevent RFQs,منع رفق,
Prevent POs,منع نقاط الشراء,
Billing Currency,عملات الفواتير,
Default Payment Terms Template,نموذج شروط الدفع الافتراضية,
Block Supplier,حجب المورد,
Hold Type,نوع التعليق,
Leave blank if the Supplier is blocked indefinitely,اتركه فارغًا إذا تم حظر المورد إلى أجل غير مسمى,
Default Payable Accounts,الحسابات الدائنة الافتراضي,
Mention if non-standard payable account,أذكر إذا كان الحساب غير القياسي مستحق الدفع,
Default Tax Withholding Config,الافتراضي حجب الضرائب التكوين,
Supplier Details,تفاصيل المورد,
Statutory info and other general information about your Supplier,المعلومات القانونية وغيرها من المعلومات العامة عن المورد الخاص بك,
PUR-SQTN-.YYYY.-,PUR-SQTN-.YYYY.-,
Supplier Address,عنوان المورد,
Link to material requests,رابط لطلبات المادية,
Rounding Adjustment (Company Currency,تعديل التقريب (عملة الشركة,
Auto Repeat Section,تكرار تلقائي للقسم,
Is Subcontracted,وتعاقد من الباطن,
Lead Time in days,المهلة بالايام,
Supplier Score,المورد نقاط,
Indicator Color,لون المؤشر,
Evaluation Period,فترة التقييم,
Per Week,في الاسبوع,
Per Month,كل شهر,
Per Year,كل سنة,
Scoring Setup,سجل الإعداد,
Weighting Function,وظيفة الترجيح,
"Scorecard variables can be used, as well as:\n{total_score} (the total score from that period),\n{period_number} (the number of periods to present day)\n",يمكن استخدام متغيرات بطاقة النقاط، وكذلك: {total_score} (إجمالي النقاط من تلك الفترة)، {period_number} (عدد الفترات حتى اليوم),
Scoring Standings,ترتيب الترتيب,
Criteria Setup,إعداد المعايير,
Load All Criteria,تحميل جميع المعايير,
Scoring Criteria,معايير التسجيل,
Scorecard Actions,إجراءات بطاقة الأداء,
Warn for new Request for Quotations,تحذير لطلب جديد للاقتباسات,
Warn for new Purchase Orders,تحذير لأوامر الشراء الجديدة,
Notify Supplier,إعلام المورد,
Notify Employee,إعلام الموظف,
Supplier Scorecard Criteria,معايير بطاقة تقييم أداء المورد,
Criteria Name,اسم المعايير,
Max Score,أقصى درجة,
Criteria Formula,معايير الصيغة,
Criteria Weight,معايير الوزن,
Supplier Scorecard Period,المورد بطاقة الأداء,
PU-SSP-.YYYY.-,PU-SSP-.YYYY.-,
Period Score,فترة النتيجة,
Calculations,العمليات الحسابية,
Criteria,المعايير,
Variables,المتغيرات,
Supplier Scorecard Setup,إعداد بطاقة الأداء المورد,
Supplier Scorecard Scoring Criteria,معايير سجل نقاط الأداء للموردين,
Score,أحرز هدفاً,
Supplier Scorecard Scoring Standing,المورد بطاقة الأداء التهديف الدائمة,
Standing Name,اسم الدائمة,
Min Grade,دقيقة الصف,
Max Grade,ماكس الصف,
Warn Purchase Orders,تحذير أوامر الشراء,
Prevent Purchase Orders,منع أوامر الشراء,
Employee ,الموظف,
Supplier Scorecard Scoring Variable,سجل الأداء بطاقة الأداء المتغير,
Variable Name,اسم المتغير,
Parameter Name,اسم المعلمة,
Supplier Scorecard Standing,ترتيب مكانة بطاقة قياس الأداء للمورد,
Notify Other,إعلام الآخرين,
Supplier Scorecard Variable,متغيرات بطاقة تقييم أداء المورد,
Call Log,سجل المكالمات,
Received By,استلمت من قبل,
Caller Information,معلومات المتصل,
Contact Name,اسم جهة الاتصال,
Lead Name,اسم الزبون المحتمل,
Ringing,رنين,
Missed,مفقود,
Call Duration in seconds,مدة المكالمة بالثواني,
Recording URL,تسجيل URL,
Communication Medium,الاتصالات متوسطة,
Communication Medium Type,الاتصالات المتوسطة النوع,
Voice,صوت,
Catch All,قبض على الكل,
"If there is no assigned timeslot, then communication will be handled by this group",إذا لم يكن هناك مهلة زمنية محددة ، فسيتم التعامل مع الاتصالات من قبل هذه المجموعة,
Timeslots,فتحات الوقت,
Communication Medium Timeslot,الاتصالات المتوسطة Timeslot,
Employee Group,مجموعة الموظفين,
Appointment,موعد,
Scheduled Time,جدول زمني,
Unverified,غير مثبت عليه,
Customer Details,تفاصيل العميل,
Phone Number,رقم الهاتف,
Skype ID,هوية السكايب,
Linked Documents,الوثائق المرتبطة,
Appointment With,موعد مع,
Calendar Event,حدث التقويم,
Appointment Booking Settings,إعدادات حجز المواعيد,
Enable Appointment Scheduling,تمكين جدولة موعد,
Agent Details,تفاصيل الوكيل,
Availability Of Slots,توافر فتحات,
Number of Concurrent Appointments,عدد المواعيد المتزامنة,
Agents,الوكلاء,
Appointment Details,تفاصيل الموعد,
Appointment Duration (In Minutes),مدة التعيين (بالدقائق),
Notify Via Email,إخطار عبر البريد الإلكتروني,
Notify customer and agent via email on the day of the appointment.,إخطار العميل والوكيل عبر البريد الإلكتروني في يوم الموعد.,
Number of days appointments can be booked in advance,عدد أيام يمكن حجز المواعيد مقدما,
Success Settings,إعدادات النجاح,
Success Redirect URL,نجاح إعادة توجيه URL,
"Leave blank for home.\nThis is relative to site URL, for example ""about"" will redirect to ""https://yoursitename.com/about""",اتركه فارغًا للمنزل. هذا مرتبط بعنوان URL للموقع ، على سبيل المثال &quot;about&quot; ستتم إعادة التوجيه إلى &quot;https://yoursitename.com/about&quot;,
Appointment Booking Slots,حجز موعد الشقوق,
From Time ,من وقت,
Campaign Email Schedule,جدول البريد الإلكتروني للحملة,
Send After (days),إرسال بعد (أيام),
Signed,تم التوقيع,
Party User,مستخدم الجهة,
Unsigned,غير موقعة,
Fulfilment Status,حالة الوفاء,
N/A,N / A,
Unfulfilled,لم تتحقق,
Partially Fulfilled,تمت جزئيا,
Fulfilled,استيفاء,
Lapsed,ساقطا,
Contract Period,مدة العقد,
Signee Details,تفاصيل المنشور,
Signee,Signee,
Signed On,تم تسجيل الدخول,
Contract Details,تفاصيل العقد,
Contract Template,قالب العقد,
Contract Terms,شروط العقد,
Fulfilment Details,تفاصيل الاستيفاء,
Requires Fulfilment,يتطلب وفاء,
Fulfilment Deadline,الموعد النهائي للوفاء,
Fulfilment Terms,شروط الوفاء,
Contract Fulfilment Checklist,قائمة مراجعة إنجاز العقد,
Requirement,المتطلبات,
Contract Terms and Conditions,شروط وأحكام العقد,
Fulfilment Terms and Conditions,شروط وأحكام الوفاء,
Contract Template Fulfilment Terms,شروط استيفاء قالب العقد,
Email Campaign,حملة البريد الإلكتروني,
Email Campaign For ,حملة البريد الإلكتروني ل,
Lead is an Organization,الزبون المحتمل هو منظمة,
CRM-LEAD-.YYYY.-,CRM-LEAD-.YYYY.-,
Person Name,اسم الشخص,
Lost Quotation,تسعيرة خسر,
Interested,مهتم,
Converted,تحويل,
Do Not Contact,عدم الاتصال,
From Customer,من العملاء,
Campaign Name,اسم الحملة,
Follow Up,متابعة,
Next Contact By,جهة الاتصال التالية بواسطة,
Next Contact Date,تاريخ جهة الاتصال التالية,
Address & Contact,معلومات الاتصال والعنوان,
Mobile No.,رقم الجوال,
Lead Type,نوع الزبون المحتمل,
Channel Partner,شريك القناة,
Consultant,مستشار,
Market Segment,سوق القطاع,
Industry,مجال العمل,
Request Type,طلب نوع,
Product Enquiry,الإستفسار عن المنتج,
Request for Information,طلب المعلومات,
Suggestions,الاقتراحات,
Blog Subscriber,مدونه المشترك,
Lost Reason Detail,تفاصيل السبب المفقود,
Opportunity Lost Reason,فرصة ضائعة السبب,
Potential Sales Deal,المبيعات المحتملة صفقة,
CRM-OPP-.YYYY.-,CRM-OPP-.YYYY.-,
Opportunity From,فرصة من,
Customer / Lead Name,العميل/ اسم العميل المحتمل,
Opportunity Type,نوع الفرصة,
Converted By,تحويل بواسطة,
Sales Stage,مرحلة المبيعات,
Lost Reason,فقد السبب,
To Discuss,لمناقشة,
With Items,مع الأصناف,
Probability (%),احتمالا (?),
Contact Info,معلومات الاتصال,
Customer / Lead Address,العميل/ عنوان العميل المحتمل,
Contact Mobile No,الاتصال المحمول لا,
Enter name of campaign if source of enquiry is campaign,أدخل اسم الحملة إذا كان مصدر من التحقيق هو حملة,
Opportunity Date,تاريخ الفرصة,
Opportunity Item,فرصة الصنف,
Basic Rate,قيم الأساسية,
Stage Name,اسم المرحلة,
Term Name,اسم الشرط,
Term Start Date,تاريخ بدء الشرط,
Term End Date,تاريخ انتهاء الشرط,
Academics User,المستخدمين الأكادميين,
Academic Year Name,اسم العام الدراسي,
Article,المقالة,
LMS User,LMS المستخدم,
Assessment Criteria Group,مجموعة معايير تقييم,
Assessment Group Name,اسم مجموعة التقييم,
Parent Assessment Group,مجموعة التقييم الأب,
Assessment Name,اسم تقييم,
Grading Scale,مقياس الدرجات,
Examiner,ممتحن,
Examiner Name,اسم الممتحن,
Supervisor,مشرف,
Supervisor Name,اسم المشرف,
Evaluate,تقييم,
Maximum Assessment Score,النتيجة القصوى للتقييم,
Assessment Plan Criteria,معايير خطة التقييم,
Maximum Score,الدرجة القصوى,
Total Score,مجموع النقاط,
Grade,الدرجة,
Assessment Result Detail,تفاصيل نتيجة التقييم,
Assessment Result Tool,أداة نتيجة التقييم,
Result HTML,نتيجة HTML,
Content Activity,نشاط المحتوى,
Last Activity ,النشاط الاخير,
Content Question,سؤال المحتوى,
Question Link,رابط السؤال,
Course Name,اسم المقرر التعليمي,
Topics,المواضيع,
Hero Image,الصورة,
Default Grading Scale,مقياس الدرجات الافتراضي,
Education Manager,مدير اكاديمي,
Course Activity,نشاط الدورة,
Course Enrollment,تسجيل مقرر,
Activity Date,تاريخ النشاط,
Course Assessment Criteria,معايير تقييم المقرر التعليمي,
Weightage,الوزن,
Course Content,محتوى الدورة,
Quiz,اختبار قصير,
Program Enrollment,ادراج البرنامج,
Enrollment Date,تاريخ التسجيل,
Instructor Name,اسم المحاضر,
EDU-CSH-.YYYY.-,EDU-CSH-.YYYY.-,
Course Scheduling Tool,أداة الجدول الزمني للمقرر التعليمي,
Course Start Date,تاريخ بدء المقرر التعليمي,
To TIme,إلى وقت,
Course End Date,تاريخ انتهاء المقرر التعليمي,
Course Topic,موضوع الدورة,
Topic,الموضوع,
Topic Name,اسم الموضوع,
Education Settings,إعدادات التعليم,
Current Academic Year,السنة الدراسية الحالية,
Current Academic Term,المدة الأكاديمية الحالية,
Attendance Freeze Date,تاريخ تجميد الحضور,
Validate Batch for Students in Student Group,التحقق من صحة الدفعة للطلاب في مجموعة الطلاب,
"For Batch based Student Group, the Student Batch will be validated for every Student from the Program Enrollment.",بالنسبة لمجموعة الطالب القائمة على الدفعة، سيتم التحقق من الدفعة الطالب لكل طالب من تسجيل البرنامج.,
Validate Enrolled Course for Students in Student Group,التحقق من صحة دورة المسجلين للطلاب في مجموعة الطلاب,
"For Course based Student Group, the Course will be validated for every Student from the enrolled Courses in Program Enrollment.",بالنسبة للطلاب مجموعة مقرها دورة، سيتم التحقق من صحة الدورة لكل طالب من الدورات المسجلة في التسجيل البرنامج.,
Make Academic Term Mandatory,اعداد الأكاديمي المدة إلزامية,
"If enabled, field Academic Term will be Mandatory in Program Enrollment Tool.",إذا تم تمكينه ، فسيكون الحقل الدراسي الأكاديمي إلزاميًا في أداة انتساب البرنامج.,
Instructor Records to be created by,سجلات المعلم ليتم إنشاؤها من قبل,
Employee Number,رقم الموظف,
LMS Settings,إعدادات LMS,
Enable LMS,تمكين LMS,
LMS Title,LMS العنوان,
Fee Category,فئة الرسوم,
Fee Component,مكون رسوم,
Fees Category,فئة الرسوم,
Fee Schedule,جدول الرسوم,
Fee Structure,هيكلية الرسوم,
EDU-FSH-.YYYY.-,EDU-FSH-.YYYY.-,
Fee Creation Status,حالة إنشاء الرسوم,
In Process,جاري العمل,
Send Payment Request Email,إرسال طلب الدفع البريد الإلكتروني,
Student Category,فئة الطالب,
Fee Breakup for each student,رسوم فصل لكل طالب,
Total Amount per Student,إجمالي المبلغ لكل طالب,
Institution,المعهد,
Fee Schedule Program,برنامج جدول الرسوم,
Student Batch,دفعة طلاب,
Total Students,مجموع الطلاب,
Fee Schedule Student Group,جدول الرسوم مجموعة الطلاب,
EDU-FST-.YYYY.-,EDU-FST-.YYYY.-,
EDU-FEE-.YYYY.-,EDU-FEE-.YYYY.-,
Include Payment,يشمل الدفع,
Send Payment Request,إرسال طلب الدفع,
Student Details,تفاصيل الطالب,
Student Email,البريد الإلكتروني للطالب,
Grading Scale Name,الدرجات اسم النطاق,
Grading Scale Intervals,فواصل درجات مقياس,
Intervals,الفترات,
Grading Scale Interval,درجات مقياس الفاصل الزمني,
Grade Code,كود المستوى,
Threshold,درجة النجاح,
Grade Description,الصف الوصف,
Guardian,ولي الأمر,
Guardian Name,اسم ولي الأمر,
Alternate Number,رقم بديل,
Occupation,الوظيفة,
Work Address,عنوان العمل,
Guardian Of ,ولي أمر لـ,
Students,الطلاب,
Guardian Interests,أهتمامات ولي الامر,
Guardian Interest,أهتمام ولي الامر,
Interest,فائدة,
Guardian Student,ولي امر الطالب,
EDU-INS-.YYYY.-,EDU-INS-.YYYY.-,
Instructor Log,سجل المعلم,
Other details,تفاصيل أخرى,
Option,اختيار,
Is Correct,هل هو صحيح,
Program Name,إسم البرنامج,
Program Abbreviation,اختصار برنامج,
Courses,الدورات,
Is Published,هل تم النشر,
Allow Self Enroll,السماح للالتحاق الذاتي,
Is Featured,هل هي مميزة,
Intro Video,مقدمة الفيديو,
Program Course,مقرر برنامج,
School House,سكن المدرسة,
Boarding Student,طالب الصعود,
Check this if the Student is residing at the Institute's Hostel.,تحقق من ذلك إذا كان الطالب يقيم في فندق المعهد.,
Walking,مشيا على الاقدام,
Institute's Bus,حافلة المعهد,
Public Transport,النقل العام,
Self-Driving Vehicle,سيارة ذاتية القيادة,
Pick/Drop by Guardian,اختيار / قطرة من قبل الجارديان,
Enrolled courses,الدورات المسجلة,
Program Enrollment Course,دورة التسجيل في البرنامج,
Program Enrollment Fee,رسوم التسجيل برنامج,
Program Enrollment Tool,أداة انتساب برنامج,
Get Students From,الحصول على الطلاب من,
Student Applicant,تقديم الطلب,
Get Students,الحصول على الطلاب,
Enrollment Details,تفاصيل التسجيل,
New Program,برنامج جديد,
New Student Batch,دفعة طلاب جديدة,
Enroll Students,تسجيل الطلاب,
New Academic Year,العام الدراسي الجديد,
New Academic Term,مصطلح أكاديمي جديد,
Program Enrollment Tool Student,برنامج انتساب أداة الطلاب,
Student Batch Name,اسم الدفعة,
Program Fee,رسوم البرنامج,
Question,السؤال,
Single Correct Answer,إجابة واحدة صحيحة,
Multiple Correct Answer,الإجابة الصحيحة متعددة,
Quiz Configuration,مسابقة التكوين,
Passing Score,درجة النجاح,
Score out of 100,يسجل من 100,
Max Attempts,محاولات ماكس,
Enter 0 to waive limit,أدخل 0 للتنازل عن الحد,
Grading Basis,أساس الدرجات,
Latest Highest Score,أحدث أعلى الدرجات,
Latest Attempt,آخر محاولة,
Quiz Activity,مسابقة النشاط,
Enrollment,التسجيل,
Pass,البشري,
Quiz Question,مسابقة السؤال,
Quiz Result,نتيجة مسابقة,
Selected Option,الخيار المحدد,
Correct,صحيح,
Wrong,خطأ,
Room Name,اسم القاعة,
Room Number,رقم القاعة,
Seating Capacity,عدد المقاعد,
House Name,اسم المنزل,
EDU-STU-.YYYY.-,EDU-STU-.YYYY.-,
Student Mobile Number,طالب عدد موبايل,
Joining Date,تاريخ الانضمام,
Blood Group,فصيلة الدم,
A+,+A,
A-,-A,
B+,B+,
B-,B-,
O+,O+,
O-,O-,
AB+,+AB,
AB-,-AB,
Nationality,الجنسية,
Home Address,عنوان المنزل,
Guardian Details,تفاصيل الوصي,
Guardians,أولياء الأمور,
Sibling Details,تفاصيل الأخوة,
Siblings,الأخوة والأخوات,
Exit,خروج,
Date of Leaving,تاريخ المغادرة,
Leaving Certificate Number,ترك رقم الشهادة,
Student Admission,قبول الطلاب,
Application Form Route,مسار إستمارة التقديم,
Admission Start Date,تاريخ بداية القبول,
Admission End Date,تاريخ انتهاء القبول,
Publish on website,نشر على الموقع الإلكتروني,
Eligibility and Details,الأهلية والتفاصيل,
Student Admission Program,برنامج قبول الطالب,
Minimum Age,الحد الأدنى للعمر,
Maximum Age,الحد الأقصى للعمر,
Application Fee,رسوم الإستمارة,
Naming Series (for Student Applicant),تسمية تسلسلية (مقدم الطلب),
LMS Only,LMS فقط,
EDU-APP-.YYYY.-,EDU-APP-.YYYY.-,
Application Status,حالة الطلب,
Application Date,تاريخ التقديم,
Student Attendance Tool,أداة تحضير الطلاب,
Students HTML,طلاب HTML,
Group Based on,المجموعة بناء على,
Student Group Name,اسم المجموعة الطلابية,
Max Strength,القوة القصوى,
Set 0 for no limit,مجموعة 0 لأي حد,
Instructors,المحاضرون,
Student Group Creation Tool,اداة انشاء مجموعة طلاب,
Leave blank if you make students groups per year,اتركه فارغا إذا جعلت مجموعات الطلاب في السنة,
Get Courses,الحصول على دورات,
Separate course based Group for every Batch,مجموعة منفصلة بالطبع مقرها لكل دفعة,
Leave unchecked if you don't want to consider batch while making course based groups. ,الاجازه غير محدده إذا كنت لا ترغب في النظر في دفعة مع جعل مجموعات مقرها بالطبع.,
Student Group Creation Tool Course,دورة المجموعة الطلابية أداة الانشاء,
Course Code,كود المقرر التعليمي,
Student Group Instructor,مجموعة الطالب,
Student Group Student,مجموعة طالب طالب,
Group Roll Number,رقم لفة المجموعة,
Student Guardian,الجارديان طالب,
Relation,العلاقة,
Mother,الأم,
Father,ألآب,
Student Language,لغة الطالب,
Student Leave Application,طلب اجازه للطالب,
Mark as Present,إجعله حاضرا,
Will show the student as Present in Student Monthly Attendance Report,سوف تظهر الطالب كما موجود في طالب تقرير الحضور الشهري,
Student Log,سجل الطالب,
Academic,أكاديمي,
Achievement,الإنجاز,
Student Report Generation Tool,أداة إنشاء تقرير الطلاب,
Include All Assessment Group,تشمل جميع مجموعة التقييم,
Show Marks,إظهار العلامات,
Add letterhead,إضافة ترويسة,
Print Section,قسم الطباعة,
Total Parents Teacher Meeting,مجموع اجتماع الأهل المعلمين,
Attended by Parents,مطلوب الحضور من قبل أولياء الامور,
Assessment Terms,شروط التقييم,
Student Sibling,شقيق الطالب,
Studying in Same Institute,الذين يدرسون في نفس المعهد,
Student Siblings,الإخوة والأخوات الطلاب,
Topic Content,محتوى الموضوع,
Amazon MWS Settings,إعدادات الأمازون MWS,
ERPNext Integrations,ERPNext Integrations,
Enable Amazon,تمكين الأمازون,
MWS Credentials,MWS بيانات الاعتماد,
Seller ID,رقم البائع,
AWS Access Key ID,AWS Access Key ID,
MWS Auth Token,MWS Auth Token,
Market Place ID,رقم السوق,
AU,AU,
BR,BR,
CA,CA,
CN,CN,
DE,DE,
ES,ES,
FR,FR,
JP,JP,
IT,IT,
UK,المملكة المتحدة,
US,الولايات المتحدة,
Customer Type,نوع العميل,
Market Place Account Group,مجموعة حساب السوق,
After Date,بعد التاريخ,
Amazon will synch data updated after this date,ستعمل Amazon على مزامنة البيانات التي تم تحديثها بعد هذا التاريخ,
Get financial breakup of Taxes and charges data by Amazon ,الحصول على تفكك مالي للبيانات الضرائب والرسوم من قبل الأمازون,
Click this button to pull your Sales Order data from Amazon MWS.,انقر فوق هذا الزر لسحب بيانات &quot;أمر المبيعات&quot; من Amazon MWS.,
Check this to enable a scheduled Daily synchronization routine via scheduler,تحقق من هذا لتمكين روتين تزامن يومي مجدول من خلال المجدول,
Max Retry Limit,الحد الأقصى لإعادة المحاولة,
Exotel Settings,إعدادات Exotel,
Account SID,حساب SID,
API Token,رمز واجهة برمجة التطبيقات,
GoCardless Mandate,GoCardless الانتداب,
Mandate,تفويض,
GoCardless Customer,عميل GoCardless,
GoCardless Settings,إعدادات GoCardless,
Webhooks Secret,Webhooks سر,
Plaid Settings,إعدادات منقوشة,
Synchronize all accounts every hour,مزامنة جميع الحسابات كل ساعة,
Plaid Client ID,معرف العميل منقوشة,
Plaid Secret,سر منقوشة,
Plaid Public Key,منقوشة المفتاح العام,
Plaid Environment,بيئة منقوشة,
sandbox,sandbox,
development,التطوير,
QuickBooks Migrator,QuickBooks Migrator,
Application Settings,إعدادات التطبيق,
Token Endpoint,نقطة نهاية الرمز المميز,
Scope,النطاق,
Authorization Settings,إعدادات التخويل,
Authorization Endpoint,نقطة نهاية التخويل,
Authorization URL,عنوان التخويل,
Quickbooks Company ID,معرّف شركة Quickbooks,
Company Settings,إعدادات الشركة,
Default Shipping Account,حساب الشحن الافتراضي,
Default Warehouse,النماذج الافتراضية,
Default Cost Center,مركز التكلفة الافتراضي,
Undeposited Funds Account,حساب الأموال غير المدعومة,
Shopify Log,سجل Shopify,
Request Data,طلب البيانات,
Shopify Settings,Shopify الإعدادات,
status html,حالة أتش تي أم أل,
Enable Shopify,تمكين Shopify,
App Type,نوع التطبيق,
Last Sync Datetime,آخر مزامنة التاريخ والوقت,
Shop URL,عنوان URL للمتجر,
eg: frappe.myshopify.com,على سبيل المثال، frappe.myshopify.com,
Shared secret,سر مشترك,
Webhooks Details,تفاصيل Webhooks,
Webhooks,Webhooks,
Customer Settings,إعدادات العميل,
Default Customer,العميل الافتراضي,
"If Shopify not contains a customer in Order, then while syncing Orders, the system will consider default customer for order",إذا لم يحتوي Shopify على عميل بالترتيب ، فعند مزامنة الطلبات ، سيعتبر النظام العميل الافتراضي للطلب,
Customer Group will set to selected group while syncing customers from Shopify,سيتم تعيين مجموعة العملاء على مجموعة محددة أثناء مزامنة العملاء من Shopify,
For Company,للشركة,
Cash Account will used for Sales Invoice creation,سيستخدم الحساب النقدي لإنشاء فاتورة المبيعات,
Update Price from Shopify To ERPNext Price List,تحديث السعر من Shopify إلى قائمة أسعار ERPNext,
Default Warehouse to to create Sales Order and Delivery Note,المستودع الافتراضي لإنشاء أمر مبيعات وتسليم ملاحظة,
Sales Order Series,سلسلة أوامر المبيعات,
Import Delivery Notes from Shopify on Shipment,ملاحظات التسليم التسليم من Shopify على الشحن,
Delivery Note Series,سلسلة إشعارات التسليم,
Import Sales Invoice from Shopify if Payment is marked,فاتورة مبيعات الاستيراد من Shopify إذا تم وضع علامة على الدفع,
Sales Invoice Series,سلسلة فاتورة المبيعات,
Shopify Tax Account,Shopify حساب الضرائب,
Shopify Tax/Shipping Title,Shopify الضرائب / عنوان الشحن,
ERPNext Account,حساب ERPNext,
Shopify Webhook Detail,Shopify التفاصيل Webhook,
Webhook ID,معرف Webhook,
Tally Migration,تالي الهجرة,
Master Data,البيانات الرئيسية,
Is Master Data Processed,هل تمت معالجة البيانات الرئيسية,
Is Master Data Imported,هل تم استيراد البيانات الرئيسية؟,
Tally Creditors Account,حساب رصيد الدائنين,
Tally Debtors Account,رصيد حساب المدينين,
Tally Company,شركة تالي,
ERPNext Company,شركة ERPNext,
Processed Files,الملفات المعالجة,
Parties,الأطراف,
UOMs,وحدات القياس,
Vouchers,القسائم,
Round Off Account,حساب التقريب العشري,
Day Book Data,بيانات  كتاب اليوم,
Is Day Book Data Processed,يتم معالجة بيانات دفتر اليوم,
Is Day Book Data Imported,يتم استيراد بيانات دفتر اليوم,
Woocommerce Settings,إعدادات Woocommerce,
Enable Sync,تمكين المزامنة,
Woocommerce Server URL,عنوان URL لخادم Woocommerce,
Secret,سري,
API consumer key,مفتاح مستخدم API,
API consumer secret,كلمة مرور مستخدم API,
Tax Account,حساب الضرائب,
Freight and Forwarding Account,حساب الشحن والتخليص,
Creation User,انشاء المستخدم,
"The user that will be used to create Customers, Items and Sales Orders. This user should have the relevant permissions.",المستخدم الذي سيتم استخدامه لإنشاء العملاء والعناصر وطلبات المبيعات. يجب أن يكون لدى هذا المستخدم الأذونات ذات الصلة.,
"This warehouse will be used to create Sales Orders. The fallback warehouse is ""Stores"".",سيتم استخدام هذا المستودع لإنشاء أوامر المبيعات. مستودع احتياطي هو &quot;مخازن&quot;.,
"The fallback series is ""SO-WOO-"".",سلسلة الاحتياطية هي &quot;SO-WOO-&quot;.,
This company will be used to create Sales Orders.,سيتم استخدام هذه الشركة لإنشاء أوامر المبيعات.,
Delivery After (Days),التسليم بعد (أيام),
This is the default offset (days) for the Delivery Date in Sales Orders. The fallback offset is 7 days from the order placement date.,هذا هو الإزاحة الافتراضية (أيام) لتاريخ التسليم في أوامر المبيعات. الإزاحة الاحتياطية هي 7 أيام من تاريخ وضع الطلب.,
"This is the default UOM used for items and Sales orders. The fallback UOM is ""Nos"".",هذا هو UOM الافتراضي المستخدم للعناصر وطلبات المبيعات. احتياطي UOM هو &quot;Nos&quot;.,
Endpoints,النهاية,
Endpoint,نقطة النهاية,
Antibiotic Name,اسم المضاد الحيوي,
Healthcare Administrator,مدير الرعاية الصحية,
Laboratory User,مختبر المستخدم,
Is Inpatient,هو المرضى الداخليين,
HLC-CPR-.YYYY.-,HLC-CPR-.YYYY.-,
Procedure Template,قالب الإجرائية,
Procedure Prescription,وصفة الإجراء,
Service Unit,وحدة الخدمة,
Consumables,المواد الاستهلاكية,
Consume Stock,أستهلاك المخزون,
Nursing User,التمريض المستخدم,
Clinical Procedure Item,بند الاجراء السريري,
Invoice Separately as Consumables,فاتورة منفصلة كما مستهلكات,
Transfer Qty,نقل الكمية,
Actual Qty (at source/target),الكمية الفعلية (في المصدر / الهدف),
Is Billable,هو قابل للفوترة,
Allow Stock Consumption,السماح باستهلاك المخزون,
Collection Details,تفاصيل المجموعة,
Codification Table,جدول التدوين,
Complaints,الشكاوي,
Dosage Strength,قوة الجرعة,
Strength,القوة,
Drug Prescription,وصفة الدواء,
Dosage,الجرعة,
Dosage by Time Interval,الجرعة بواسطة الفاصل الزمني,
Interval,الفترة,
Interval UOM,الفاصل الزمني أوم,
Hour,الساعة,
Update Schedule,تحديث الجدول الزمني,
Max number of visit,الحد الأقصى لعدد الزيارات,
Visited yet,تمت الزيارة,
Mobile,التليفون المحمول,
Phone (R),الهاتف (R),
Phone (Office),الهاتف (المكتب),
Hospital,المستشفى,
Appointments,التعيينات,
Practitioner Schedules,جداول الممارس,
Charges,الرسوم,
Default Currency,العملة الافتراضية,
Healthcare Schedule Time Slot,فتحة وقت جدول الرعاية الصحية,
Parent Service Unit,وحدة خدمة الوالدين,
Service Unit Type,نوع وحدة الخدمة,
Allow Appointments,السماح بالمواعيد,
Allow Overlap,السماح بالتداخل,
Inpatient Occupancy,إشغال المرضى الداخليين,
Occupancy Status,حالة الإشغال,
Vacant,شاغر,
Occupied,احتل,
Item Details,بيانات الصنف,
UOM Conversion in Hours,تحويل UOM في ساعات,
Rate / UOM,السعر / وحدة قياس,
Change in Item,تغيير في الصنف,
Out Patient Settings,خارج إعدادات المريض,
Patient Name By,اسم المريض بي,
Patient Name,اسم المريض,
"If checked, a customer will be created, mapped to Patient.\nPatient Invoices will be created against this Customer. You can also select existing Customer while creating Patient.",إذا تم تحديده، سيتم إنشاء عميل، يتم تعيينه إلى المريض. سيتم إنشاء فواتير المرضى ضد هذا العميل. يمكنك أيضا تحديد العميل الحالي أثناء إنشاء المريض.,
Default Medical Code Standard,المعايير الطبية الافتراضية,
Collect Fee for Patient Registration,تحصيل رسوم تسجيل المريض,
Registration Fee,رسوم التسجيل,
Manage Appointment Invoice submit and cancel automatically for Patient Encounter,قم بإدارة إرسال فاتورة المواعيد وإلغاؤها تلقائيًا لـ Patient Encounter,
Valid Number of Days,عدد الأيام الصحيحة,
Clinical Procedure Consumable Item,بند استخدام الإجراء السريري,
Default income accounts to be used if not set in Healthcare Practitioner to book Appointment charges.,يتم استخدام حسابات الدخل الافتراضية إذا لم يتم تعيينها في ممارس الرعاية الصحية لحجز رسوم موعد.,
Out Patient SMS Alerts,خارج التنبيهات سمز المريض,
Patient Registration,تسجيل المريض,
Registration Message,رسالة التسجيل,
Confirmation Message,رسالة تأكيد,
Avoid Confirmation,تجنب التأكيد,
Do not confirm if appointment is created for the same day,لا تؤكد إذا تم إنشاء التعيين لنفس اليوم,
Appointment Reminder,تذكير بالموعد,
Reminder Message,رسالة تذكير,
Remind Before,تذكير من قبل,
Laboratory Settings,إعدادات المختبر,
Employee name and designation in print,اسم الموظف وتعيينه في الطباعة,
Custom Signature in Print,التوقيع المخصص في الطباعة,
Laboratory SMS Alerts,مختبرات الرسائل القصيرة سمز,
Check In,تحقق في,
Check Out,الدفع,
HLC-INP-.YYYY.-,HLC-INP-.YYYY.-,
A Positive,A+,
A Negative,A-,
AB Positive,AB+,
AB Negative,AB-,
B Positive,B+,
B Negative,B-,
O Positive,O+,
O Negative,O-,
Date of birth,تاريخ الميلاد,
Admission Scheduled,التقديم مخطط,
Discharge Scheduled,إبراء الذمة المجدولة,
Discharged,تفريغها,
Admission Schedule Date,تاريخ التقديم المخطط,
Admitted Datetime,تاريخ ووقت التقديم,
Expected Discharge,التصريف المتوقع,
Discharge Date,تاريخ التفريغ,
Discharge Note,ملاحظة التفريغ,
Lab Prescription,وصفة المختبر,
Test Created,تم إنشاء الاختبار,
LP-,LP-,
Submitted Date,تاريخ التقديم / التسجيل,
Approved Date,تاريخ الموافقة,
Sample ID,رقم تعريف العينة,
Lab Technician,فني مختبر,
Technician Name,اسم فني,
Report Preference,تفضيل التقرير,
Test Name,اسم الاختبار,
Test Template,نموذج الاختبار,
Test Group,مجموعة الاختبار,
Custom Result,نتيجة مخصصة,
LabTest Approver,لابتيست أبروفر,
Lab Test Groups,مجموعات اختبار المختبر,
Add Test,إضافة اختبار,
Add new line,إضافة سطر جديد,
Normal Range,المعدل الطبيعي,
Result Format,تنسيق النتيجة,
"Single for results which require only a single input, result UOM and normal value \n<br>\nCompound for results which require multiple input fields with corresponding event names, result UOMs and normal values\n<br>\nDescriptive for tests which have multiple result components and corresponding result entry fields. \n<br>\nGrouped for test templates which are a group of other test templates.\n<br>\nNo Result for tests with no results. Also, no Lab Test is created. e.g.. Sub Tests for Grouped results.",واحد للنتائج التي تتطلب فقط إدخال واحد، نتيجة أوم والقيمة العادية <br> مجمع للنتائج التي تتطلب حقول الإدخال متعددة مع أسماء الأحداث المقابلة، نتيجة أومس والقيم العادية <br> وصفي للاختبارات التي تحتوي على مكونات نتائج متعددة وحقول إدخال النتيجة المقابلة. <br> مجمعة لنماذج الاختبار التي هي مجموعة من نماذج الاختبار الأخرى. <br> لا توجد نتيجة للاختبارات مع عدم وجود نتائج. أيضا، لا يتم إنشاء مختبر اختبار. على سبيل المثال. الاختبارات الفرعية للنتائج المجمعة.,
Single,أعزب,
Compound,مركب,
Descriptive,وصفي,
Grouped,مجمعة,
No Result,لا نتيجة,
"If unchecked, the item wont be appear in Sales Invoice, but can be used in group test creation. ",إذا لم يتم تحديده، لن يظهر الصنف في فاتورة المبيعات، ولكن يمكن استخدامه في إنشاء اختبار المجموعة.,
This value is updated in the Default Sales Price List.,يتم تحديث هذه القيمة في قائمة أسعار المبيعات الافتراضية.,
Lab Routine,إجراء المختبر,
Special,خاص,
Normal Test Items,عناصر الاختبار العادية,
Result Value,قيمة النتيجة,
Require Result Value,تتطلب قيمة النتيجة,
Normal Test Template,قالب الاختبار العادي,
Patient Demographics,الخصائص الديمغرافية للمرضى,
HLC-PAT-.YYYY.-,HLC-PAT-.YYYY.-,
Inpatient Status,حالة المرضى الداخليين,
Personal and Social History,التاريخ الشخصي والاجتماعي,
Marital Status,الحالة الإجتماعية,
Married,متزوج,
Divorced,مطلق,
Widow,أرملة,
Patient Relation,علاقة المريض,
"Allergies, Medical and Surgical History",الحساسية، التاريخ الطبي والجراحي,
Allergies,الحساسية,
Medication,الأدوية,
Medical History,التاريخ المرضي,
Surgical History,التاريخ الجراحي,
Risk Factors,عوامل الخطر,
Occupational Hazards and Environmental Factors,المخاطر المهنية والعوامل البيئية,
Other Risk Factors,عوامل الخطر الأخرى,
Patient Details,تفاصيل المريض,
Additional information regarding the patient,معلومات إضافية عن المريض,
Patient Age,عمر المريض,
More Info,المزيد من المعلومات,
Referring Practitioner,مراجعة الطبيب المختص,
Reminded,تذكير,
Parameters,المتغيرات,
HLC-ENC-.YYYY.-,HLC-ENC-.YYYY.-,
Encounter Date,تاريخ الموعد,
Encounter Time,وقت الموعد,
Encounter Impression,  لقاء للمعاينه,
In print,في الطباعة,
Medical Coding,الترميز الطبي,
Procedures,الإجراءات,
Review Details,تفاصيل المراجعة,
HLC-PMR-.YYYY.-,HLC-PMR-.YYYY.-,
Spouse,الزوج,
Family,العائلة,
Schedule Name,اسم الجدول الزمني,
Time Slots,فتحات الوقت,
Practitioner Service Unit Schedule,جدول وحدة خدمة الطبيب,
Procedure Name,اسم الإجراء,
Appointment Booked,تم حجز الموعد,
Procedure Created,الإجراء الذي تم إنشاؤه,
HLC-SC-.YYYY.-,HLC-SC-.YYYY.-,
Collected By,جمع بواسطة,
Collected Time,الوقت الذي تم جمعه,
No. of print,رقم الطباعة,
Sensitivity Test Items,عناصر الفحص الحساسة,
Special Test Items,عناصر الاختبار الخاصة,
Particulars,تفاصيل,
Special Test Template,قالب اختبار خاص,
Result Component,مكون النتيجة,
Body Temperature,درجة حرارة الجسم,
Presence of a fever (temp &gt; 38.5 °C/101.3 °F or sustained temp &gt; 38 °C/100.4 °F),وجود حمى (درجة الحرارة&gt; 38.5 درجة مئوية / 101.3 درجة فهرنهايت أو درجة حرارة ثابتة&gt; 38 درجة مئوية / 100.4 درجة فهرنهايت),
Heart Rate / Pulse,معدل ضربات القلب / نبض,
Adults' pulse rate is anywhere between 50 and 80 beats per minute.,معدل نبض البالغين في أي مكان بين 50 و 80 نبضة في الدقيقة الواحدة.,
Respiratory rate,معدل التنفس,
Normal reference range for an adult is 16–20 breaths/minute (RCP 2012),النطاق المرجعي الطبيعي للكبار هو 16-20 نفسا / دقيقة (رسيب 2012),
Tongue,لسان,
Coated,مطلي,
Very Coated,مغلفة جدا,
Normal,عادي,
Furry,Furry,
Cuts,تخفيضات,
Abdomen,بطن,
Bloated,منتفخ,
Fluid,مائع,
Constipated,ممسك,
Reflexes,ردود الفعل,
Hyper,مرتفع,
Very Hyper,مرتفع جدا,
One Sided,جانب واحد,
Blood Pressure (systolic),ضغط الدم (الانقباضي),
Blood Pressure (diastolic),ضغط الدم (الانبساطي),
Blood Pressure,ضغط الدم,
"Normal resting blood pressure in an adult is approximately 120 mmHg systolic, and 80 mmHg diastolic, abbreviated ""120/80 mmHg""",النتيجه الطبيعيه لضغط الدم  في الكبار هو ما يقرب من 120 ملم زئبقي الانقباضي، و 80 ملم زئبق الانبساطي، مختصر &quot;120/80 ملم زئبق&quot;,
Nutrition Values,قيم التغذية,
Height (In Meter),الارتفاع (بالمتر),
Weight (In Kilogram),الوزن (بالكيلوجرام),
BMI,مؤشر كتلة الجسم,
Hotel Room,غرفة الفندق,
Hotel Room Type,نوع غرفة الفندق,
Capacity,السعة,
Extra Bed Capacity,سرير إضافي,
Hotel Manager,مدير الفندق,
Hotel Room Amenity,خدمة غرف الفندق,
Billable,قابل للفوترة,
Hotel Room Package,عرض شامل لغرفة الفندق,
Amenities,خدمات الفندق,
Hotel Room Pricing,تسعير غرفة الفندق,
Hotel Room Pricing Item,بند تسعيره غرفة الفندق,
Hotel Room Pricing Package,عرض سعرمكتمل لغرف الفندق,
Hotel Room Reservation,حجز غرفة بالفندق,
Guest Name,اسم الضيف,
Late Checkin,دخول متاخر,
Booked,تم الحجز,
Hotel Reservation User,مستخدم حجوزات الفندق,
Hotel Room Reservation Item,بند حجز غرفه في الفندق,
Hotel Settings,إعدادات الفندق,
Default Taxes and Charges,الضرائب والرسوم الافتراضية,
Default Invoice Naming Series,سلسلة تسمية الفاتورة الافتراضية,
Additional Salary,راتب إضافي,
HR,الموارد البشرية,
HR-ADS-.YY.-.MM.-,HR-ADS-.YY .-. MM.-,
Salary Component,مكون الراتب,
Overwrite Salary Structure Amount,الكتابة فوق هيكل الهيكل المرتب,
Deduct Full Tax on Selected Payroll Date,خصم الضريبة الكاملة على تاريخ الرواتب المحدد,
Payroll Date,جدول الرواتب,
Date on which this component is applied,تاريخ تطبيق هذا المكون,
Salary Slip,كشف الراتب,
Salary Component Type,نوع مكون الراتب,
HR User,مستخدم الموارد البشرية,
Appointment Letter,رسالة موعد,
Job Applicant,طالب الوظيفة,
Applicant Name,اسم طالب الوظيفة,
Appointment Date,تاريخ الموعد,
Appointment Letter Template,قالب رسالة التعيين,
Body,الجسم,
Closing Notes,ملاحظات ختامية,
Appointment Letter content,محتوى رسالة التعيين,
Appraisal,التقييم,
HR-APR-.YY.-.MM.,HR-APR-.YY.-.MM.,
Appraisal Template,قالب التقييم,
For Employee Name,لاسم الموظف,
Goals,الأهداف,
Calculate Total Score,حساب النتيجة الإجمالية,
Total Score (Out of 5),مجموع نقاط (من 5),
"Any other remarks, noteworthy effort that should go in the records.",أي ملاحظات أخرى، وجهود جديرة بالذكر يجب أن تدون في السجلات.,
Appraisal Goal,الغاية من التقييم,
Key Responsibility Area,وصف معيار التقييم,
Weightage (%),الوزن(?),
Score (0-5),نقاط (0-5),
Score Earned,النقاط المكتسبة,
Appraisal Template Title,عنوان قالب التقييم,
Appraisal Template Goal,الغاية من قالب التقييم,
KRA,KRA,
Key Performance Area,وصف معيار التقييم,
HR-ATT-.YYYY.-,HR-ATT-.YYYY.-,
On Leave,في إجازة,
Work From Home,العمل من المنزل,
Leave Application,طلب اجازة,
Attendance Date,تاريخ الحضور,
Attendance Request,طلب حضور,
Late Entry,دخول متاخر,
Early Exit,خروج مبكر,
Half Day Date,تاريخ نصف اليوم,
On Duty,في الخدمة,
Explanation,التفسير,
Compensatory Leave Request,طلب الإجازة التعويضية,
Leave Allocation,تخصيص إجازة,
Worked On Holiday,عملت في عطلة,
Work From Date,العمل من تاريخ,
Work End Date,تاريخ انتهاء العمل,
Select Users,حدد المستخدمون,
Send Emails At,إرسال رسائل البريد الإلكتروني في,
Reminder,تذكير,
Daily Work Summary Group User,مستخدم مجموعة ملخص العمل اليومي,
Parent Department,قسم الآباء,
Leave Block List,قائمة الايام المحضور الإجازة فيها,
Days for which Holidays are blocked for this department.,أيام العطلات التي تم حظرها لهذا القسم,
Leave Approvers,معتمدين الإجازات,
Leave Approver,معتمد الاجازات,
The first Leave Approver in the list will be set as the default Leave Approver.,سيتم تعيين أول معتمد اجازه  في القائمة كمعتمد إجازة افتراضي.,
Expense Approvers,معتمدي المصروفات,
Expense Approver,معتمد المصروفات,
The first Expense Approver in the list will be set as the default Expense Approver.,سيتم تعيين أول معتمد المصروفات في القائمة كمعتمد نفقات افتراضية.,
Department Approver,معتمد الادارة,
Approver,المخول بالموافقة,
Required Skills,المهارات المطلوبة,
Skills,المهارات,
Designation Skill,مهارة التعيين,
Skill,المهارة,
Driver,السائق,
HR-DRI-.YYYY.-,HR-DRI-.YYYY.-,
Suspended,معلق,
Transporter,الناقل,
Applicable for external driver,ينطبق على سائق خارجي,
Cellphone Number,رقم الهاتف المحمول,
License Details,تفاصيل الترخيص,
License Number,رقم الرخصة,
Issuing Date,تاريخ الإصدار,
Driving License Categories,فئات رخصة القيادة,
Driving License Category,رخصة قيادة الفئة,
Fleet Manager,مدير وسائل النقل,
Driver licence class,فئة رخصة القيادة,
HR-EMP-,HR-EMP-,
Employment Type,نوع الوظيفة,
Emergency Contact,الاتصال في حالات الطوارئ,
Emergency Contact Name,الطوارئ اسم الاتصال,
Emergency Phone,هاتف حالات الطوارئ,
ERPNext User,ERPNext المستخدم,
"System User (login) ID. If set, it will become default for all HR forms.",هوية مستخدم النظام (تسجيل الدخول). إذا وضع، وسوف تصبح الافتراضية لكافة أشكال HR.,
Create User Permission,إنشاء صلاحية المستخدم,
This will restrict user access to other employee records,سيؤدي هذا إلى تقييد وصول المستخدم لسجلات الموظفين الأخرى,
Joining Details,تفاصيل الانضمام,
Offer Date,تاريخ العرض,
Confirmation Date,تاريخ التأكيد,
Contract End Date,تاريخ نهاية العقد,
Notice (days),إشعار (أيام),
Date Of Retirement,تاريخ التقاعد,
Department and Grade,قسم والصف,
Reports to,إرسال التقارير إلى,
Attendance and Leave Details,تفاصيل الحضور والإجازة,
Leave Policy,سياسة الإجازة,
Attendance Device ID (Biometric/RF tag ID),رقم جهاز البصمة (رقم مميز للجهاز),
Applicable Holiday List,قائمة العطلات القابلة للتطبيق,
Default Shift,نوع الدوام الافتراضي,
Salary Details,تفاصيل الراتب,
Salary Mode,طريقة تحصيل الراتب,
Bank A/C No.,رقم الحساب البنكي,
Health Insurance,التأمين الصحي,
Health Insurance Provider,مزود التأمين الصحي,
Health Insurance No,رقم التأمين الصحي,
Prefered Email,البريد الإلكتروني المفضل,
Personal Email,البريد الالكتروني الشخصية,
Permanent Address Is,العنوان الدائم هو,
Rented,مؤجر,
Owned,مملوك,
Permanent Address,العنوان الدائم,
Prefered Contact Email,البريد الإلكتروني المفضل للتواصل,
Company Email,البريد الإلكتروني الخاص بالشركة,
Provide Email Address registered in company,تزويد بعنوان البريد الإلكتروني المسجل في شركة,
Current Address Is,العنوان الحالي هو,
Current Address,العنوان الحالي,
Personal Bio,السيرة الذاتية الشخصية,
Bio / Cover Letter,السيرة الذاتية / رسالة الغلاف,
Short biography for website and other publications.,نبذة على موقع الويب وغيره من المنشورات.,
Passport Number,رقم جواز السفر,
Date of Issue,تاريخ الإصدار,
Place of Issue,مكان الإصدار,
Widowed,ارمل,
Family Background,معلومات عن العائلة,
"Here you can maintain family details like name and occupation of parent, spouse and children",هنا يمكنك إدراج تفاصيل عائلية مثل اسم العائلة ومهنة الزوج، الوالدين والأطفال,
Health Details,تفاصيل الحالة الصحية,
"Here you can maintain height, weight, allergies, medical concerns etc",هنا يمكنك ادراج تفاصيل عن الحالة الصحية مثل الطول والوزن، الحساسية، المخاوف الطبية,
Educational Qualification,المؤهلات العلمية,
Previous Work Experience,خبرة العمل السابق,
External Work History,سجل العمل الخارجي,
History In Company,الحركة التاريخيه في الشركة,
Internal Work History,سجل العمل الداخلي,
Resignation Letter Date,تاريخ رسالة الإستقالة,
Relieving Date,تاريخ المغادرة,
Reason for Leaving,سبب ترك العمل,
Leave Encashed?,إجازات مصروفة نقداً؟,
Encashment Date,تاريخ التحصيل,
Exit Interview Details,تفاصيل مقابلة مغادرة الشركة,
Held On,عقدت في,
Reason for Resignation,سبب الاستقالة,
Better Prospects,آفاق أفضل,
Health Concerns,شؤون صحية,
New Workplace,مكان العمل الجديد,
HR-EAD-.YYYY.-,HR-EAD-.YYYY.-,
Due Advance Amount,مبلغ مقدم مستحق,
Returned Amount,المبلغ المرتجع,
Claimed,ادعى,
Advance Account,حساب مقدم,
Employee Attendance Tool,أداة الحضور للموظفين,
Unmarked Attendance,تم تسجيله غير حاضر,
Employees HTML,الموظفين HTML,
Marked Attendance,حضور مسجل,
Marked Attendance HTML,حضور مسجل HTML,
Employee Benefit Application,تطبيق مزايا الموظف,
Max Benefits (Yearly),أقصى الفوائد (سنويا),
Remaining Benefits (Yearly),الفوائد المتبقية (سنوية),
Payroll Period,فترة المرتبات,
Benefits Applied,الفوائد المطبقة,
Dispensed Amount (Pro-rated),المبلغ المخفَّض (المحسوب),
Employee Benefit Application Detail,تفاصيل تطبيق استحقاق الموظف,
Earning Component,أحدى المستحقات,
Pay Against Benefit Claim,ادفع ضد مطالبات الاستحقاق,
Max Benefit Amount,أقصى فائدة المبلغ,
Employee Benefit Claim,مطالبة مصلحة الموظف,
Claim Date,تاريخ المطالبة,
Benefit Type and Amount,نوع المنفعة والمبلغ,
Claim Benefit For,فائدة للمطالبة,
Max Amount Eligible,أقصى مبلغ مؤهل,
Expense Proof,إثبات المصاريف,
Employee Boarding Activity,نشاط صعود الموظف,
Activity Name,اسم النشاط,
Task Weight,وزن المهمة,
Required for Employee Creation,مطلوب لإنشاء موظف,
Applicable in the case of Employee Onboarding,ينطبق على حالة تشغيل الموظف,
Employee Checkin,بصمة الدخول والخروج,
Log Type,نوع السجل,
OUT,خارج,
Location / Device ID,الموقع / معرف الجهاز,
Skip Auto Attendance,تخطي الحضور التلقائي,
Shift Start,بداية الشيفت,
Shift End,نهاية الشيفت,
Shift Actual Start,بداية الشيفت الفعلي,
Shift Actual End,نهاية الشيفت الفعلية,
Employee Education,المستوى التعليمي للموظف,
School/University,مدرسة / جامعة,
Graduate,التخرج,
Post Graduate,دراسات عليا,
Under Graduate,بكالوريوس,
Year of Passing,سنة التخرج,
Class / Percentage,الفئة / النسبة المئوية,
Major/Optional Subjects,المواد الرئيسية والاختيارية التي تم دراستها,
Employee External Work History,سجل عمل الموظف خارج الشركة,
Total Experience,مجموع الخبرة,
Default Leave Policy,سياسة الإجازة الافتراضية,
Default Salary Structure,هيكل الراتب الافتراضي,
Employee Group Table,جدول مجموعة الموظفين,
ERPNext User ID,معرف المستخدم ERPNext,
Employee Health Insurance,التأمين الصحي للموظف,
Health Insurance Name,اسم التامين الصحي,
Employee Incentive,حافز الموظف,
Incentive Amount,مبلغ الحافز,
Employee Internal Work History,سجل عمل الموظف داخل الشركة,
Employee Onboarding,اعداد الموظف,
Notify users by email,أبلغ المستخدمين عن طريق البريد الإلكتروني,
Employee Onboarding Template,قالب لوحة القياده بالموظف,
Activities,الأنشطة,
Employee Onboarding Activity,لوحة القياده لانشطة الموظف,
Employee Promotion,ترقية الموظف,
Promotion Date,تاريخ العرض,
Employee Promotion Details,تفاصيل ترقية الموظف,
Employee Promotion Detail,ترقية الموظف التفاصيل,
Employee Property History,تاريخ الممتلكات الموظف,
Employee Separation,فصل الموظف,
Employee Separation Template,قالب فصل الموظفين,
Exit Interview Summary,الخروج من ملخص المقابلة,
Employee Skill,مهارة الموظف,
Proficiency,المهارة,
Evaluation Date,تاريخ التقييم,
Employee Skill Map,خريطة مهارة الموظف,
Employee Skills,مهارات الموظف,
Trainings,دورات تدريبية,
Employee Tax Exemption Category,فئة الإعفاء من ضريبة الموظف,
Max Exemption Amount,أقصى مبلغ الإعفاء,
Employee Tax Exemption Declaration,إعلان الإعفاء من ضريبة الموظف,
Declarations,التصريحات,
Total Declared Amount,إجمالي المبلغ المعلن,
Total Exemption Amount,مجموع مبلغ الإعفاء,
Employee Tax Exemption Declaration Category,فئة الإعفاء من ضريبة الموظف,
Exemption Sub Category,إعفاء الفئة الفرعية,
Exemption Category,فئة الإعفاء,
Maximum Exempted Amount,الحد الأقصى للمبلغ المعفى,
Declared Amount,المبلغ المعلن,
Employee Tax Exemption Proof Submission,إقرار الإعفاء من ضريبة الموظف,
Submission Date,تاريخ التقديم,
Tax Exemption Proofs,الإعفاء من الضرائب,
Total Actual Amount,إجمالي المبلغ الفعلي,
Employee Tax Exemption Proof Submission Detail,إعفاء من ضريبة الموظف,
Maximum Exemption Amount,الحد الأقصى للإعفاء المبلغ,
Type of Proof,نوع الإثبات,
Actual Amount,المبلغ الفعلي,
Employee Tax Exemption Sub Category,فئة الإعفاء من ضريبة الموظفين,
Tax Exemption Category,فئة الإعفاء الضريبي,
Employee Training,تدريب الموظفين,
Training Date,تاريخ التدريب,
Employee Transfer,نقل الموظفين,
Transfer Date,تاريخ التحويل,
Employee Transfer Details,تفاصيل نقل الموظف,
Employee Transfer Detail,نقل موظف التفاصيل,
Re-allocate Leaves,إعادة تخصيص الأوراق,
Create New Employee Id,إنشاء رمز موظف جديد,
New Employee ID,الرقم الوظيفي,
Employee Transfer Property,خاصية نقل الموظفين,
HR-EXP-.YYYY.-,HR-EXP-.YYYY.-,
Expense Taxes and Charges,مصاريف الضرائب والرسوم,
Total Sanctioned Amount,الإجمالي الكمية الموافق عليه,
Total Advance Amount,إجمالي المبلغ المدفوع مقدما,
Total Claimed Amount,إجمالي المبلغ المطالب به,
Total Amount Reimbursed,مجموع المبلغ المسدد,
Vehicle Log,دخول وسيلة النقل,
Employees Email Id,البريد الإلكتروني  للموظف,
Expense Claim Account,حساب المطالبة بالمصروفات,
Expense Claim Advance,المصروفات المطالبة مقدما,
Unclaimed amount,كمية المبالغ الغير مطالب بها,
Expense Claim Detail,تفاصيل  المطالبة بالمصروفات,
Expense Date,تاريخ المصروفات,
Expense Claim Type,نوع  المطالبة  بالمصروفات,
Holiday List Name,اسم قائمة العطلات,
Total Holidays,مجموع العطلات,
Add Weekly Holidays,أضف عطلات أسبوعية,
Weekly Off,العطلة الأسبوعية,
Add to Holidays,أضف إلى العطل,
Holidays,العطل,
Clear Table,مسح الجدول,
HR Settings,إعدادات الموارد البشرية,
Employee Settings,إعدادات الموظف,
Retirement Age,سن التقاعد,
Enter retirement age in years,أدخل سن التقاعد بالسنوات,
Employee Records to be created by,سجلات الموظفين المراد إنشاؤها من قبل,
Employee record is created using selected field. ,يتم إنشاء سجل الموظف باستخدام الحقل المحدد.,
Stop Birthday Reminders,ايقاف التذكير بأعياد الميلاد,
Don't send Employee Birthday Reminders,عدم ارسال تذكير للموضفين بأعياد الميلاد,
Expense Approver Mandatory In Expense Claim,الموافقة على المصروفات إلزامية في مطالبة المصروفات,
Payroll Settings,إعدادات دفع الرواتب,
Max working hours against Timesheet,اقصى عدد ساعات عمل بسجل التوقيت,
Include holidays in Total no. of Working Days,العطلات تحسب من ضمن أيام العمل,
"If checked, Total no. of Working Days will include holidays, and this will reduce the value of Salary Per Day",إذا تم، المشاركات لا. من أيام عمل وسوف تشمل أيام العطل، وهذا سوف يقلل من قيمة الراتب لكل يوم,
"If checked, hides and disables Rounded Total field in Salary Slips",إذا تم تحديده ، يقوم بإخفاء وتعطيل حقل Rounded Total في قسائم الرواتب,
Email Salary Slip to Employee,إرسال كشف الراتب للموظفين بالبريد الالكتروني,
Emails salary slip to employee based on preferred email selected in Employee,ارسال كشف الراتب إلي البريد الاكتروني المفضل من قبل الموظف,
Encrypt Salary Slips in Emails,تشفير قسائم الرواتب في رسائل البريد الإلكتروني,
"The salary slip emailed to the employee will be password protected, the password will be generated based on the password policy.",سيتم حماية كلمة مرور المرسل بالبريد الإلكتروني للموظف ، وسيتم إنشاء كلمة المرور بناءً على سياسة كلمة المرور.,
Password Policy,سياسة كلمة المرور,
<b>Example:</b> SAL-{first_name}-{date_of_birth.year} <br>This will generate a password like SAL-Jane-1972,<b>مثال:</b> SAL- {first_name} - {date_of_birth.year} <br> سيؤدي هذا إلى إنشاء كلمة مرور مثل SAL-Jane-1972,
Leave Settings,إعدادات الاجازه,
Leave Approval Notification Template, قالب إعلام الموافقة للاجازه,
Leave Status Notification Template,قالب إعلام الحالة للاجازه,
Role Allowed to Create Backdated Leave Application,الدور المسموح به لإنشاء تطبيق إجازة Backdated,
Leave Approver Mandatory In Leave Application,إجازة الموافقة إلزامية في طلب الإجازة,
Show Leaves Of All Department Members In Calendar,إظهار اجازات جميع أعضاء القسم في التقويم,
Auto Leave Encashment,صرف إجازة اليه مدفوعه,
Restrict Backdated Leave Application,تقييد طلب الإجازة المتأخرة,
Hiring Settings,إعدادات التوظيف,
Check Vacancies On Job Offer Creation,التحقق من الوظائف الشاغرة عند إنشاء عرض العمل,
Identification Document Type,نوع وثيقة التعريف,
Standard Tax Exemption Amount,معيار الإعفاء الضريبي,
Taxable Salary Slabs,شريحات الراتب الخاضعة للضريبة,
Applicant for a Job,المتقدم للحصول على وظيفة,
Accepted,مقبول,
Job Opening,وظيفة شاغرة,
Cover Letter,محتويات الرسالة المرفقة,
Resume Attachment,السيرة الذاتية,
Job Applicant Source,مصدر طالب الوظيفة,
Applicant Email Address,عنوان البريد الإلكتروني للمتقدم,
Awaiting Response,انتظار الرد,
Job Offer Terms,شروط عرض الوظيفة,
Select Terms and Conditions,اختر الشروط والأحكام,
Printing Details,تفاصيل الطباعة,
Job Offer Term,شرط عرض العمل,
Offer Term,شروط العرض,
Value / Description,القيمة / الوصف,
Description of a Job Opening,وصف وظيفة شاغرة,
Job Title,المسمى الوظيفي,
Staffing Plan,خطة التوظيف,
Planned number of Positions,العدد المخطط للمناصب,
"Job profile, qualifications required etc.",الملف الوظيفي ، المؤهلات المطلوبة الخ,
HR-LAL-.YYYY.-,HR-LAL-.YYYY.-,
Allocation,توزيع,
New Leaves Allocated,إنشاء تخصيص إجازة جديدة,
Add unused leaves from previous allocations,إضافة الاجازات غير المستخدمة من المخصصات السابقة,
Unused leaves,إجازات غير مستخدمة,
Total Leaves Allocated,إجمالي الاجازات المخصصة,
Total Leaves Encashed,اجمالي الاوراق مقطوعه,
Leave Period,فترة الاجازه,
Carry Forwarded Leaves,تحمل اجازات واحال,
Apply / Approve Leaves,تقديم / الموافقة على أجازة,
HR-LAP-.YYYY.-,HR-LAP-.YYYY.-,
Leave Balance Before Application,رصيد الاجازات قبل الطلب,
Total Leave Days,مجموع أيام الإجازة,
Leave Approver Name,أسم معتمد الاجازه,
Follow via Email,متابعة عبر البريد الإلكتروني,
Block Holidays on important days.,حظر الاجازات في الايام المهمة,
Leave Block List Name,اسم قائمة الإجازات المحظورة,
Applies to Company,ينطبق على شركة,
"If not checked, the list will have to be added to each Department where it has to be applied.",إذا لم يتم الاختيار، فان القائمة ستضاف إلى كل قسم حيث لابد من تطبيقها.,
Block Days,الأيام المحظورة,
Stop users from making Leave Applications on following days.,وقف المستخدمين من طلب إجازة في الأيام التالية.,
Leave Block List Dates,التواريخ الممنوع اخذ اجازة فيها,
Allow Users,السماح للمستخدمين,
Allow the following users to approve Leave Applications for block days.,السماح للمستخدمين التاليين للموافقة على طلبات الحصول على إجازة في الأيام المحظورة,
Leave Block List Allowed,قائمة اجازات محظورة مفعلة,
Leave Block List Allow,تفعيل قائمة الإجازات المحظورة,
Allow User,تسمح للمستخدم,
Leave Block List Date,تواريخ الإجازات المحظورة,
Block Date,تاريخ الحظر,
Leave Control Panel,لوحة تحكم الأجازات,
Select Employees,حدد الموظفين,
Employment Type (optional),نوع التوظيف (اختياري),
Branch (optional),فرع (اختياري),
Department (optional),قسم (اختياري),
Designation (optional),التعيين (اختياري),
Employee Grade (optional),درجة الموظف (اختياري),
Employee (optional),موظف (اختياري),
Allocate Leaves,تخصيص الأوراق,
Carry Forward,المضي قدما,
Please select Carry Forward if you also want to include previous fiscal year's balance leaves to this fiscal year,الرجاء تحديد المضي قدما إذا كنت تريد ان تتضمن اجازات السنة السابقة,
New Leaves Allocated (In Days),الإجازات الجديدة المخصصة (بالأيام),
Allocate,تخصيص,
Leave Balance,رصيد الاجازات,
Encashable days,أيام مدفوعه,
Encashment Amount,مبلغ مدفوع,
Leave Ledger Entry, ملخص اجازة دفتر الأستاذ,
Transaction Name,اسم المعاملة,
Is Carry Forward,هل تضاف في العام التالي,
Is Expired,منتهي الصلاحية,
Is Leave Without Pay,إجازة بدون راتب,
Holiday List for Optional Leave,قائمة العطلة للإجازة الاختيارية,
Leave Allocations,تخصيص الاجازه,
Leave Policy Details,تفاصيل سياسة الاجازه,
Leave Policy Detail,تفاصيل سياسة الاجازه,
Annual Allocation,التخصيص السنوي,
Leave Type Name,اسم نوع الاجازة,
Max Leaves Allowed,اقصى حد مسموح به للاجازه,
Applicable After (Working Days),يطبق بعد (أيام العمل),
Maximum Continuous Days Applicable,اقصى حد لاستمرارية الايام يطبق,
Is Optional Leave,هو اجازة اختيارية,
Allow Negative Balance,السماح برصيد سالب,
Include holidays within leaves as leaves,ايام العطل التي ضمن الإجازات تحسب إجازة,
Is Compensatory,هو تعويض,
Maximum Carry Forwarded Leaves,الحد الأقصى للاجازات المعاد توجيهها,
Expire Carry Forwarded Leaves (Days),تنتهي صلاحية الاجازات المعاد توجيها (بالأيام),
Calculated in days,تحسب بالأيام,
Encashment,المدفوعات النقدية,
Allow Encashment,السماح بالصرف,
Encashment Threshold Days,أيام عتبة الاسترداد,
Earned Leave,إجازة مكتسبة,
Is Earned Leave,هو إجازة مكتسبة,
Earned Leave Frequency,تكرار الإجازات المكتسبة,
Rounding,التقريب,
Payroll Employee Detail,تفاصيل رواتب الموظف,
Payroll Frequency,الدورة الزمنية لدفع الرواتب,
Fortnightly,مرة كل اسبوعين,
Bimonthly,نصف شهري,
Employees,الموظفين,
Number Of Employees,عدد الموظفين,
Employee Details,تفاصيل موظف,
Validate Attendance,التحقق من صحة الحضور,
Salary Slip Based on Timesheet,كشف الرواتب بناء على سجل التوقيت,
Select Payroll Period,تحديد فترة دفع الرواتب,
Deduct Tax For Unclaimed Employee Benefits,خصم الضريبة لمزايا الموظف غير المطالب بها,
Deduct Tax For Unsubmitted Tax Exemption Proof,خصم الضريبة للحصول على إعفاء من الضرائب غير معتمد,
Select Payment Account to make Bank Entry,اختار الحساب الذي سوف تدفع منه,
Salary Slips Created,تم استحداث كشوف الرواتب,
Salary Slips Submitted,قسائم الرواتب المقدمة,
Payroll Periods,فترات الرواتب,
Payroll Period Date,جدول الرواتب الفترة التاريخ,
Purpose of Travel,الغرض من السفر,
Retention Bonus,مكافأة الاحتفاظ,
Bonus Payment Date,تاريخ دفع المكافأة,
Bonus Amount,أجمالي المكافأة,
Abbr,اسم مختصر,
Depends on Payment Days,يعتمد على أيام الدفع,
Is Tax Applicable,هي ضريبة قابلة للتطبيق,
Variable Based On Taxable Salary,متغير على أساس الخاضع للضريبة,
Round to the Nearest Integer,جولة إلى أقرب عدد صحيح,
Statistical Component,العنصر الإحصائي,
"If selected, the value specified or calculated in this component will not contribute to the earnings or deductions. However, it's value can be referenced by other components that can be added or deducted. ",إذا تم تحديده، فإن القيمة المحددة أو المحسوبة في هذا المكون لن تساهم في الأرباح أو الاستقطاعات. ومع ذلك، فإنه يمكن الإشارة إلى القيمة من قبل المكونات الأخرى التي يمكن أن تضاف أو خصمها.,
Flexible Benefits,فوائد مرنة,
Is Flexible Benefit,هو فائدة مرنة,
Max Benefit Amount (Yearly),أقصى فائدة المبلغ (سنويا),
Only Tax Impact (Cannot Claim But Part of Taxable Income),التأثير الضريبي فقط (لا يمكن المطالبة إلا جزء من الدخل الخاضع للضريبة),
Create Separate Payment Entry Against Benefit Claim,إنشاء إدخال دفع منفصل ضد مطالبات الاستحقاق,
Condition and Formula,الشرط و الصيغة,
Amount based on formula,القيمة بناءا على الصيغة,
Formula,المعادلة,
Salary Detail,تفاصيل الراتب,
Component,المكون,
Do not include in total,لا تدرج في المجموع,
Default Amount,المبلغ الافتراضي,
Additional Amount,مبلغ إضافي,
Tax on flexible benefit,الضريبة على الفائدة المرنة,
Tax on additional salary,الضريبة على الراتب الإضافي,
Condition and Formula Help,مساعدة باستخدام الصيغ و الشروط,
Salary Structure,هيكل الراتب,
Working Days,أيام العمل,
Salary Slip Timesheet,كشف راتب معتمد علي سجل التوقيت,
Total Working Hours,مجموع ساعات العمل,
Hour Rate,سعرالساعة,
Bank Account No.,رقم الحساب في البك,
Earning & Deduction,الكسب و الخصم,
Earnings,المستحقات,
Deductions,استقطاعات,
Employee Loan,قرض الموظف,
Total Principal Amount,مجموع المبلغ الرئيسي,
Total Interest Amount,إجمالي مبلغ الفائدة,
Total Loan Repayment,إجمالي سداد القروض,
net pay info,معلومات صافي الأجر,
Gross Pay - Total Deduction - Loan Repayment,اجمالي الأجر - إجمالي الخصم - سداد القروض,
Total in words,إجمالي بالحروف,
Net Pay (in words) will be visible once you save the Salary Slip.,صافي الأجر (بالحروف) تكون مرئية بمجرد حفظ كشف راتب.,
Salary Component for timesheet based payroll.,مكون الراتب لكشف المرتبات المبنية على أساس سجلات التوقيت,
Leave Encashment Amount Per Day,مبلغ الاجازه المدفوعه  لكل يوم,
Max Benefits (Amount),أقصى الفوائد (المبلغ),
Salary breakup based on Earning and Deduction.,تقسيم الراتب بناءَ على الكسب والاستقطاع.,
Total Earning,إجمالي الدخل,
Salary Structure Assignment,تعيين هيكل الراتب,
Shift Assignment,تحديد الدوام,
Shift Type,نوع الدوام,
Shift Request,طلب تغيير الدوام,
Enable Auto Attendance,تمكين التحضير التلقائي,
Mark attendance based on 'Employee Checkin' for Employees assigned to this shift.,حدد الحضور استنادًا إلى &quot;فحص الموظف&quot; للموظفين المعينين لهذا الشيفت.,
Auto Attendance Settings,إعدادات الحضور التلقائي,
Determine Check-in and Check-out,تحديد الوصول والمغادرة,
Alternating entries as IN and OUT during the same shift,بالتناوب إدخالات مثل IN و OUT خلال نفس االشيفت,
Strictly based on Log Type in Employee Checkin,يعتمد بشكل صارم على نوع السجل في فحص الموظف,
Working Hours Calculation Based On,ساعات العمل حساب على أساس,
First Check-in and Last Check-out,تسجيل الوصول الأول وتسجيل المغادرة الأخير,
Every Valid Check-in and Check-out,كل صحيح في الاختيار والمغادرة,
Begin check-in before shift start time (in minutes),ابدأ تسجيل الوصول قبل وقت بدء الشيفت(بالدقائق),
The time before the shift start time during which Employee Check-in is considered for attendance.,الوقت الذي يسبق وقت بدء الشيفت الذي يتم خلاله فحص تسجيل الموظف للحضور.,
Allow check-out after shift end time (in minutes),السماح بتسجيل المغادرة بعد وقت انتهاء الشيفت (بالدقائق),
Time after the end of shift during which check-out is considered for attendance.,الوقت بعد نهاية الشيفت التي يتم خلالها تسجيل المغادرة للحضور.,
Working Hours Threshold for Half Day,ساعات العمل عتبة لمدة نصف يوم,
Working hours below which Half Day is marked. (Zero to disable),ساعات العمل أدناه التي يتم وضع علامة نصف يوم. (صفر لتعطيل),
Working Hours Threshold for Absent,ساعات العمل عتبة الغياب,
Working hours below which Absent is marked. (Zero to disable),ساعات العمل أدناه التي يتم وضع علامة الغائب. (صفر لتعطيل),
Process Attendance After,معالجة الحضور فيما بعد الدوام,
Attendance will be marked automatically only after this date.,سيتم تمييز الحضور تلقائيًا بعد هذا التاريخ فقط.,
Last Sync of Checkin,آخر مزامنة للفحص,
Last Known Successful Sync of Employee Checkin. Reset this only if you are sure that all Logs are synced from all the locations. Please don't modify this if you are unsure.,آخر مزامنة ناجحة معروفة لفحص الموظف. أعد ضبط هذا فقط إذا كنت متأكدًا من مزامنة جميع السجلات من جميع المواقع. يرجى عدم تعديل هذا إذا كنت غير متأكد.,
Grace Period Settings For Auto Attendance,إعدادات فترة السماح للحضور التلقائي,
Enable Entry Grace Period,تمكين فترة السماح بالدخول,
Late Entry Grace Period,فترة سماح الدخول المتأخرة,
The time after the shift start time when check-in is considered as late (in minutes).,الوقت بعد وقت بدء التحول عندما يُعتبر تسجيل الوصول متأخرًا (بالدقائق).,
Enable Exit Grace Period,تمكين الخروج فترة سماح,
Early Exit Grace Period,الخروج المبكر فترة سماح,
The time before the shift end time when check-out is considered as early (in minutes).,الوقت الذي يسبق وقت نهاية الشيفت عندما يتم تسجيل المغادرة في وقت مبكر (بالدقائق).,
Skill Name,اسم المهارة,
Staffing Plan Details,تفاصيل خطة التوظيف,
Staffing Plan Detail,تفاصيل خطة التوظيف,
Total Estimated Budget,مجموع الميزانية التقديرية,
Vacancies,الشواغر,
Estimated Cost Per Position,التكلفة التقديرية لكل موضع,
Total Estimated Cost,مجموع التكلفة التقديرية,
Current Count,العدد الحالي,
Current Openings,الفتحات الحالية,
Number Of Positions,عدد المناصب,
Taxable Salary Slab,بلاطة الراتب الخاضع للضريبة,
From Amount,من المبلغ او الكمية,
To Amount,الى المبلغ أو الكمية,
Percent Deduction,خصم في المئة,
Training Program,برنامج تدريب,
Event Status,حالة الحدث,
Has Certificate,لديه شهادة,
Seminar,ندوة,
Theory,نظرية,
Workshop,ورشة عمل,
Conference,مؤتمر,
Exam,امتحان,
Internet,الإنترنت,
Self-Study,دراسة ذاتية,
Advance,مقدما,
Trainer Name,اسم المدرب,
Trainer Email,بريد المدرب الإلكتروني,
Attendees,الحضور,
Employee Emails,رسائل البريد الإلكتروني للموظفين,
Training Event Employee,تدريب الموظف للحدث,
Invited,دعوة,
Feedback Submitted,تم تسليم التعليقات,
Optional,اختياري,
Training Result Employee,نتيجة تدريب الموظفين,
Travel Itinerary,خط سير الرحلة,
Travel From,السفر من,
Travel To,يسافر إلى,
Mode of Travel,طريقة السفر,
Flight,طيران,
Train,قطار,
Taxi,سيارة اجره,
Rented Car,سيارة مستأجرة,
Meal Preference,تفضيل الوجبة,
Vegetarian,نباتي,
Non-Vegetarian,غير نباتي,
Gluten Free,خالي من الغلوتين,
Non Diary,غير يوميات,
Travel Advance Required,سلف السفر المطلوبة,
Departure Datetime,موعد المغادرة,
Arrival Datetime,تارخ الوصول,
Lodging Required,الإقامة المطلوبة,
Preferred Area for Lodging,المنطقة المفضلة للسكن,
Check-in Date,تاريخ الوصول,
Check-out Date,موعد انتهاء الأقامة,
Travel Request,طلب السفر,
Travel Type,نوع السفر,
Domestic,المنزلي,
International,دولي,
Travel Funding,تمويل السفر,
Require Full Funding,يتطلب التمويل الكامل,
Fully Sponsored,برعاية كاملة,
"Partially Sponsored, Require Partial Funding",برعاية جزئية ، يتطلب التمويل الجزئي,
Copy of Invitation/Announcement,نسخة من الدعوة / الإعلان,
"Details of Sponsor (Name, Location)",تفاصيل الراعي (الاسم والموقع),
Identification Document Number,رقم وثيقة التعريف,
Any other details,أي تفاصيل أخرى,
Costing Details,تفاصيل التكاليف,
Costing,التكلفة,
Event Details,تفاصيل الحدث,
Name of Organizer,اسم المنظم,
Address of Organizer,عنوان المنظم,
Travel Request Costing,تكاليف طلب السفر,
Expense Type,نوع المصاريف,
Sponsored Amount,المبلغ المساند,
Funded Amount,مبلغ التمويل,
Upload Attendance,رفع الحضور,
Attendance From Date,الحضور من تاريخ,
Attendance To Date,الحضور إلى تاريخ,
Get Template,الحصول على نموذج,
Import Attendance,استيراد سجلات الحضور,
Upload HTML,رفع HTML,
Vehicle,الآلية,
License Plate,لوحة الترخيص,
Odometer Value (Last),قراءة عداد المسافات (الأخيرة),
Acquisition Date,تاريخ شراء الآلية,
Chassis No,رقم القعاده,
Vehicle Value,قيمة الآلية,
Insurance Details,تفاصيل التأمين,
Insurance Company,تفاصيل التأمين,
Policy No,رقم البوليصة,
Additional Details,تفاصيل اضافية,
Fuel Type,نوع الوقود,
Petrol,بنزين,
Diesel,ديزل,
Natural Gas,غاز طبيعي,
Electric,كهربائي,
Fuel UOM,وحدة قياس الوقود,
Last Carbon Check,آخر تحقق للكربون,
Wheels,العجلات,
Doors,الأبواب,
HR-VLOG-.YYYY.-,HR-VLOG-.YYYY.-,
Odometer Reading,قراءة عداد المسافات,
Current Odometer value ,قيمة عداد المسافات الحالية,
last Odometer Value ,قيمة عداد المسافات الأخيرة,
Refuelling Details,تفاصيل إعادة التزود بالوقود,
Invoice Ref,مرجع الفاتورة,
Service Details,تفاصيل الخدمة,
Service Detail,خدمة التفاصيل,
Vehicle Service,خدمة الآلية,
Service Item,بنود الخدمة,
Brake Oil,زيت الفرامل,
Brake Pad,وسادة الفرامل,
Clutch Plate,صفائح التعشيق,
Engine Oil,زيت المحرك,
Oil Change,تغيير زيت,
Inspection,الفحص,
Mileage,المسافة المقطوعة,
Hub Tracked Item,Hub تتبع البند,
Hub Node,Hub عقدة,
Image List,قائمة الصور,
Item Manager,مدير الاصناف,
Hub User,Hub User,
Hub Password,كلمة المرور,
Hub Users,مستخدمو Hub,
Marketplace Settings,إعدادات السوق,
Disable Marketplace,تعطيل السوق,
Marketplace URL (to hide and update label),عنوان URL Marketplace (لإخفاء التصنيف وتحديثه),
Registered,مسجل,
Sync in Progress,المزامنة قيد التقدم,
Hub Seller Name,اسم البائع المحور,
Custom Data,البيانات المخصصة,
Member,عضو الجمعية,
Partially Disbursed,صرف جزئ,
Loan Closure Requested,مطلوب قرض الإغلاق,
Repay From Salary,سداد من الراتب,
Loan Details,تفاصيل القرض,
Loan Type,نوع القرض,
Loan Amount,قيمة القرض,
Is Secured Loan,هل هو قرض مضمون,
Rate of Interest (%) / Year,معدل الفائدة (?) / السنة,
Disbursement Date,تاريخ الصرف,
Disbursed Amount,المبلغ المصروف,
Is Term Loan,هل هو قرض مشروط,
Repayment Method,طريقة السداد,
Repay Fixed Amount per Period,سداد قيمة ثابتة لكل فترة,
Repay Over Number of Periods,سداد على عدد فترات,
Repayment Period in Months,فترة السداد بالأشهر,
Monthly Repayment Amount,قيمة السداد الشهري,
Repayment Start Date,تاريخ بداية السداد,
Loan Security Details,تفاصيل ضمان القرض,
Maximum Loan Value,الحد الأقصى لقيمة القرض,
Account Info,معلومات الحساب,
Loan Account,حساب القرض,
Interest Income Account,الحساب الخاص بإيرادات الفائدة,
Penalty Income Account,حساب دخل الجزاء,
Repayment Schedule,الجدول الزمني للسداد,
Total Payable Amount,المبلغ الكلي المستحق,
Total Principal Paid,إجمالي المبلغ المدفوع,
Total Interest Payable,مجموع الفائدة الواجب دفعها,
Total Amount Paid,مجموع المبلغ المدفوع,
Loan Manager,مدير القروض,
Loan Info,معلومات قرض,
Rate of Interest,معدل الفائدة,
Proposed Pledges,التعهدات المقترحة,
Maximum Loan Amount,أعلى قيمة للقرض,
Repayment Info,معلومات السداد,
Total Payable Interest,مجموع الفوائد الدائنة,
Loan Interest Accrual,استحقاق فائدة القرض,
Amounts,المبالغ,
Pending Principal Amount,في انتظار المبلغ الرئيسي,
Payable Principal Amount,المبلغ الرئيسي المستحق,
Process Loan Interest Accrual,استحقاق الفائدة من قرض العملية,
Regular Payment,الدفع المنتظم,
Loan Closure,إغلاق القرض,
Payment Details,تفاصيل الدفع,
Interest Payable,الفوائد المستحقة الدفع,
Amount Paid,القيمة المدفوعة,
Principal Amount Paid,المبلغ الرئيسي المدفوع,
Loan Security Name,اسم ضمان القرض,
Loan Security Code,رمز ضمان القرض,
Loan Security Type,نوع ضمان القرض,
الخصم من القيمه السوقيه للاصل% ,حلاقة شعر ?,
Loan  Details,تفاصيل القرض,
Unpledged,Unpledged,
Pledged,التعهد,
Partially Pledged,تعهد جزئي,
Securities,الضمانات,
Total Security Value,إجمالي قيمة الأمن,
Loan Security Shortfall,قرض أمن النقص,
Loan ,القروض,
Shortfall Time,وقت العجز,
America/New_York,أمريكا / نيويورك,
Shortfall Amount,عجز المبلغ,
Security Value ,قيمة الأمن,
Process Loan Security Shortfall,النقص في عملية قرض القرض,
Loan To Value Ratio,نسبة القروض إلى قيمة,
Unpledge Time,الوقت unpledge,
Unpledge Type,نوع unpledge,
Loan Name,اسم قرض,
Rate of Interest (%) Yearly,معدل الفائدة (?) سنوي,
Penalty Interest Rate (%) Per Day,عقوبة سعر الفائدة (?) في اليوم الواحد,
Penalty Interest Rate is levied on the pending interest amount on a daily basis in case of delayed repayment ,يتم فرض معدل الفائدة الجزائية على مبلغ الفائدة المعلق على أساس يومي في حالة التأخر في السداد,
Grace Period in Days,فترة السماح بالأيام,
Pledge,التعهد,
Post Haircut Amount,نشر قيمه الخصم من القيمه التسويقيه للاصل,
Update Time,تحديث الوقت,
Proposed Pledge,التعهد المقترح,
Total Payment,إجمالي الدفعة,
Balance Loan Amount,رصيد مبلغ القرض,
Is Accrued,المستحقة,
Salary Slip Loan,قرض كشف الراتب,
Loan Repayment Entry,إدخال سداد القرض,
Sanctioned Loan Amount,مبلغ القرض المحكوم عليه,
Sanctioned Amount Limit,الحد الأقصى للعقوبة,
Unpledge,Unpledge,
Against Pledge,ضد التعهد,
Haircut,حلاقة شعر,
MAT-MSH-.YYYY.-,MAT-MSH-.YYYY.-,
Generate Schedule,إنشاء جدول,
Schedules,الجداول,
Maintenance Schedule Detail,تفاصيل جدول الصيانة,
Scheduled Date,المقرر تاريخ,
Actual Date,التاريخ الفعلي,
Maintenance Schedule Item,جدول صيانة صنف,
No of Visits,عدد الزيارات,
MAT-MVS-.YYYY.-,MAT-MVS-.YYYY.-,
Maintenance Date,تاريخ الصيانة,
Maintenance Time,وقت الصيانة,
Completion Status,حالة الاكتمال و حالة الانجاز,
Partially Completed,أنجزت جزئيا,
Fully Completed,مكتمل تماما,
Unscheduled,غير مجدول,
Breakdown,عطل مفاجئ,
Purposes,الأغراض,
Customer Feedback,ملاحظات العميل,
Maintenance Visit Purpose,غرض زيارة الصيانة,
Work Done,العمل المنجز,
Against Document No,مقابل الوثيقة رقم,
Against Document Detail No,مقابل الوثيقة التفصيلى رقم,
MFG-BLR-.YYYY.-,MFG-BLR-.YYYY.-,
Order Type,نوع الطلب,
Blanket Order Item,طلبات طويلة الاجل (مستمرة) للصنف,
Ordered Quantity,الكمية التي تم طلبها,
Item to be manufactured or repacked,الصنف الذي سيتم تصنيعه أو إعادة تعبئته,
Quantity of item obtained after manufacturing / repacking from given quantities of raw materials,الكمية من البنود التي تم الحصول عليها بعد التصنيع / إعادة التعبئة من الكميات المعطاء من المواد الخام,
Set rate of sub-assembly item based on BOM,تعيين معدل عنصر التجميع الفرعي استنادا إلى BOM,
Allow Alternative Item,السماح لصنف بديل,
Item UOM,وحدة قياس الصنف,
Conversion Rate,معدل التحويل,
Rate Of Materials Based On,سعرالمواد استنادا على,
With Operations,مع عمليات,
Manage cost of operations,إدارة تكلفة العمليات,
Transfer Material Against,نقل المواد ضد,
Routing,التوجيه,
Materials,المواد,
Quality Inspection Required,فحص الجودة المطلوبة,
Quality Inspection Template,قالب فحص الجودة,
Scrap,خردة,
Scrap Items,الخردة الأصناف,
Operating Cost,تكاليف التشغيل,
Raw Material Cost,تكلفة المواد الخام,
Scrap Material Cost,التكلفة الخردة المواد,
Operating Cost (Company Currency),تكاليف التشغيل (عملة الشركة),
Raw Material Cost (Company Currency),تكلفة المواد الخام (عملة الشركة),
Scrap Material Cost(Company Currency),الخردة المواد التكلفة (بعملة الشركة),
Total Cost,التكلفة الكلية لل,
Total Cost (Company Currency),التكلفة الإجمالية (عملة الشركة),
Materials Required (Exploded),المواد المطلوبة (مفصصة),
Exploded Items,العناصر المتفجرة,
Item Image (if not slideshow),صورة الصنف (إن لم يكن عرض شرائح),
Thumbnail,المصغرات,
Website Specifications,موقع المواصفات,
Show Items,إظهار العناصر,
Show Operations,مشاهدة العمليات,
Website Description,وصف الموقع,
BOM Explosion Item,قائمة المواد للصنف المفصص,
Qty Consumed Per Unit,الكمية المستهلكة لكل وحدة,
Include Item In Manufacturing,هل الصنف يدخل في التصنيع,
BOM Item,صنف قائمة المواد,
Item operation,عملية الصنف,
Rate & Amount,معدل وكمية,
Basic Rate (Company Currency),سعر أساسي (عملة الشركة),
Scrap %,الغاء?,
Original Item,الصنف الأصلي,
BOM Operation,عملية قائمة المواد,
Batch Size,حجم الدفعة,
Base Hour Rate(Company Currency),سعر الساعة الأساسي (عملة الشركة),
Operating Cost(Company Currency),تكاليف التشغيل (عملة الشركة),
BOM Scrap Item,الصنف الخردة بقائمة المواد,
Basic Amount (Company Currency),المبلغ الأساسي (عملة الشركة ),
BOM Update Tool,أداة تحديث بوم,
"Replace a particular BOM in all other BOMs where it is used. It will replace the old BOM link, update cost and regenerate ""BOM Explosion Item"" table as per new BOM.\nIt also updates latest price in all the BOMs.","استبدال قائمة مواد معينة في جميع قوائم المواد الأخرى حيث يتم استخدامها. وسوف تحل محل  قائمة المواد القديمة، تحديث التكلفة وتجديد ""قائمة المواد التي تحتوي بنود مفصصه"" الجدول وفقا لقائمة المواد جديد",
Replace BOM,استبدال بوم,
Current BOM,قائمة المواد الحالية,
The BOM which will be replaced,وBOM التي سيتم استبدالها,
The new BOM after replacement,وBOM الجديدة بعد استبدال,
Replace,استبدل,
Update latest price in all BOMs,تحديث آخر الأسعار في جميع بومس,
BOM Website Item,صنف الموقع الالكتروني بقائمة المواد,
BOM Website Operation,عملية الموقع الالكتروني بقائمة المواد,
Operation Time,وقت العملية,
PO-JOB.#####,PO-JOB. #####,
Timing Detail,توقيت التفاصيل,
Time Logs,سجلات الوقت,
Total Time in Mins,إجمالي الوقت بالدقائق,
Transferred Qty,نقل الكمية,
Job Started,بدأ العمل,
Started Time,وقت البدء,
Current Time,الوقت الحالي,
Job Card Item,صنف بطاقة العمل,
Job Card Time Log,سجل وقت بطاقة العمل,
Time In Mins,الوقت في دقيقة,
Completed Qty,الكمية المكتملة,
Manufacturing Settings,إعدادات التصنيع,
Raw Materials Consumption,استهلاك المواد الخام,
Allow Multiple Material Consumption,السماح باستهلاك المواد المتعددة,
Allow multiple Material Consumption against a Work Order,السماح باستهلاك المواد المتعددة مقابل طلب العمل,
Backflush Raw Materials Based On,Backflush المواد الخام مبني على,
Material Transferred for Manufacture,المواد المنقولة لغرض صناعة,
Capacity Planning,القدرة على التخطيط,
Disable Capacity Planning,تعطيل تخطيط القدرات,
Allow Overtime,تسمح العمل الإضافي,
Plan time logs outside Workstation Working Hours.,تخطيط سجلات الوقت خارج ساعات العمل محطة العمل.,
Allow Production on Holidays,السماح الإنتاج على عطلات,
Capacity Planning For (Days),القدرة على التخطيط لل(أيام),
Try planning operations for X days in advance.,محاولة التخطيط لعمليات لX أيام مقدما.,
Time Between Operations (in mins),الوقت بين العمليات (في دقيقة),
Default 10 mins,افتراضي 10 دقيقة,
Default Warehouses for Production,المستودعات الافتراضية للإنتاج,
Default Work In Progress Warehouse,افتراضي العمل في مستودع التقدم,
Default Finished Goods Warehouse,المخزن الافتراضي للبضائع التامة الصنع,
Default Scrap Warehouse,مستودع الخردة الافتراضي,
Over Production for Sales and Work Order,أكثر من الإنتاج للمبيعات وأمر العمل,
Overproduction Percentage For Sales Order,نسبة الإنتاج الزائد لأمر المبيعات,
Overproduction Percentage For Work Order,نسبة الإنتاج الزائد لأمر العمل,
Other Settings,اعدادات اخرى,
Update BOM Cost Automatically,تحديث بوم التكلفة تلقائيا,
"Update BOM cost automatically via Scheduler, based on latest valuation rate / price list rate / last purchase rate of raw materials.",تحديث تكلفة بوم تلقائيا عبر جدولة، استنادا إلى أحدث معدل التقييم / سعر قائمة معدل / آخر معدل شراء المواد الخام.,
Material Request Plan Item,بند خطه طلب ماده,
Material Request Type,نوع طلب المواد,
Material Issue,صرف مواد,
Customer Provided,العملاء المقدمة,
Minimum Order Quantity,أقل كمية ممكن طلبها,
Default Workstation,محطة العمل الافتراضية,
Production Plan,خطة الإنتاج,
MFG-PP-.YYYY.-,MFG-PP-.YYYY.-,
Get Items From,الحصول على الأصناف من,
Get Sales Orders,الحصول على أوامر البيع,
Material Request Detail,المواد طلب التفاصيل,
Get Material Request,الحصول على المواد طلب,
Material Requests,طلبات المواد,
Get Items For Work Order,الحصول على الأصناف لأمر العمل,
Material Request Planning,تخطيط طلب المواد,
Include Non Stock Items,تشمل الاصناف الغير مخزنية,
Include Subcontracted Items,تضمين العناصر من الباطن,
Ignore Existing Projected Quantity,تجاهل الكمية الموجودة المتوقعة,
"To know more about projected quantity, <a href=""https://erpnext.com/docs/user/manual/en/stock/projected-quantity"" style=""text-decoration: underline;"" target=""_blank"">click here</a>.","لمعرفة المزيد عن الكمية المتوقعة ، <a href=""https://erpnext.com/docs/user/manual/en/stock/projected-quantity"" style=""text-decoration: underline;"" target=""_blank"">انقر هنا</a> .",
Download Required Materials,تحميل المواد المطلوبة,
Get Raw Materials For Production,الحصول على المواد الخام للإنتاج,
Total Planned Qty,مجموع الكمية المخطط لها,
Total Produced Qty,إجمالي الكمية المنتجة,
Material Requested,المواد المطلوبة,
Production Plan Item,خطة إنتاج الصنف,
Make Work Order for Sub Assembly Items,إصدار أمر العمل لعناصر الجمعية الفرعية,
"If enabled, system will create the work order for the exploded items against which BOM is available.",في حالة التمكين ، سيقوم النظام بإنشاء ترتيب العمل للعناصر المنفجرة التي يتوفر عليها BOM.,
Planned Start Date,المخطط لها تاريخ بدء,
Quantity and Description,الكمية والوصف,
material_request_item,material_request_item,
Product Bundle Item,صنف حزم المنتج,
Production Plan Material Request,خطة إنتاج طلب المواد,
Production Plan Sales Order,خطة الإنتاج لأمر المبيعات,
Sales Order Date,تاريخ طلب المبيعات,
Routing Name,اسم الاتجاه,
MFG-WO-.YYYY.-,مبدعين-WO-.YYYY.-,
Item To Manufacture,الصنف لتصنيع,
Material Transferred for Manufacturing,المواد المنقولة لغرض التصنيع,
Manufactured Qty,الكمية المصنعة,
Use Multi-Level BOM,استخدام متعدد المستويات BOM,
Plan material for sub-assemblies,المواد خطة للجمعيات الفرعي,
Skip Material Transfer to WIP Warehouse,تخطي نقل المواد إلى مستودع WIP,
Check if material transfer entry is not required,تحقق مما إذا كان إدخال نقل المواد غير مطلوب,
Backflush Raw Materials From Work-in-Progress Warehouse,المواد الخام Backflush من مستودع في التقدم في العمل,
Update Consumed Material Cost In Project,تحديث تكلفة المواد المستهلكة في المشروع,
Warehouses,المستودعات,
This is a location where raw materials are available.,هذا هو المكان الذي تتوفر فيه المواد الخام.,
Work-in-Progress Warehouse,مستودع العمل قيد التنفيذ,
This is a location where operations are executed.,هذا هو المكان الذي يتم فيه تنفيذ العمليات.,
This is a location where final product stored.,هذا هو المكان الذي يتم فيه تخزين المنتج النهائي.,
Scrap Warehouse,الخردة مستودع,
This is a location where scraped materials are stored.,هذا هو الموقع حيث يتم تخزين المواد كشط.,
Required Items,الأصناف المطلوبة,
Actual Start Date,تاريخ البدء الفعلي,
Planned End Date,تاريخ الانتهاء المخطط لها,
Actual End Date,تاريخ الإنتهاء الفعلي,
Operation Cost,التكلفة العملية,
Planned Operating Cost,المخطط تكاليف التشغيل,
Actual Operating Cost,الفعلية تكاليف التشغيل,
Additional Operating Cost,تكاليف تشغيل  اضافية,
Total Operating Cost,إجمالي تكاليف التشغيل,
Manufacture against Material Request,تصنيع ضد طلب مواد,
Work Order Item,بند أمر العمل,
Available Qty at Source Warehouse,الكمية المتاحة في مستودع المصدر,
Available Qty at WIP Warehouse,الكمية المتوفرة في مستودع ويب,
Work Order Operation,عملية ترتيب العمل,
Operation Description,وصف العملية,
Operation completed for how many finished goods?,اكتمال عملية لكيفية العديد من السلع تامة الصنع؟,
Work in Progress,التقدم في العمل,
Estimated Time and Cost,الوقت المقدر والتكلفة,
Planned Start Time,المخططة بداية,
Planned End Time,وقت الانتهاء المخطط له,
in Minutes,في دقائق,
Actual Time and Cost,الوقت الفعلي والتكلفة,
Actual Start Time,وقت البدء الفعلي,
Actual End Time,وقت الانتهاء الفعلي,
Updated via 'Time Log',"تحديث عبر 'وقت دخول """,
Actual Operation Time,وقت التشغيل الفعلي,
in Minutes\nUpdated via 'Time Log',"في دقائق \n تحديث عبر 'وقت دخول """,
(Hour Rate / 60) * Actual Operation Time,(سعر الساعة / 60) * وقت العمل الفعلي,
Workstation Name,اسم محطة العمل,
Production Capacity,السعة الإنتاجية,
Operating Costs,تكاليف التشغيل,
Electricity Cost,تكلفة الكهرباء,
per hour,كل ساعة,
Consumable Cost,تكلفة المواد المستهلكة,
Rent Cost,تكلفة الإيجار,
Wages,الأجور,
Wages per hour,الأجور في الساعة,
Net Hour Rate,صافي سعر الساعة,
Workstation Working Hour,محطة العمل ساعة العمل,
Certification Application,تطبيق التصديق,
Name of Applicant,اسم صاحب الطلب,
Certification Status,حالة الشهادة,
Yet to appear,بعد أن تظهر,
Certified,معتمد,
Not Certified,غير معتمد,
USD,دولار أمريكي,
INR,INR,
Certified Consultant,مستشار معتمد,
Name of Consultant,اسم المستشار,
Certification Validity,صلاحية التصديق,
Discuss ID,معرف المناقشة,
GitHub ID,معرف GitHub,
Non Profit Manager,مدير جمعيه,
Chapter Head,رئيس الفصل,
Meetup Embed HTML,تضمين HTML,
chapters/chapter_name\nleave blank automatically set after saving chapter.,فصول / Chapter_name ترك فارغة تعيين تلقائيا بعد حفظ الفصل.,
Chapter Members,أعضاء الفصل,
Members,الأعضاء,
Chapter Member,عضو الفصل,
Website URL,رابط الموقع,
Leave Reason,سبب الاجازه,
Donor Name,اسم المتبرع,
Donor Type,نوع المتبرع,
Withdrawn,مسحوب,
Grant Application Details ,تفاصيل طلب التبرع,
Grant Description,وصف التبرع,
Requested Amount,الكمية المطلوبة,
Has any past Grant Record,لديه أي سجل لتبرعات سابقه,
Show on Website,عرض على الموقع,
Assessment  Mark (Out of 10),علامة التقييم (من أصل 10),
Assessment  Manager,مدير التقييم,
Email Notification Sent,تم إرسال إشعار البريد الإلكتروني,
NPO-MEM-.YYYY.-,NPO-MEM-.YYYY.-,
Membership Expiry Date,تاريخ انتهاء العضوية,
Non Profit Member,عضو جمعيه,
Membership Status,حالة العضوية,
Member Since,عضو منذ,
Volunteer Name,اسم المتطوعين,
Volunteer Type,نوع التطوع,
Availability and Skills,القدرات والمهارات,
Availability,متاح,
Weekends,عطلة نهاية الأسبوع,
Availability Timeslot,توافر فسحات زمنية,
Morning,الصباح,
Afternoon,بعد الظهر,
Evening,مساء,
Anytime,في أي وقت,
Volunteer Skills,المهارات التطوعية,
Volunteer Skill,مهارة المتطوع,
Homepage,الصفحة الرئيسية,
Hero Section Based On,القسم الرئيسي يستند على,
Homepage Section,قسم الصفحة الرئيسية,
Hero Section,قسم رئيسي,
Tag Line,شعار,
Company Tagline for website homepage,توجية الشركة للصفحة الرئيسيه بالموقع الألكتروني,
Company Description for website homepage,وصف الشركة للصفة الرئيسيه بالموقع الألكتروني,
Homepage Slideshow,عرض شرائح الصفحة الرئيسية ,
"URL for ""All Products""","URL لـ ""جميع المنتجات""",
Products to be shown on website homepage,المنتجات التي سيتم عرضها على الصفحة الرئيسية للموقع الإلكتروني,
Homepage Featured Product,الصفحة الرئيسية المنتج المميز,
Section Based On,قسم بناء على,
Section Cards,بطاقات القسم,
Number of Columns,عدد الأعمدة,
Number of columns for this section. 3 cards will be shown per row if you select 3 columns.,عدد الأعمدة لهذا القسم. سيتم عرض 3 بطاقات في كل صف إذا حددت 3 أعمدة.,
Section HTML,قسم HTML,
Use this field to render any custom HTML in the section.,استخدم هذا الحقل لتقديم أي HTML مخصص في القسم.,
Section Order,ترتيب القسم,
"Order in which sections should appear. 0 is first, 1 is second and so on.",الترتيب الذي يجب أن تظهر الأقسام. 0 هي الأولى ، 1 الثانية وما إلى ذلك.,
Homepage Section Card,بطاقة قسم الصفحة الرئيسية,
Subtitle,عنوان فرعي,
Products Settings,إعدادات المنتجات,
Home Page is Products,الصفحة الرئيسية هي المنتجات,
"If checked, the Home page will be the default Item Group for the website",إذا تحققت، الصفحة الرئيسية ستكون المجموعة الافتراضية للموقع,
Show Availability Status,إظهار حالة التوفر,
Product Page,صفحة المنتج,
Products per Page,المنتجات لكل صفحة,
Enable Field Filters,تمكين عوامل التصفية الميدانية,
Item Fields,حقول الصنف,
Enable Attribute Filters,تمكين عوامل تصفية المميزات,
Attributes,الميزات,
Hide Variants,إخفاء المتغيرات,
Website Attribute,ميزة الموقع,
Attribute,ميزة,
Website Filter Field,حقل تصفية الموقع,
Activity Cost,تكلفة النشاط,
Billing Rate,سعر الفوترة,
Costing Rate,سعر التكلفة,
Projects User,مستخدم المشاريع,
Default Costing Rate,سعر التكلفة الافتراضي,
Default Billing Rate,سعر الفوترة الافتراضي,
Dependent Task,مهمة تابعة,
Project Type,نوع المشروع,
% Complete Method,الطريقة الكاملة%,
Task Completion,إنجاز المهمة,
Task Progress,تقدم المهمة,
% Completed, مكتمل%,
From Template,من القالب,
Project will be accessible on the website to these users,سيكون المشروع متاحا على موقع الويب لهؤلاء المستخدمين,
Copied From,تم نسخها من,
Start and End Dates,تواريخ البدء والانتهاء,
Costing and Billing,التكلفة و الفواتير,
Total Costing Amount (via Timesheets),إجمالي مبلغ التكلفة (عبر الجداول الزمنية),
Total Expense Claim (via Expense Claims),مجموع المطالبة المصاريف (عبر مطالبات المصروفات),
Total Purchase Cost (via Purchase Invoice),مجموع تكلفة الشراء (عن طريق شراء الفاتورة),
Total Sales Amount (via Sales Order),إجمالي مبلغ المبيعات (عبر أمر المبيعات),
Total Billable Amount (via Timesheets),إجمالي المبلغ القابل للفوترة (عبر الجداول الزمنية),
Total Billed Amount (via Sales Invoices),إجمالي مبلغ الفاتورة (عبر فواتير المبيعات),
Total Consumed Material Cost  (via Stock Entry),إجمالي تكلفة المواد المستهلكة (عبر إدخال المخزون),
Gross Margin,هامش الربح الإجمالي,
Gross Margin %,هامش إجمالي%,
Monitor Progress,مراقبة التقدم في العمل,
Collect Progress,جمع العمل المنجز,
Frequency To Collect Progress,تردد لتجميع التقدم,
Twice Daily,مرتين يوميا,
First Email,البريد الإلكتروني الأول,
Second Email,البريد الإلكتروني الثاني,
Time to send,الوقت لارسال,
Day to Send,يوم لإرسال,
Projects Manager,مدير المشاريع,
Project Template,قالب المشروع,
Project Template Task,مهمة قالب المشروع,
Begin On (Days),يبدأ في(بالأيام),
Duration (Days),المدة الزمنية بالايام,
Project Update,تحديث المشروع,
Project User,مستخدم المشروع,
View attachments,عرض المرفقات,
Projects Settings,إعدادات المشاريع,
Ignore Workstation Time Overlap,تجاهل تداخل وقت محطة العمل,
Ignore User Time Overlap,تجاهل تداخل وقت المستخدم,
Ignore Employee Time Overlap,تجاهل تداخل وقت الموظف,
Weight,وزن المهمة,
Parent Task,المهمة الرئيسية,
Timeline,الجدول الزمني,
Expected Time (in hours),الوقت المتوقع (بالساعات),
% Progress,% العمل المنجز,
Is Milestone, حدث مهم,
Task Description,وصف المهمة,
Dependencies,التبعيات,
Dependent Tasks,المهام التابعة,
Depends on Tasks,تعتمد على المهام,
Actual Start Date (via Time Sheet),تاريخ البدء الفعلي (مع تسجيل الوقت),
Actual Time (in hours),الوقت الفعلي (بالساعات),
Actual End Date (via Time Sheet),تاريخ الإنتهاء الفعلي (مع تسجيل الوقت),
Total Costing Amount (via Time Sheet),إجمالي حساب التكاليف المبلغ (مع تسجيل الوقت),
Total Expense Claim (via Expense Claim),مجموع المطالبة بالمصاريف (عبر مطالبات مصاريف),
Total Billing Amount (via Time Sheet),المبلغ الكلي الفواتير (مع تسجيل الوقت),
Review Date,المراجعة بتاريخ,
Closing Date,تاريخ الاغلاق,
Task Depends On,المهمة تعتمد على,
Task Type,نوع المهمة,
Employee Detail,تفاصيل الموظف,
Billing Details,تفاصيل الفاتورة,
Total Billable Hours,مجموع الساعات المسجله بفاتوره,
Total Billed Hours,مجموع الساعات المسجله بفاتوره,
Total Costing Amount,المبلغ الكلي للتكاليف,
Total Billable Amount,المبلغ الكلي القابل للمحاسبة,
Total Billed Amount,المبلغ الكلي المسجل بفاتوره,
% Amount Billed,المبلغ المسجل بفاتوره%,
Hrs,ساعات,
Costing Amount,أجمالي الكلفة,
Corrective/Preventive,التصحيحية / الوقائية,
Corrective,تصحيحي,
Preventive,وقائي,
Resolution,حل,
Resolutions,حلول,
Quality Action Resolution,قرار جودة العمل,
Quality Feedback Parameter,نتائج جودة المتغيرات,
Quality Feedback Template Parameter,قالب نتائج جودة المتغيرات,
Quality Goal,هدف الجودة,
Monitoring Frequency,مراقبة التردد,
Weekday,يوم من أيام الأسبوع,
January-April-July-October, يناير -أبريل -يوليو -أكتوبر,
Revision and Revised On,تمت المراجعه وذلك بتاريخ,
Revision,المراجعة,
Revised On,تمت المراجعه في,
Objectives,الأهداف,
Quality Goal Objective,هدف جودة الهدف,
Objective,الاهداف,
Agenda,جدول أعمال,
Minutes,الدقائق,
Quality Meeting Agenda,جدول أعمال اجتماع الجودة,
Quality Meeting Minutes,محضر اجتماع الجودة,
Minute,دقيقة,
Parent Procedure,الإجراء الرئيسي,
Processes,العمليات,
Quality Procedure Process,عملية إجراءات الجودة,
Process Description,وصف العملية,
Link existing Quality Procedure.,ربط إجراءات الجودة الحالية.,
Additional Information,معلومة اضافية,
Quality Review Objective,هدف مراجعة الجودة,
DATEV Settings,إعدادات DATEV,
Regional,إقليمي,
Consultant ID,معرف المستشار,
GST HSN Code, GST HSN Code,
HSN Code, HSN Code,
GST Settings,إعدادات GST,
GST Summary,ملخص GST,
GSTIN Email Sent On,تم إرسال البريد الإلكترونيGSTIN,
GST Accounts,حسابات GST,
B2C Limit,الحد B2C,
Set Invoice Value for B2C. B2CL and B2CS calculated based on this invoice value.,تعيين قيمة الفاتورة ل B2C. B2CL و B2CS محسوبة بناء على قيمة الفاتورة هذه.,
GSTR 3B Report,تقرير GSTR 3B,
January,يناير,
February,شهر فبراير,
March,مارس,
April,أبريل,
May,مايو,
June,يونيو,
July,يوليو,
August,أغسطس,
September,سبتمبر,
October,شهر اكتوبر,
November,شهر نوفمبر,
December,ديسمبر,
JSON Output,JSON الإخراج,
Invoices with no Place Of Supply,فواتير مع عدم وجود مكان التموين,
Import Supplier Invoice,استيراد فاتورة المورد,
Invoice Series,سلسلة الفاتورة,
Upload XML Invoices,تحميل فواتير XML,
Zip File,ملف مضغوط,
Import Invoices,استيراد الفواتير,
Click on Import Invoices button once the zip file has been attached to the document. Any errors related to processing will be shown in the Error Log.,انقر على زر استيراد الفواتير بمجرد إرفاق الملف المضغوط بالوثيقة. سيتم عرض أي أخطاء متعلقة بالمعالجة في سجل الأخطاء.,
Invoice Series Prefix,بادئة سلسلة الفاتورة,
Active Menu,القائمة الفعالة,
Restaurant Menu,قائمة المطاعم,
Price List (Auto created),قائمة الأسعار (تم إنشاؤها تلقائيا),
Restaurant Manager,مدير المطعم,
Restaurant Menu Item,صنف قائمة المطعم القائمة,
Restaurant Order Entry,ادخال طلبات المطعم,
Restaurant Table,طاولة المطعم,
Click Enter To Add,انقر على إنتر للإضافة,
Last Sales Invoice,آخر فاتورة للمبيعات,
Current Order,الطلب الحالي,
Restaurant Order Entry Item,بند ادخال طلب في مطعم 
Served,خدم,
Restaurant Reservation,حجز المطعم,
Waitlisted,على قائمة الانتظار,
No Show,عدد العرض,
No of People,عدد الناس,
Reservation Time,وقت الحجز,
Reservation End Time,وقت انتهاء الحجز,
No of Seats,عدد المقاعد,
Minimum Seating,الحد الأدنى للجلوس,
"Keep Track of Sales Campaigns. Keep track of Leads, Quotations, Sales Order etc from Campaigns to gauge Return on Investment. ",تتبع حملات المبيعات. تتبع الزبون المحتمل، العروض، طلبات المبيعات ... الخ من الحملات لقياس العائد على الاستثمار.,
SAL-CAM-.YYYY.-,SAL-CAM-.YYYY.-,
Campaign Schedules,جداول الحملة,
Buyer of Goods and Services.,مشتري السلع والخدمات.,
CUST-.YYYY.-,CUST-.YYYY.-,
Default Company Bank Account,الحساب البنكي الافتراضي للشركة,
From Lead,من عميل محتمل,
Account Manager,إدارة حساب المستخدم,
Default Price List,قائمة الأسعار الافتراضي,
Primary Address and Contact Detail,العنوان الرئيسي وتفاصيل الاتصال,
"Select, to make the customer searchable with these fields",حدد، لجعل العميل قابلا للبحث باستخدام هذه الحقول,
Customer Primary Contact,جهة الاتصال الرئيسية للعميل,
"Reselect, if the chosen contact is edited after save",إعادة تحديد، إذا تم تحرير جهة الاتصال التي تم اختيارها بعد حفظ,
Customer Primary Address,عنوان العميل الرئيسي,
"Reselect, if the chosen address is edited after save",إعادة تحديد، إذا تم تحرير عنوان المختار بعد حفظ,
Primary Address,عنوان أساسي,
Mention if non-standard receivable account,اذكر ما إذا كان الحساب المدينة غير قياسي,
Credit Limit and Payment Terms,حدود الائتمان وشروط الدفع,
Additional information regarding the customer.,معلومات إضافية عن الزبون.,
Sales Partner and Commission,مبيعات الوكيل والعمولة,
Commission Rate,نسبة العمولة,
Sales Team Details,تفاصيل فريق المبيعات,
Customer Credit Limit,حد ائتمان العميل,
Bypass Credit Limit Check at Sales Order,تجاوز الحد الائتماني في طلب المبيعات,
Industry Type,نوع صناعة,
MAT-INS-.YYYY.-,MAT-INS-.YYYY.-,
Installation Date,تثبيت تاريخ,
Installation Time,تثبيت الزمن,
Installation Note Item,ملاحظة تثبيت الإغلاق,
Installed Qty,الكميات الثابتة,
Lead Source,مصدر الزبون المحتمل,
POS Closing Voucher,قيد إغلاق نقطة البيع,
Period Start Date,تاريخ بداية الفترة,
Period End Date,تاريخ انتهاء الفترة,
Cashier,أمين الصندوق,
Expense Details,تفاصيل حساب,
Expense Amount,مبلغ المصروفات,
Amount in Custody,المبلغ في الحراسة,
Total Collected Amount,إجمالي المبلغ المحصل,
Difference,فرق,
Modes of Payment,طرق الدفع,
Linked Invoices,الفواتير المرتبطة,
Sales Invoices Summary,ملخص فواتير المبيعات,
POS Closing Voucher Details,تفاصيل قيد إغلاق نقطة البيع,
Collected Amount,المبلغ المجمع,
Expected Amount,المبلغ المتوقع,
POS Closing Voucher Invoices,فواتير قيد إغلاق نقطة البيع,
Quantity of Items,كمية من العناصر,
POS Closing Voucher Taxes,ضرائب قيد إغلاق نقطة البيع,
"Aggregate group of **Items** into another **Item**. This is useful if you are bundling a certain **Items** into a package and you maintain stock of the packed **Items** and not the aggregate **Item**. \n\nThe package **Item** will have ""Is Stock Item"" as ""No"" and ""Is Sales Item"" as ""Yes"".\n\nFor Example: If you are selling Laptops and Backpacks separately and have a special price if the customer buys both, then the Laptop + Backpack will be a new Product Bundle Item.\n\nNote: BOM = Bill of Materials","تجميع مجموعة من **مواد ** لتشكيل مادة أخرى** . يفيد إذا كنت تجمع بعض المواد الى صنف جديد كما يمكنك من متابعة مخزون الصنف المركب** المواد** وليس مجموع ** المادة** .\n\nالمادة الآلية ** الصنف**  سيحتوي على ""صنف مخزني "" بقيمة ""لا"" و ""كصنف مبيعات "" بقيمة ""نعم "" على سبيل المثال: إذا كنت تبيع أجهزة الكمبيوتر المحمولة وحقائب الظهر بشكل منفصل لها سعر خاص اذا كان الزبون يشتري كلاهما ، اذاً اللاب توب + حقيبة الظهر ستكون صنف مركب واحد جديد. ملاحظة: المواد المجمعة = المواد الآلية",
Parent Item,الصنف الاصلي,
List items that form the package.,قائمة اصناف التي تتشكل حزمة.,
SAL-QTN-.YYYY.-,SAL-QTN-.YYYY.-,
Quotation To,مناقصة لـ,
Rate at which customer's currency is converted to company's base currency,المعدل الذي يتم تحويل العملة إلى عملة العميل قاعدة الشركة,
Rate at which Price list currency is converted to company's base currency,المعدل الذي يتم تحويل سعر العملة العملة الأساسية القائمة لشركة,
Additional Discount and Coupon Code,خصم إضافي ورمز القسيمة,
Referral Sales Partner,شريك مبيعات الإحالة,
In Words will be visible once you save the Quotation.,وبعبارة تكون مرئية بمجرد حفظ اقتباس.,
Term Details,تفاصيل الشروط,
Quotation Item,عرض سعر الصنف,
Against Doctype,DOCTYPE ضد,
Against Docname,مقابل الوثيقة,
Additional Notes,ملاحظات إضافية,
SAL-ORD-.YYYY.-,SAL-ORD-.YYYY.-,
Skip Delivery Note,تخطي ملاحظة التسليم,
In Words will be visible once you save the Sales Order.,وبعبارة تكون مرئية بمجرد حفظ ترتيب المبيعات.,
Track this Sales Order against any Project,متابعة  طلب المبيعات هذا مقابل أي مشروع للمبيعات,
Billing and Delivery Status,حالة التوصيل والدفع,
Not Delivered,ولا يتم توريدها,
Fully Delivered,سلمت بالكامل,
Partly Delivered,سلمت جزئيا,
Not Applicable,لا ينطبق,
%  Delivered,تم إيصاله?,
% of materials delivered against this Sales Order,? من المواد الموردة أوصلت مقابل أمر المبيعات,
% of materials billed against this Sales Order,? من المواد فوترت مقابل أمر المبيعات,
Not Billed,غير مفوتره,
Fully Billed,تم فوترتها بشكل كامل,
Partly Billed,تم فوترتها جزئيا,
Ensure Delivery Based on Produced Serial No,ضمان التسليم على أساس الرقم التسلسلي المنتج,
Supplier delivers to Customer,المورد يسلم للعميل,
Delivery Warehouse,مستودع تسليم,
Planned Quantity,الكميه المخطط لها,
For Production,للإنتاج,
Work Order Qty,كمية أمر العمل,
Produced Quantity,أنتجت الكمية,
Used for Production Plan,تستخدم لخطة الإنتاج,
Sales Partner Type,نوع شريك المبيعات,
Contact No.,رقم الاتصال,
Contribution (%),مساهمة (%),
Contribution to Net Total,المساهمة في صافي إجمالي,
Selling Settings,إعدادات المبيعات,
Settings for Selling Module,إعدادات لوحدة البيع,
Customer Naming By,تسمية العملاء بواسطة,
Campaign Naming By,حملة التسمية بواسطة,
Default Customer Group,المجموعة الافتراضية للعملاء,
Default Territory,الإقليم الافتراضي,
Close Opportunity After Days,تغلق الفرصة بعد عدد أيام,
Auto close Opportunity after 15 days,اغلاق تلقائي للفرص بعد 15 يوما,
Default Quotation Validity Days,عدد أيام صلاحية عرض الأسعار الافتراضي,
Sales Order Required,طلب المبيعات مطلوبة,
Delivery Note Required,إشعار التسليم مطلوب,
Sales Update Frequency,تردد تحديث المبيعات,
How often should project and company be updated based on Sales Transactions.,كم مرة يجب تحديث المشروع والشركة استنادًا إلى معاملات المبيعات.,
Each Transaction,كل عملية,
Allow user to edit Price List Rate in transactions,تسمح للمستخدم لتحرير الأسعار قائمة قيم في المعاملات,
Allow multiple Sales Orders against a Customer's Purchase Order,السماح بعدة أوامر البيع ضد طلب شراء العميل,
Validate Selling Price for Item against Purchase Rate or Valuation Rate,تحقق من سعر البيع للصنف ضد سعر الشراء أو معدل التقييم,
Hide Customer's Tax Id from Sales Transactions,إخفاء المعرف الضريبي للعملاء من معاملات مبيعات,
SMS Center,مركز رسائل SMS,
Send To,أرسل إلى,
All Contact,جميع جهات الاتصال,
All Customer Contact,كافة جهات اتصال العميل,
All Supplier Contact,بيانات اتصال جميع الموردين,
All Sales Partner Contact,بيانات الإتصال لكل شركاء البيع,
All Lead (Open),جميع الزبائن المحتملين (مفتوح),
All Employee (Active),جميع الموظفين (فعال),
All Sales Person,كل مندوبي المبيعات,
Create Receiver List,إنشاء قائمة استقبال,
Receiver List,قائمة الاستقبال,
Messages greater than 160 characters will be split into multiple messages,سيتم تقسيم الرسائل التي تزيد عن 160 حرفا إلى رسائل متعددة,
Total Characters,مجموع أحرف,
Total Message(s),مجموع الرسائل ( ق ),
Authorization Control,التحكم في الترخيص,
Authorization Rule,قاعدة الترخيص,
Average Discount,متوسط الخصم,
Customerwise Discount,التخفيض من ناحية الزبائن,
Itemwise Discount,التخفيض وفقاً للصنف,
Customer or Item,عميل أو صنف,
Customer / Item Name,العميل / أسم الصنف,
Authorized Value,القيمة المرخص بها,
Applicable To (Role),قابلة للتطبيق على (الدور الوظيفي),
Applicable To (Employee),قابلة للتطبيق على (الموظف),
Applicable To (User),قابلة للتطبيق على (المستخدم),
Applicable To (Designation),قابلة للتطبيق على (المسمى الوظيفي),
Approving Role (above authorized value),الدور الوظيفي الذي لديه صلاحية الموافقة على قيمة اعلى من القيمة المرخص بها,
Approving User  (above authorized value),المستخدم الذي لديه صلاحية الموافقة على قيمة أعلى من القيمة المرخص بها,
Brand Defaults,العلامة التجارية الافتراصية,
Legal Entity / Subsidiary with a separate Chart of Accounts belonging to the Organization.,الكيان القانوني و الشركات التابعة التى لها لدليل حسابات منفصل تنتمي إلى المنظمة.,
Change Abbreviation,تغيير الاختصار,
Parent Company,الشركة الام,
Default Values,قيم افتراضية,
Default Holiday List,قائمة العطل الافتراضية,
Standard Working Hours,ساعات العمل القياسية,
Default Selling Terms,شروط البيع الافتراضية,
Default Buying Terms,شروط الشراء الافتراضية,
Default warehouse for Sales Return,المستودع الافتراضي لعائد المبيعات,
Create Chart Of Accounts Based On,إنشاء دليل الحسابات استنادا إلى,
Standard Template,القالب القياسي,
Chart Of Accounts Template,نمودج  دليل الحسابات,
Existing Company ,الشركة الحالية,
Date of Establishment,تاريخ التأسيس,
Sales Settings,إعدادات المبيعات,
Monthly Sales Target,هدف المبيعات الشهرية,
Sales Monthly History,السجل الشهري للمبيعات,
Transactions Annual History,المعاملات السنوية التاريخ,
Total Monthly Sales,إجمالي المبيعات الشهرية,
Default Cash Account,حساب الصندوق الافتراضي,
Default Receivable Account,حساب المدينون الافتراضي,
Round Off Cost Center,مركز تكلفة التقريب العشري,
Discount Allowed Account,حساب الخصم المسموح به,
Discount Received Account,حساب الخصم المكتسب,
Exchange Gain / Loss Account,حساب فوارق العملة,
Unrealized Exchange Gain/Loss Account,حساب أرباح / خسائر غير محققة,
Allow Account Creation Against Child Company,السماح بإنشاء حساب شركة زميلة,
Default Payable Account,حساب الدائنون الافتراضي,
Default Employee Advance Account,حساب سلف الموظفين,
Default Cost of Goods Sold Account,الحساب الافتراضي لتكلفة المبيعات,
Default Income Account,حساب الدخل الافتراضي,
Default Deferred Revenue Account,حساب الإيرادات المؤجلة الافتراضي,
Default Deferred Expense Account,حساب المصروفات المستحقة الافتراضي,
Default Payroll Payable Account,الحساب الافتراضي للاستحقاقات,
Default Expense Claim Payable Account,حساب المصروفات لأوراق الدفع,
Stock Settings,إعدادات المخزون,
Enable Perpetual Inventory,استخدام نظام الجرد المستمر,
Default Inventory Account,حساب المخزون الافتراضي,
Stock Adjustment Account,حساب تسوية المخزون,
Fixed Asset Depreciation Settings,إعدادات اهلاك الأصول الثابتة,
Series for Asset Depreciation Entry (Journal Entry),سلسلة عمليات اهلاك الأصول (قيد يومي),
Gain/Loss Account on Asset Disposal,حساب أرباح / خسائر رأسمالية,
Asset Depreciation Cost Center,مركز تكلفة اهلاك الأصول,
Budget Detail,تفاصيل الميزانية,
Exception Budget Approver Role,المخول بالموافقة على الموازنة الاستثنائية,
Company Info,معلومات عن الشركة,
For reference only.,للإشارة او المرجعية فقط.,
Company Logo,شعار الشركة,
Date of Incorporation,تاريخ التأسيس,
Date of Commencement,تاريخ البدء,
Phone No,رقم الهاتف,
Company Description,وصف الشركة,
Registration Details,تفاصيل التسجيل,
Company registration numbers for your reference. Tax numbers etc.,ارقام تسجيل الشركة و ارقام ملفات الضرائب..... الخ,
Delete Company Transactions,حذف معاملات وحركات للشركة,
Currency Exchange,اسعار صرف العملات,
Specify Exchange Rate to convert one currency into another,تحديد سعر الصرف لتحويل عملة إلى أخرى,
From Currency,من العملة,
To Currency,إلى العملة,
For Buying,للشراء,
For Selling,للبيع,
Customer Group Name,أسم فئة العميل,
Parent Customer Group,مجموعة عملاء أولياء الأمور,
Only leaf nodes are allowed in transaction,المصنف ليس مجموعة فقط مسموح به في المعاملات,
Mention if non-standard receivable account applicable,أذكر إذا كان حساب المدينين المطبق ليس حساب المدينين الافتراضي,
Credit Limits,سقف الائتمان,
Email Digest,ملخص مرسل عن طريق الايميل,
Send regular summary reports via Email.,إرسال تقارير موجزة منتظمة عبر البريد الإلكتروني.,
Email Digest Settings,إعدادات الملخصات المرسله عبر الايميل,
How frequently?,عدد المرات؟,
Next email will be sent on:,سيتم إرسال البريد الإلكترونية التالي في :,
Note: Email will not be sent to disabled users,ملاحظة: لن يتم إرسال الايميل إلى المستخدم الغير فعال,
Profit & Loss,الخسارة و الأرباح,
New Income,مصروف جديد,
New Expenses,مصروفات جديدة,
Annual Income,الايرادات السنوية,
Annual Expenses,المصروفات السنوية,
Bank Balance,الرصيد البنكي,
Bank Credit Balance,رصيد ائتمان البنك,
Receivables,المستحقات (مدينة),
Payables,الواجب دفعها (دائنة),
Sales Orders to Bill,أوامر المبيعات إلى الفاتورة,
Purchase Orders to Bill,أوامر الشراء إلى الفاتورة,
New Sales Orders,طلب مبيعات جديد,
New Purchase Orders,أوامر شراء جديدة,
Sales Orders to Deliver,أوامر المبيعات لتقديم,
Purchase Orders to Receive,أوامر الشراء لتلقي,
New Purchase Invoice,فاتورة شراء جديدة,
New Quotations,عرض سعر جديد,
Open Quotations,عروض الاسعار السارية,
Purchase Orders Items Overdue,أوامر الشراء للبنود المتأخرة,
Add Quote,إضافة  عرض سعر,
Global Defaults,المتغيرات العالمية,
Default Company,الشركة الافتراضية,
Current Fiscal Year,السنة المالية الحالية,
Default Distance Unit,وحدة قياس المسافة الافتراضية,
Hide Currency Symbol,إخفاء رمز العملة,
Do not show any symbol like $ etc next to currencies.,لا تظهر أي رمز مثل $  بجانب العملات.,
"If disable, 'Rounded Total' field will not be visible in any transaction","إذا تم تعطيله، فلن يكون الحقل ""أجمالي التقريب"" مرئيا في أي معاملة",
Disable In Words,تعطيل خاصية حقل بالكلمات 
"If disable, 'In Words' field will not be visible in any transaction",إذا تم تعطيله، فلن يكون الحقل 'بالكلمات' مرئيا في أي معاملة,
Item Classification,تصنيف الصنف,
General Settings,الإعدادات العامة,
Item Group Name,اسم مجموعة الصنف,
Parent Item Group,مجموعة الاصناف الام,
Item Group Defaults,مجموعة العناصر الافتراضية,
Item Tax,ضريبة الصنف,
Check this if you want to show in website,التحقق من ذلك إذا كنت تريد أن تظهر في الموقع,
Show this slideshow at the top of the page,تظهر هذه الشرائح في أعلى الصفحة,
HTML / Banner that will show on the top of product list.,HTML / بانر التي سوف تظهر في الجزء العلوي من قائمة المنتجات.,
Set prefix for numbering series on your transactions,تحديد بادئة للترقيم التسلسلي على المعاملات الخاصة بك,
Setup Series,إعداد الترقيم التسلسلي,
Select Transaction,حدد المعاملات,
Help HTML,مساعدة HTML,
Series List for this Transaction,قائمة متسلسلة لهذه العملية,
User must always select,يجب دائما على المستخدم التحديد,
Check this if you want to force the user to select a series before saving. There will be no default if you check this.,التحقق من ذلك إذا كنت تريد لإجبار المستخدم لتحديد سلسلة قبل الحفظ. لن يكون هناك الافتراضي إذا قمت بتحديد هذا.,
Update Series,تحديث الرقم التسلسلي,
Change the starting / current sequence number of an existing series.,تغيير رقم تسلسل بدء / الحالي من سلسلة الموجودة.,
Prefix,البادئة,
Current Value,القيمة الحالية,
This is the number of the last created transaction with this prefix,هذا هو عدد المعاملات التي تم إنشاؤها باستخدام مشاركة هذه البادئة,
Update Series Number,تحديث الرقم التسلسلي,
Quotation Lost Reason,سبب ضياع عرض السعر,
A third party distributor / dealer / commission agent / affiliate / reseller who sells the companies products for a commission.,موزع طرف ثالث / وكيل / دلّال / شريك / بائع التجزئة الذي يبيع منتجات الشركات مقابل عمولة.,
Sales Partner Name,اسم شريك المبيعات,
Partner Type,نوع الوكيل,
Address & Contacts,معلومات التواصل والعنوان,
Address Desc,تفاصيل العنوان,
Contact Desc,تفاصيل جهة الاتصال,
Sales Partner Target,المبلغ المطلوب للشريك(الوكيل),
Targets,الأهداف,
Show In Website,تظهر في الموقع الالكتروني,
Referral Code,كود الإحالة,
To Track inbound purchase,لتتبع الشراء الوارد,
Logo,الشعار الرسمي,
Partner website,موقع الوكيل,
All Sales Transactions can be tagged against multiple **Sales Persons** so that you can set and monitor targets.,جميع معاملات البيع يمكن ان تكون مشارة لعدة ** موظفين مبيعات** بحيث يمكنك تعيين و مراقبة اهداف البيع المحددة,
Name and Employee ID,الاسم والرقم الوظيفي,
Sales Person Name,اسم مندوب المبيعات,
Parent Sales Person,مندوب المبيعات الرئيسي,
Select company name first.,حدد اسم الشركة أولا.,
Sales Person Targets,اهداف مندوب المبيعات,
Set targets Item Group-wise for this Sales Person.,تحديد أهداف واضحة لمندوب المبيعات.,
Supplier Group Name,اسم مجموعة الموردين,
Parent Supplier Group,مجموعة الموردين الام,
Target Detail,تفاصل الهدف,
Target Qty,الكمية المستهدفة,
Target  Amount,المبلغ المستهدف,
Target Distribution,هدف التوزيع,
"Standard Terms and Conditions that can be added to Sales and Purchases.\n\nExamples:\n\n1. Validity of the offer.\n1. Payment Terms (In Advance, On Credit, part advance etc).\n1. What is extra (or payable by the Customer).\n1. Safety / usage warning.\n1. Warranty if any.\n1. Returns Policy.\n1. Terms of shipping, if applicable.\n1. Ways of addressing disputes, indemnity, liability, etc.\n1. Address and Contact of your Company.",الشروط والأحكام التي يمكن أن تضاف إلى المبيعات والمشتريات القياسية.\n\n أمثلة: \n\n 1. صلاحية العرض.\n 1. شروط الدفع (مقدما، وعلى الائتمان، وجزء مسبقا الخ).\n 1. ما هو إضافي (أو تدفع من قبل العميل).\n 1. السلامة / تحذير الاستخدام.\n 1. الضمان إن وجدت.\n 1. عودة السياسة.\n 1. شروط الشحن، إذا كان ذلك ممكنا.\n 1. سبل معالجة النزاعات، التعويض، والمسؤولية، الخ \n 1. معالجة والاتصال من الشركة الخاصة بك.,
Applicable Modules,وحدات قابلة للتطبيق,
Terms and Conditions Help,مساعدة الشروط والأحكام,
Classification of Customers by region,تصنيف العملاء حسب المنطقة,
Territory Name,اسم المنطقة,
Parent Territory,المنطقة الأم,
Territory Manager,مدير المنطقة,
For reference,مرجعية رقم,
Territory Targets,المناطق المستهدفة,
Set Item Group-wise budgets on this Territory. You can also include seasonality by setting the Distribution.,تعيين مجموعة من الحكمة الإغلاق الميزانيات على هذا الإقليم. يمكنك أيضا تضمين الموسمية عن طريق تعيين التوزيع.,
UOM Name,اسم وحدة القياس,
Check this to disallow fractions. (for Nos),حدد هذا الخيار لعدم السماح بالكسور مع الارقام (for Nos),
Website Item Group,مجموعة الأصناف للموقع,
Cross Listing of Item in multiple groups,Cross Listing of Item in multiple groups,
Default settings for Shopping Cart,الإعدادات الافتراضية لسلة التسوق,
Enable Shopping Cart,تمكين سلة التسوق,
Display Settings,عرض الإعدادات,
Show Public Attachments,عرض المرفقات العامة,
Show Price,عرض التسعيرة,
Show Stock Availability,عرض المخزون المتاح,
Show Configure Button,إظهار زر الاعداد,
Show Contact Us Button,عرض الاتصال بنا,
Show Stock Quantity,عرض كمية المخزون,
Show Apply Coupon Code,إظهار رقم قسيمة التخفيض,
Allow items not in stock to be added to cart,السماح بإضافة العناصر غير الموجودة في المخزن إلى السلة,
Prices will not be shown if Price List is not set,لن تظهر الأسعار إذا لم يتم تعيين قائمة الأسعار,
Quotation Series,سلسلة عروض الاسعار,
Checkout Settings,إعدادات الدخول للدفع Checkout,
Enable Checkout,تمكين الدخول للدفع Checkout,
Payment Success Url,رابط الدفع الصحيح,
After payment completion redirect user to selected page.,اعاده توجيه المستخدم الى الصفحات المحدده بعد اكتمال عمليه الدفع,
Batch ID,رقم الباتش,
Parent Batch,الباتش الأم,
Manufacturing Date,تاريخ التصنيع,
Source Document Type,نوع الوثيقة المصدر,
Source Document Name,اسم الوثيقة المصدر,
Batch Description,وصف الدفعة,
Bin,الصندوق,
Reserved Quantity,الكمية المحجوزة,
Actual Quantity,الكمية الفعلية,
Requested Quantity,الكمية المطلوبة,
Reserved Qty for sub contract,الكمية المحجوزة للعقد من الباطن,
Moving Average Rate,معدل المتوسط المتحرك,
FCFS Rate,FCFS Rate,
Customs Tariff Number,رقم التعريفة الجمركية,
Tariff Number,رقم التعرفة,
Delivery To,التسليم إلى,
MAT-DN-.YYYY.-,MAT-DN-.YYYY.-,
Is Return,مرتجع؟,
Issue Credit Note,إصدار إشعار الائتمان,
Return Against Delivery Note,البضاعة المعادة مقابل اشعار تسليم,
Customer's Purchase Order No,رقم أمر الشراء الصادر من الزبون,
Billing Address Name,اسم عنوان تقديم الفواتير,
Required only for sample item.,مطلوب فقط عينة الصنف.,
"If you have created a standard template in Sales Taxes and Charges Template, select one and click on the button below.",إذا قمت بإنشاء نمودج قياسي ل (نموذج ضرائب المبيعات والرسوم)، اختر واحدا وانقر على الزر أدناه.,
In Words will be visible once you save the Delivery Note.,بالحروف سوف تكون مرئية بمجرد حفظ اشعارالتسليم.,
In Words (Export) will be visible once you save the Delivery Note.,بالحروف (تصدير) سوف تكون مرئية بمجرد حفظ اشعار التسليم.,
Transporter Info,نقل معلومات,
Driver Name,اسم السائق,
Track this Delivery Note against any Project,تتبع هذه ملاحظة التوصيل ضد أي مشروع,
Inter Company Reference,بين شركة مرجع,
Print Without Amount,طباعة بدون قيمة,
% Installed,? تم تركيب,
% of materials delivered against this Delivery Note,? من المواد التي تم تسليمها مقابل اشعار التسليم هذا,
Installation Status,حالة التركيب,
Excise Page Number,رقم صفحة الضريبة,
Instructions,تعليمات,
From Warehouse,من المستودع,
Against Sales Order,مقابل طلب مبيعات,
Against Sales Order Item,مقابل بند طلب مبيعات,
Against Sales Invoice,مقابل فاتورة المبيعات,
Against Sales Invoice Item,مقابل بند فاتورة المبيعات,
Available Batch Qty at From Warehouse,متوفر (كمية باتش) عند (من المخزن),
Available Qty at From Warehouse,متوفر (كمية) في المخزن,
Delivery Settings,إعدادات التسليم,
Dispatch Settings,إعدادات الإرسال,
Dispatch Notification Template,قالب إعلام الإرسال,
Dispatch Notification Attachment,مرفق إعلام الإرسال,
Leave blank to use the standard Delivery Note format,اتركه فارغًا لاستخدام تنسيق &quot;ملاحظة التسليم&quot; القياسي,
Send with Attachment,إرسال مع المرفقات,
Delay between Delivery Stops,التأخير بين توقفات التسليم,
Delivery Stop,توقف التسليم,
Visited,تمت زيارته,
Order Information,معلومات الطلب,
Contact Information,معلومات الاتصال,
Email sent to,تم ارسال الايميل الي,
Dispatch Information,معلومات الإرسال,
Estimated Arrival,الوصول المتوقع,
MAT-DT-.YYYY.-,MAT-DT-.YYYY.-,
Initial Email Notification Sent,تم إرسال إشعار البريد الإلكتروني المبدئي,
Delivery Details,تفاصيل التسليم,
Driver Email,سائق البريد الإلكتروني,
Driver Address,عنوان السائق,
Total Estimated Distance,مجموع المسافة المقدرة,
Distance UOM,المسافة UOM,
Departure Time,وقت المغادرة,
Delivery Stops,توقف التسليم,
Calculate Estimated Arrival Times,حساب أوقات الوصول المقدرة,
Use Google Maps Direction API to calculate estimated arrival times,استخدم واجهة برمجة تطبيقات Google Maps Direction لحساب أوقات الوصول المقدرة,
Optimize Route,تحسين الطريق,
Use Google Maps Direction API to optimize route,استخدم Google Maps Direction API لتحسين المسار,
In Transit,في مرحلة انتقالية,
Fulfillment User,مستخدم الولاء ,
"A Product or a Service that is bought, sold or kept in stock.",منتج أو خدمة تم شراؤها أو بيعها أو حفظها في المخزون.,
STO-ITEM-.YYYY.-,STO-ITEM-.YYYY.-,
"If item is a variant of another item then description, image, pricing, taxes etc will be set from the template unless explicitly specified",إذا كان الصنف هو البديل من صنف آخر ثم وصف، صورة، والتسعير، والضرائب سيتم تعيين غيرها من القالب، ما لم يذكر صراحة,
Is Item from Hub,من أصناف المحور العام,
Default Unit of Measure,وحدة القياس الافتراضية,
Maintain Stock,منتج قابل للتخزين,
Standard Selling Rate,سعر البيع,
Auto Create Assets on Purchase,إنشاء الأصول تلقائيًا عند الشراء,
Asset Naming Series,سلسلة تسمية الأصول,
Over Delivery/Receipt Allowance (%),بعد الوقت المتفق عليه للتسليم / بدل الاستلام (%),
Barcodes,الباركود,
Shelf Life In Days,العمر الافتراضي بالأيام,
End of Life,نهاية الحياة,
Default Material Request Type,النوع الافتراضي لـ وثيقة 'طلب مواد',
Valuation Method,طريقة التقييم,
FIFO,FIFO,
Moving Average,المتوسط المتحرك,
Warranty Period (in days),فترة الضمان (بالأيام),
Auto re-order,إعادة الطلب تلقائياً,
Reorder level based on Warehouse,مستوى إعادة الطلب بناء على مستودع,
Will also apply for variants unless overrridden,سيتم تطبيقه أيضًا على المتغيرات ما لم يتم تجاوزها,
Units of Measure,وحدات القياس,
Will also apply for variants,سوف تطبق أيضا على المتغيرات,
Serial Nos and Batches,الرقم التسلسلي والدفعات,
Has Batch No,لها رقم دفعه,
Automatically Create New Batch,إنشاء دفعة جديدة تلقائيا,
Batch Number Series,سلسلة رقم الدفعة,
"Example: ABCD.#####. If series is set and Batch No is not mentioned in transactions, then automatic batch number will be created based on this series. If you always want to explicitly mention Batch No for this item, leave this blank. Note: this setting will take priority over the Naming Series Prefix in Stock Settings.",مثال: ABCD. #####. إذا تم ضبط التسلسل ولم يتم ذكر رقم الدفعة في المعاملات ، فسيتم إنشاء رقم الدفعة تلقائيًا استنادًا إلى هذه السلسلة. إذا كنت تريد دائمًا الإشارة صراحة إلى رقم الدفعه لهذا الصنف ، فاترك هذا فارغًا. ملاحظة: سيأخذ هذا الإعداد الأولوية على بادئة Naming Series في إعدادات المخزون.,
Has Expiry Date,له تاريخ لانتهاء الصلاحية,
Retain Sample,الاحتفاظ بعينة,
Max Sample Quantity,الحد الأقصى لعدد العينات,
Maximum sample quantity that can be retained,الحد الأقصى لعدد العينات التي يمكن الاحتفاظ بها,
Has Serial No,يحتوي على رقم تسلسلي,
Serial Number Series,سلسلة الرقم التسلسلي,
"Example: ABCD.#####\nIf series is set and Serial No is not mentioned in transactions, then automatic serial number will be created based on this series. If you always want to explicitly mention Serial Nos for this item. leave this blank.",مثال: ABCD ##### \n إذا تم تعيين سلسلة والرقم التسلسلي ليس مذكورة في المعاملات، سيتم إنشاء الرقم التسلسلي تلقائيا على أساس هذه السلسلة. إذا كنت تريد دائما أن يذكر الرقم التسلسلي لهذا الصنف. اترك هذا فارغا.,
Variants,المتغيرات,
Has Variants,يحتوي على متغيرات,
"If this item has variants, then it cannot be selected in sales orders etc.",إذا كان هذا الصنف لديها بدائل، فإنه لا يمكن اختيارها في أوامر البيع الخ,
Variant Based On,البديل القائم على,
Item Attribute,سمات الصنف,
"Sales, Purchase, Accounting Defaults",المبيعات المشتريات  الافتراضات المحاسبية,
Item Defaults,الصنف الافتراضي,
"Purchase, Replenishment Details",تفاصيل الشراء  التجديد,
Is Purchase Item,هل صنف قابل للشراء,
Default Purchase Unit of Measure,وحدة قياس الشراء الافتراضية,
Minimum Order Qty,الحد الأدنى لطلب الكمية,
Minimum quantity should be as per Stock UOM,يجب أن تكون الكمية الأدنى حسب مخزون UOM,
Average time taken by the supplier to deliver,متوسط الوقت المستغرق من قبل المورد للتسليم,
Is Customer Provided Item,هل العميل يقدم الصنف,
Delivered by Supplier (Drop Ship),سلمت من قبل مورد (إسقاط عملية الشحن),
Supplier Items,مورد الأصناف,
Foreign Trade Details,تفاصيل التجارة الخارجية,
Country of Origin,بلد المنشأ,
Sales Details,تفاصيل المبيعات,
Default Sales Unit of Measure,وحدة قياس المبيعات الافتراضية,
Is Sales Item,هو صنف مبيعات؟,
Max Discount (%),الحد الأقصى للخصم (%),
No of Months,عدد الشهور,
Customer Items,منتجات العميل,
Inspection Criteria,معايير الفحص,
Inspection Required before Purchase,الفحوصات المطلوبة قبل الشراء,
Inspection Required before Delivery,الفحوصات المطلوبة قبل التسليم,
Default BOM,الافتراضي BOM,
Supply Raw Materials for Purchase,توريد مواد خام للشراء,
If subcontracted to a vendor,إذا تم التعاقد من الباطن مع بائع,
Customer Code,رمز العميل,
Show in Website (Variant),مشاهدة في موقع (البديل),
Items with higher weightage will be shown higher,الاصناف ذات الاهمية العالية سوف تظهر بالاعلى,
Show a slideshow at the top of the page,تظهر الشرائح في أعلى الصفحة,
Website Image,صورة الموقع,
Website Warehouse,مستودع الموقع,
"Show ""In Stock"" or ""Not in Stock"" based on stock available in this warehouse.","تظهر ""في المخزن"" أو ""ليس في المخزن"" على أساس التواجد  في هذا المخزن.",
Website Item Groups,مجموعات الأصناف للموقع,
List this Item in multiple groups on the website.,قائمة هذا الصنف في مجموعات متعددة على شبكة الانترنت.,
Copy From Item Group,نسخة من مجموعة الصنف,
Website Content,محتوى الموقع,
You can use any valid Bootstrap 4 markup in this field. It will be shown on your Item Page.,يمكنك استخدام أي ترميز Bootstrap 4 صحيح في هذا الحقل. سيتم عرضه على صفحة الصنف الخاص بك.,
Total Projected Qty,توقعات مجموع الكمية,
Hub Publishing Details,هاب تفاصيل النشر,
Publish in Hub,نشر في المحور,
Publish Item to hub.erpnext.com,نشر الصنف إلى hub.erpnext.com,
Hub Category to Publish,فئة المحور للنشر,
Hub Warehouse,مركز مستودع,
"Publish ""In Stock"" or ""Not in Stock"" on Hub based on stock available in this warehouse.",نشر &quot;في الأوراق المالية&quot; أو &quot;غير متوفر&quot; على المحور استنادا إلى الأسهم المتوفرة في هذا المستودع.,
Synced With Hub,مزامن مع المحور,
Item Alternative,الصنف البديل,
Alternative Item Code,رمز الصنف البديل,
Two-way,في اتجاهين,
Alternative Item Name,اسم الصنف البديل,
Attribute Name,السمة اسم,
Numeric Values,قيم رقمية,
From Range,من المدى,
Increment,الزيادة,
To Range,تتراوح,
Item Attribute Values,القيم المميزه للعنصر,
Item Attribute Value,قيمة مواصفة الصنف,
Attribute Value,السمة القيمة,
Abbreviation,اسم مختصر,
"This will be appended to the Item Code of the variant. For example, if your abbreviation is ""SM"", and the item code is ""T-SHIRT"", the item code of the variant will be ""T-SHIRT-SM""","سيتم إلحاق هذا إلى صنف رمز للمتغير. على سبيل المثال، إذا اختصار الخاص بك هو ""SM""، ورمز الصنف هو ""T-SHIRT""، رمز الصنف المتغير سيكون ""T-SHIRT-SM""",
Item Barcode,باركود الصنف,
Barcode Type,نوع الباركود,
EAN,EAN,
UPC-A,UPC-A,
Item Customer Detail,تفاصيل العميل لهذا الصنف,
"For the convenience of customers, these codes can be used in print formats like Invoices and Delivery Notes",لراحة العملاء، ويمكن استخدام هذه الرموز في أشكال الطباعة مثل الفواتير والسندات التسليم,
Ref Code,الرمز المرجعي,
Item Default,الصنف الافتراضي,
Purchase Defaults,المشتريات الافتراضية,
Default Buying Cost Center,مركز التكلفة للشراء الافتراضي,
Default Supplier,المورد الافتراضي,
Default Expense Account,حساب المصروفات الإفتراضي,
Sales Defaults,القيم الافتراضية للمبيعات,
Default Selling Cost Center,مركز تكلفة المبيعات الافتراضي,
Item Manufacturer,عملية تصنيع الصنف,
Item Price,سعر الصنف,
Packing Unit,وحدة التعبئة,
Quantity  that must be bought or sold per UOM,الكمية التي يجب شراؤها أو بيعها لكل UOM,
Valid From ,صحيحة من,
Valid Upto ,صحيحة لغاية,
Item Quality Inspection Parameter,معلمة تفتيش جودة الصنف,
Acceptance Criteria,معايير القبول,
Item Reorder,إعادة ترتيب الصنف,
Check in (group),تحقق في (مجموعة),
Request for,طلب ل,
Re-order Level,مستوى إعادة الطلب,
Re-order Qty,إعادة طلب كميه,
Item Supplier,مورد الصنف,
Item Variant,متغير الصنف,
Item Variant Attribute,سمة متغير الصنف,
Do not update variants on save,لا تقم بتحديث المتغيرات عند الحفظ,
Fields will be copied over only at time of creation.,سيتم نسخ الحقول فقط في وقت الإنشاء.,
Allow Rename Attribute Value,السماح بميزة إعادة التسمية,
Rename Attribute Value in Item Attribute.,إعادة تسمية قيمه السمة في سمة الصنف.,
Copy Fields to Variant,نسخ الحقول إلى متغير,
Item Website Specification,مواصفات الموقع الإلكتروني للصنف,
Table for Item that will be shown in Web Site,جدول السلعة الذي سيظهر في الموقع,
Landed Cost Item,تخفيض تكلفة صنف,
Receipt Document Type,استلام نوع الوثيقة,
Receipt Document,وثيقة استلام,
Applicable Charges,الرسوم المطبقة,
Purchase Receipt Item,اصناف استلام الشراء,
Landed Cost Purchase Receipt,تكاليف المشتريات المستلمة,
Landed Cost Taxes and Charges,الضرائب التكلفة هبطت والرسوم,
Landed Cost Voucher,قسيمة تخفيض,
MAT-LCV-.YYYY.-,MAT-LCV-.YYYY.-,
Purchase Receipts,إيصالات شراء,
Purchase Receipt Items,شراء قطع الإيصال,
Get Items From Purchase Receipts,الحصول على أصناف من إيصالات الشراء,
Distribute Charges Based On,توزيع الرسوم بناء على,
Landed Cost Help,هبطت التكلفة مساعدة,
Manufacturers used in Items,الشركات المصنعة المستخدمة في الاصناف,
Limited to 12 characters,تقتصر على 12 حرفا,
MAT-MR-.YYYY.-,MAT-MR-.YYYY.-,
Requested For,الغرض من الطلب,
Transferred,نقل,
% Ordered,? تم طلبها,
Terms and Conditions Content,محتويات الشروط والأحكام,
Quantity and Warehouse,الكمية والنماذج,
Lead Time Date,تاريخ و وقت المهلة,
Min Order Qty,أقل كمية للطلب,
Packed Item,صنف معبأ,
To Warehouse (Optional),إلى مستودع (اختياري),
Actual Batch Quantity,كمية الدفعة الفعلية,
Prevdoc DocType,Prevdoc DOCTYPE,
Parent Detail docname,الأم تفاصيل docname,
"Generate packing slips for packages to be delivered. Used to notify package number, package contents and its weight.",إنشاء قائمة بحتويات الشحنة للشحنة المراد تسليمها. يجب عليك الإبلاغ عن رقم الشحنة، محتوياتها ووزنها.,
Indicates that the package is a part of this delivery (Only Draft),يشير إلى أن الحزمة هو جزء من هذا التسليم (مشروع فقط),
MAT-PAC-.YYYY.-,MAT-PAC-.YYYY.-,
From Package No.,من رقم الحزمة,
Identification of the package for the delivery (for print),تحديد حزمة لتسليم (للطباعة),
To Package No.,لحزم رقم,
If more than one package of the same type (for print),إذا كان أكثر من حزمة واحدة من نفس النوع (للطباعة),
Package Weight Details,تفاصيل وزن الحزمة,
The net weight of this package. (calculated automatically as sum of net weight of items),وزن صافي من هذه الحزمة. (تحسب تلقائيا مجموع الوزن الصافي للسلعة),
Net Weight UOM,الوزن الصافي لوحدة القياس,
Gross Weight,الوزن الإجمالي,
The gross weight of the package. Usually net weight + packaging material weight. (for print),الوزن الكلي للحزمة. الوزن الصافي عادة + تغليف المواد الوزن. (للطباعة),
Gross Weight UOM,الوزن الإجمالي UOM,
Packing Slip Item,مادة كشف التعبئة,
DN Detail,DN التفاصيل,
STO-PICK-.YYYY.-,STO-PICK-.YYYY.-,
Material Transfer for Manufacture,نقل المواد لتصنيع,
Qty of raw materials will be decided based on the qty of the Finished Goods Item,سيتم تحديد كمية المواد الخام بناءً على الكمية الخاصة بصنف البضائع النهائية,
Parent Warehouse,المستودع الأصل,
Items under this warehouse will be suggested,وسيتم اقتراح العناصر الموجودة تحت هذا المستودع,
Get Item Locations,الحصول على مواقع الصنف,
Item Locations,مواقع الصنف,
Pick List Item,اختيار قائمة الصنف,
Picked Qty,الكمية المختارة,
Price List Master,قائمة الأسعار ماستر,
Price List Name,اسم قائمة الأسعار,
Price Not UOM Dependent,السعر لا يعتمد على UOM,
Applicable for Countries,ينطبق على البلدان,
Price List Country,قائمة الأسعار البلد,
MAT-PRE-.YYYY.-,MAT-PRE-.YYYY.-,
Supplier Delivery Note,اشعار التسليم من المورد,
Time at which materials were received,الوقت الذي وردت المواد,
Return Against Purchase Receipt,مسترجع مقابل ايصال شراء,
Rate at which supplier's currency is converted to company's base currency,المعدل الذي يتم تحويل العملة إلى عملة المورد قاعدة الشركة,
Get Current Stock,الحصول على المخزون الحالي,
Add / Edit Taxes and Charges,إضافة / تعديل الضرائب والرسوم,
Auto Repeat Detail,تكرار تلقائي للتفاصيل,
Transporter Details,تفاصيل النقل,
Vehicle Number,عدد المركبات,
Vehicle Date,تاريخ تسجيل الآلية,
Received and Accepted,تم الاستلام  مع القبول,
Accepted Quantity,كمية مقبولة,
Rejected Quantity,الكمية المرفوضة,
Sample Quantity,كمية العينة,
Rate and Amount,المعدل والمبلغ,
MAT-QA-.YYYY.-,MAT-QA-.YYYY.-,
Report Date,تاريخ التقرير,
Inspection Type,نوع الفحص,
Item Serial No,الرقم التسلسلي للصنف,
Sample Size,حجم العينة,
Inspected By,فحص من قبل,
Readings,قراءات,
Quality Inspection Reading,جودة التفتيش القراءة,
Reading 1,قراءة 1,
Reading 2,القراءة 2,
Reading 3,قراءة 3,
Reading 4,قراءة 4,
Reading 5,قراءة 5,
Reading 6,قراءة 6,
Reading 7,قراءة 7,
Reading 8,قراءة 8,
Reading 9,قراءة 9,
Reading 10,قراءة 10,
Quality Inspection Template Name,اسم قالب فحص الجودة,
Quick Stock Balance,رصيد المخزون السريع,
Available Quantity,الكمية المتوفرة,
Distinct unit of an Item,وحدة متميزة  للصنف,
Warehouse can only be changed via Stock Entry / Delivery Note / Purchase Receipt,لا يمكن إلا أن تتغير مستودع عبر الحركات المخزنية/ التوصيل ملاحظة / شراء الإيصال,
Purchase / Manufacture Details,تفاصيل شراء / تصنيع,
Creation Document Type,إنشاء نوع الوثيقة,
Creation Document No,إنشاء رقم الوثيقة,
Creation Date,تاريخ الإنشاء,
Creation Time,تاريخ الإنشاء,
Asset Details,تفاصيل الأصول,
Asset Status,حالة الأصول,
Delivery Document Type,نوع وثيقة التسليم,
Delivery Document No,رقم وثيقة التسليم,
Delivery Time,وقت التسليم,
Invoice Details,تفاصيل الفاتورة,
Warranty / AMC Details,تفاصيل الضمان / AMC,
Warranty Expiry Date,تاريخ انتهاء الضمان,
AMC Expiry Date,AMC تاريخ انتهاء الاشتراك,
Under Warranty,تحت الضمان,
Out of Warranty,بدون الضمان,
Under AMC,تحت AMC,
Out of AMC,من AMC,
Warranty Period (Days),فترة الضمان (أيام),
Serial No Details,تفاصيل الرقم التسلسلي,
MAT-STE-.YYYY.-,MAT-STE-.YYYY.-,
Stock Entry Type,نوع قيد المخزون,
Stock Entry (Outward GIT),قيد المخزون(GIT للخارج),
Material Consumption for Manufacture,اهلاك المواد للتصنيع,
Repack,أعادة تعبئة,
Send to Subcontractor,إرسال إلى المقاول من الباطن,
Send to Warehouse,إرسال إلى المستودع,
Receive at Warehouse,تلقي في مستودع,
Delivery Note No,رقم إشعار التسليم,
Sales Invoice No,رقم فاتورة المبيعات,
Purchase Receipt No,رقم استلام الشراء,
Inspection Required,الفحص مطلوب,
From BOM,من BOM,
For Quantity,للكمية,
As per Stock UOM,وفقا للأوراق UOM,
Including items for sub assemblies,بما في ذلك السلع للمجموعات الفرعية,
Default Source Warehouse,المستودع المصدر الافتراضي,
Source Warehouse Address,عنوان مستودع المصدر,
Default Target Warehouse,المخزن الوجهة الافتراضي,
Target Warehouse Address,عنوان المستودع المستهدف,
Update Rate and Availability,معدل التحديث والتوفر,
Total Incoming Value,إجمالي القيمة الواردة,
Total Outgoing Value,إجمالي القيمة الصادرة,
Total Value Difference (Out - In),إجمالي قيمة الفرق (خارج - في),
Additional Costs,تكاليف إضافية,
Total Additional Costs,مجموع التكاليف الإضافية,
Customer or Supplier Details,عميل او تفاصيل المورد,
Per Transferred,لكل نقل,
Stock Entry Detail,تفاصيل ادخال المخزون,
Basic Rate (as per Stock UOM),التسعير الاساسي استنادأ لوحدة القياس,
Basic Amount,المبلغ الأساسي,
Additional Cost,تكلفة إضافية,
Serial No / Batch,رقم التسلسل / الدفعة,
BOM No. for a Finished Good Item,رقم فاتورة الموارد لغرض جيد,
Material Request used to make this Stock Entry,طلب المواد المستخدمة لانشاء الحركة المخزنية,
Subcontracted Item,الصنف من الباطن,
Against Stock Entry,ضد ادخال الأسهم,
Stock Entry Child,الأسهم ادخال الابن,
PO Supplied Item,PO الموردة الصنف,
Reference Purchase Receipt,مرجع شراء إيصال,
Stock Ledger Entry,حركة سجل المخزن,
Outgoing Rate,أسعار المنتهية ولايته,
Actual Qty After Transaction,الكمية الفعلية بعد العملية,
Stock Value Difference,فرق قيمة المخزون,
Stock Queue (FIFO),الأسهم قائمة انتظار (FIFO),
Is Cancelled,هل ملغي,
Stock Reconciliation,جرد المخزون,
This tool helps you to update or fix the quantity and valuation of stock in the system. It is typically used to synchronise the system values and what actually exists in your warehouses.,تساعدك هذه الأداة لتحديث أو تحديد الكمية وتقييم الأوراق المالية في النظام. وعادة ما يتم استخدامه لمزامنة قيم النظام وما هو موجود فعلا في المستودعات الخاصة بك.,
MAT-RECO-.YYYY.-,MAT-RECO-.YYYY.-,
Reconciliation JSON,التسويات JSON,
Stock Reconciliation Item,جرد اصناف المخزون,
Before reconciliation,قبل التسوية,
Current Serial No,الرقم التسلسلي الحالي,
Current Valuation Rate,معدل التقييم الحالي,
Current Amount,المبلغ الحالي,
Quantity Difference,الكمية الفرق,
Amount Difference,مقدار الفرق,
Item Naming By,تسمية الصنف بواسطة,
Default Item Group,المجموعة الافتراضية للمواد,
Default Stock UOM,افتراضي وحدة قياس السهم,
Sample Retention Warehouse,مستودع الاحتفاظ بالعينات,
Default Valuation Method,أسلوب التقييم الافتراضي,
Percentage you are allowed to receive or deliver more against the quantity ordered. For example: If you have ordered 100 units. and your Allowance is 10% then you are allowed to receive 110 units.,النسبة المئوية يسمح لك لتلقي أو تقديم المزيد من ضد الكمية المطلوبة. على سبيل المثال: إذا كنت قد أمرت 100 وحدة. و10? ثم يسمح بدل الخاص بك لتلقي 110 وحدة.,
Action if Quality inspection is not submitted,الإجراء إذا لم يتم تقديم فحص الجودة,
Show Barcode Field,مشاهدة الباركود الميدان,
Convert Item Description to Clean HTML,تحويل وصف السلعة لتنظيف هتمل,
Auto insert Price List rate if missing,إدراج تلقائي لقائمة الأسعار إن لم تكن موجودة,
Allow Negative Stock,السماح بالقيم السالبة للمخزون,
Automatically Set Serial Nos based on FIFO,حدد الرقم التسلسلي بناءً على FIFO,
Set Qty in Transactions based on Serial No Input,قم بتعيين الكمية في المعاملات بناءً على الرقم التسلسلي  المدخل,
Auto Material Request,طلب مواد تلقائي,
Raise Material Request when stock reaches re-order level,رفع طلب المواد عند الأسهم تصل إلى مستوى إعادة الطلب,
Notify by Email on creation of automatic Material Request,إبلاغ عن طريق البريد الإلكتروني عند انشاء طلب مواد تلقائي,
Freeze Stock Entries,تجميد إدخالات المخزون,
Stock Frozen Upto,المخازن مجمدة حتى,
Freeze Stocks Older Than [Days],تجميد المخزون أقدم من [أيام],
Role Allowed to edit frozen stock,الدور المسموح به لتعديل المخزون المجمد,
Batch Identification,تحديد الدفعة,
Use Naming Series,استخدام سلسلة التسمية,
Naming Series Prefix,بادئة سلسلة التسمية,
UOM Category,تصنيف وحدة القياس,
UOM Conversion Detail,تفاصيل تحويل وحدة القياس,
Variant Field,الحقل البديل,
A logical Warehouse against which stock entries are made.,مستودع منطقي لقاء ما تم إدخاله من مخزون.,
Warehouse Detail,تفاصيل المستودع,
Warehouse Name,اسم المستودع,
"If blank, parent Warehouse Account or company default will be considered",إذا كانت فارغة ، فسيتم اعتبار حساب المستودع الأصلي أو افتراضي الشركة,
Warehouse Contact Info,معلومات الأتصال بالمستودع,
PIN,PIN,
Raised By (Email),رفعت من قبل (بريد الكتروني),
Issue Type,نوع البلاغ,
Issue Split From,قضية الانقسام من,
Service Level,مستوى الخدمة,
Response By,الرد بواسطة,
Response By Variance,الرد بواسطة التباين,
Service Level Agreement Fulfilled,اتفاقية مستوى الخدمة,
Ongoing,جاري التنفيذ,
Resolution By,القرار بواسطة,
Resolution By Variance,القرار عن طريق التباين,
Service Level Agreement Creation,إنشاء اتفاقية مستوى الخدمة,
Mins to First Response,دقيقة لأول رد,
First Responded On,أجاب أولا على,
Resolution Details,تفاصيل الحل,
Opening Date,تاريخ الافتتاح,
Opening Time,يفتح من الساعة,
Resolution Date,تاريخ الحل,
Via Customer Portal,عبر بوابة العملاء,
Support Team,فريق الدعم,
Issue Priority,أولوية البلاغ,
Service Day,يوم الخدمة,
Workday,يوم العمل,
Holiday List (ignored during SLA calculation),قائمة العطلات (يتم تجاهلها أثناء حساب SLA),
Default Priority,الأولوية الافتراضية,
Response and Resoution Time,زمن الاستجابة و Resoution,
Priorities,أولويات,
Support Hours,ساعات الدعم,
Support and Resolution,الدعم والحل,
Default Service Level Agreement,اتفاقية مستوى الخدمة الافتراضية,
Entity,الكيان,
Agreement Details,تفاصيل الاتفاقية,
Response and Resolution Time,زمن الاستجابة والقرار,
Service Level Priority,أولوية مستوى الخدمة,
Response Time,وقت الاستجابة,
Response Time Period,زمن الاستجابة,
Resolution Time,وفر الوقت,
Resolution Time Period,فترة القرار الوقت,
Support Search Source,دعم مصدر البحث,
Source Type,نوع المصدر,
Query Route String,سلسلة مسار الاستعلام,
Search Term Param Name,Search Param Name,
Response Options,خيارات الاستجابة,
Response Result Key Path,الاستجابة نتيجة المسار الرئيسي,
Post Route String,Post Post String,
Post Route Key List,Post Route Key List,
Post Title Key,مفتاح العنوان الرئيسي,
Post Description Key,مفتاح الوصف الرئيسي,
Link Options,خيارات الارتباط,
Source DocType,المصدر DocType,
Result Title Field,حقل عنوان النتيجه,
Result Preview Field,حقل معاينة النتيجة,
Result Route Field,النتيجة مجال التوجيه,
Service Level Agreements,اتفاقيات مستوى الخدمة,
Track Service Level Agreement,تتبع اتفاقية مستوى الخدمة,
Allow Resetting Service Level Agreement,السماح بإعادة ضبط اتفاقية مستوى الخدمة,
Close Issue After Days,اغلاق المشكلة بعد ايام,
Auto close Issue after 7 days,أغلاق تلقائي للمشكلة بعد 7 أيام.,
Support Portal,بوابة الدعم,
Get Started Sections,تبدأ الأقسام,
Show Latest Forum Posts,إظهار أحدث مشاركات المنتدى,
Forum Posts,مشاركات المنتدى,
Forum URL,رابط المنتدى,
Get Latest Query,احصل على آخر استفسار,
Response Key List,قائمة مفتاح الاستجابة,
Post Route Key,وظيفة الطريق الرئيسي,
Search APIs,بحث واجهات برمجة التطبيقات,
SER-WRN-.YYYY.-,SER-WRN-.YYYY.-,
Issue Date,تاريخ البلاغ,
Item and Warranty Details,تفاصيل الصنف والضمان,
Warranty / AMC Status,حالة الضمان / AMC,
Resolved By,حلها عن طريق,
Service Address,عنوان الخدمة,
If different than customer address,إذا كان مختلفا عن عنوان العميل,
Raised By,التي أثارها,
From Company,من شركة,
Rename Tool,إعادة تسمية أداة,
Utilities,الخدمات,
Type of document to rename.,نوع الوثيقة إلى إعادة تسمية.,
File to Rename,إعادة تسمية الملف,
"Attach .csv file with two columns, one for the old name and one for the new name",إرفاق ملف csv مع عمودين، واحدة للاسم القديم واحدة للاسم الجديد,
Rename Log,إعادة تسمية الدخول,
SMS Log,SMS سجل رسائل,
Sender Name,اسم المرسل,
Sent On,ارسلت في,
No of Requested SMS,رقم رسائل SMS  التي طلبت,
Requested Numbers,الأرقام المطلوبة,
No of Sent SMS,رقم رسائل SMS  التي أرسلت,
Sent To,يرسل الى,
Absent Student Report,تقرير طالب متغيب,
Assessment Plan Status,حالة خطة التقييم,
Asset Depreciation Ledger,دفتر حسابات اهلاك الأصول,
Asset Depreciations and Balances,إهلاك الأصول والأرصدة,
Available Stock for Packing Items,المخزون المتاج للأصناف المعبأة,
Bank Clearance Summary,ملخص التخليص البنكى,
Bank Remittance,التحويلات البنكية,
Batch Item Expiry Status,حالة انتهاء صلاحية كمية الدفعه للصنف,
Batch-Wise Balance History,سجل ارصدة كمية الاصناف المنتجه كدفعة واحدة ,
BOM Explorer,BOM Explorer,
BOM Search,BOM البحث,
BOM Stock Calculated,BOM Stock محتسب,
BOM Variance Report,تقرير الفرق BOM,
Campaign Efficiency,كفاءة الحملة,
Cash Flow,التدفق النقدي,
Completed Work Orders,أوامر العمل المكتملة,
To Produce,لإنتاج,
Produced,أنتجت,
Consolidated Financial Statement,القوائم المالية الموحدة,
Course wise Assessment Report,تقرير التقييم الحكيم للدورة,
Customer Acquisition and Loyalty,اكتساب العملاء و الولاء,
Customer Credit Balance,رصيد العميل,
Customer Ledger Summary,ملخص دفتر الأستاذ,
Customer-wise Item Price,سعر الصنف للعملاء,
Customers Without Any Sales Transactions,زبائن بدون أي معاملات مبيعات,
Daily Timesheet Summary,ملخص سجل الدوام اليومي,
Daily Work Summary Replies,ملخص العمل اليومي الردود,
DATEV,DATEV,
Delayed Item Report,تأخر تقرير الصنف,
Delayed Order Report,تأخر تقرير الطلب,
Delivered Items To Be Billed,مواد سلمت و لم يتم اصدار فواتيرها,
Delivery Note Trends,توجهات إشعارات التسليم,
Department Analytics,تحليلات الإدارة,
Electronic Invoice Register,تسجيل الفاتورة الإلكترونية,
Employee Advance Summary,ملخص متقدم للموظف,
Employee Billing Summary,ملخص فواتير الموظفين,
Employee Birthday,عيد ميلاد موظف,
Employee Information,معلومات الموظف,
Employee Leave Balance,رصيد اجازات الموظف,
Employee Leave Balance Summary,الموظف إجازة ملخص الرصيد,
Employees working on a holiday,الموظفون يعملون في يوم العطلة,
Eway Bill,Eway بيل,
Expiring Memberships,عضوية منتهية الصلاحية,
Fichier des Ecritures Comptables [FEC],فيشير ديس إكوريتورس كومبتابليز [فيك],
Final Assessment Grades,درجات التقييم النهائية,
Fixed Asset Register,سجل الأصول الثابتة,
Gross and Net Profit Report,تقرير الربح الإجمالي والصافي,
GST Itemised Purchase Register,تصنيف سجل شراء GST,
GST Itemised Sales Register,تسجيل موزعة المبيعات GST,
GST Purchase Register,تسجيل شراءGST,
GST Sales Register,تسجيل المبيعات GST,
GSTR-1,GSTR-1 ضريبة حكومية,
GSTR-2,GSTR-2 ضريبة محلية,
Hotel Room Occupancy,تملك غرفه فندق,
HSN-wise-summary of outward supplies,HSN-wise-summary of outward supplies,
Inactive Customers,العملاء الغير الفعالين,
Inactive Sales Items,اصناف المبيعات غير الفعالة,
IRS 1099,مصلحة الضرائب 1099,
Issued Items Against Work Order,الأصناف الصادرة ضد طلب العمل,
Projected Quantity as Source,الكميه المتوقعه لمشروع كمصدر,
Item Balance (Simple),رصيد الصنف (بسيط),
Item Price Stock,سعر صنف المخزون,
Item Prices,أسعار الصنف,
Item Shortage Report,تقرير نقص الأصناف,
Project Quantity,كمية المشروع,
Item Variant Details,تفاصيل متغيرات الصنف,
Item-wise Price List Rate,معدل قائمة الأسعار وفقاً للصنف,
Item-wise Purchase History,الحركة التاريخية للمشتريات وفقاً للصنف,
Item-wise Purchase Register,سجل حركة المشتريات وفقاً للصنف,
Item-wise Sales History,الحركة التاريخية للمبيعات وفقاً للصنف,
Item-wise Sales Register,سجل حركة المبيعات وفقاً للصنف,
Items To Be Requested,اصناف يمكن طلبها,
Reserved,محجوز,
Itemwise Recommended Reorder Level,الصنف المطلوب لاعادة ترتيب المستوى,
Lead Details,تفاصيل الزبون المحتمل,
Lead Id,هوية الزبون المحتمل,
Lead Owner Efficiency,يؤدي كفاءة المالك,
Loan Repayment and Closure,سداد القرض وإغلاقه,
Loan Security Status,حالة ضمان القرض,
Lost Opportunity,فرصة ضائعة,
Maintenance Schedules,جداول الصيانة,
Material Requests for which Supplier Quotations are not created,طلبات المواد التي لم ينشأ لها عروض أسعار من الموردين,
Minutes to First Response for Issues,دقائق إلى الاستجابة الأولى لقضايا,
Minutes to First Response for Opportunity,دقائق إلى الاستجابة الأولى للفرص,
Monthly Attendance Sheet,ورقة الحضور الشهرية,
Open Work Orders,فتح أوامر العمل,
Ordered Items To Be Billed,الاصناف المطلوبة والغير مدفوعة,
Ordered Items To Be Delivered,الأصناف المطلوبة للتسليم,
Qty to Deliver,الكمية للتسليم,
Amount to Deliver,المبلغ المطلوب,
Item Delivery Date,تاريخ تسليم الصنف,
Delay Days,أيام التأخير,
Payment Period Based On Invoice Date,طريقة الدفع بناء على تاريخ الفاتورة,
Pending SO Items For Purchase Request,اصناف كتيرة معلقة  لطلب الشراء,
Procurement Tracker,تتبع المشتريات,
Product Bundle Balance,رصيد حزمة المنتج,
Production Analytics,تحليلات الإنتاج,
Profit and Loss Statement,الأرباح والخسائر,
Profitability Analysis,تحليل الربحية,
Project Billing Summary,ملخص فواتير المشروع,
Project wise Stock Tracking ,مشروع تتبع حركة الأسهم الحكمة,
Prospects Engaged But Not Converted,آفاق تشارك ولكن لم تتحول,
Purchase Analytics,تحليلات المشتريات,
Purchase Invoice Trends,اتجاهات فواتير الشراء,
Purchase Order Items To Be Billed,تم اصدار فاتورة لأصناف امر الشراء,
Purchase Order Items To Be Received,تم استلام اصناف امر الشراء,
Qty to Receive,الكمية للاستلام,
Purchase Order Items To Be Received or Billed,بنود أمر الشراء المطلوب استلامها أو تحرير فواتيرها,
Base Amount,المبلغ الاساسي,
Received Qty Amount,الكمية المستلمة,
Amount to Receive,المبلغ لتلقي,
Amount To Be Billed,المبلغ الذي ستتم محاسبته,
Billed Qty,المبلغ المفوتر,
Qty To Be Billed,الكمية المطلوب دفعها,
Purchase Order Trends,اتجاهات امر الشراء,
Purchase Receipt Trends,اتجاهات استلامات المشتريات,
Purchase Register,سجل المشتريات,
Quotation Trends,مؤشرات المناقصة,
Quoted Item Comparison,مقارنة بند المناقصة,
Received Items To Be Billed,الاصناف الواردة المطلوبة الدفع,
Requested Items To Be Ordered,الاصناف المطلوبة,
Qty to Order,كمية الطلب,
Requested Items To Be Transferred,الاصناف المطلوب تحويلها,
Qty to Transfer,الكمية المحولة,
Salary Register,تسجيل الراتب,
Sales Analytics,تحليل المبيعات,
Sales Invoice Trends,اتجاهات  البيع,
Sales Order Trends,اتجاهات طلبات البيع,
Sales Partner Commission Summary,ملخص عمولة شريك المبيعات,
Sales Partner Target Variance based on Item Group,الفرق المستهدف لشركاء المبيعات استنادًا إلى مجموعة العناصر,
Sales Partner Transaction Summary,ملخص معاملات شريك المبيعات,
Sales Partners Commission,عمولة المندوبين,
Average Commission Rate,متوسط العمولة,
Sales Payment Summary,ملخص دفع المبيعات,
Sales Person Commission Summary,ملخص مندوب مبيعات الشخص,
Sales Person Target Variance Based On Item Group,تبيين هدف مندوب المبيعات بناء على مجموعة الصنف,
Sales Person-wise Transaction Summary,ملخص المبيعات بناء على مندوب المبيعات,
Sales Register,سجل المبيعات,
Serial No Service Contract Expiry,الرقم التسلسلي لانتهاء اشتراك الخدمة,
Serial No Status,حالة الرقم التسلسلي,
Serial No Warranty Expiry,الرقم التسلسلي لانتهاء الضمان,
Stock Ageing,عمر المخزون,
Stock and Account Value Comparison,مقارنة قيمة المخزون و قيمة الحساب ,
Stock Projected Qty,كمية المخزون المتوقعة,
Student and Guardian Contact Details,تفاصيل معلومات الاتصال بالطالب وولي امره,
Student Batch-Wise Attendance,تسجيل الحضور لدفعة طلاب ,
Student Fee Collection,تحصيل رسوم الطالب,
Student Monthly Attendance Sheet,طالب ورقة الحضور الشهري,
Subcontracted Item To Be Received,الصنف المتعاقد عليه من الباطن,
Subcontracted Raw Materials To Be Transferred,المواد الخام المتعاقد عليها من الباطن,
Supplier Ledger Summary,ملخص دفتر الأستاذ,
Supplier-Wise Sales Analytics,تحليلات مبيعات المورد,
Support Hour Distribution,دعم ساعة التوزيع,
TDS Computation Summary,ملخص حساب TDS,
TDS Payable Monthly,TDS مستحق الدفع شهريًا,
Territory Target Variance Based On Item Group,التباين المستهدف للمنطقة يستند على مجموعة الاصناف,
Territory-wise Sales,المبيعات الاقليميه,
Total Stock Summary,ملخص إجمالي المخزون,
Trial Balance,ميزان المراجعة,
Trial Balance (Simple),ميزان المراجعة (بسيط),
Trial Balance for Party,ميزان المراجعة للجهة,
Unpaid Expense Claim, مطالبة المصروفات غير المسددة,
Warehouse wise Item Balance Age and Value,حساب عمر وقيمة الصنف في المستودع,
Work Order Stock Report,طلب عمل  تقرير عن المخزون,
Work Orders in Progress,أوامر العمل في التقدم,
Unit of Measure (UOM),وحدات القياس (UOM),
Service Received But Not Billed,حساب خدمات مستلمة مستحقة,
Recieve Entry,سند قبض,
Pay Entry,سند صرف,
Transfer Entry,سند تحويل داخلي,
Assets,الاصول,
Non- Current Assets ,الاصول الغير متداولة,
Non- Current assets,الاصول الغير متداولة ,
Real Estate,العقارات,
Lands,الاراضي,
Land ,ارضية ....,
Buildings,المباني ,
Building,مبنى ...,
Machineries,الالات,
Machineries Department num1,الالات قسم ....,
Machineries …..,الالات ......,
Equipments,المعدات ,
Machineries of the Department …..,معدات قسم ....,
Vehicles,السيارات وشاحنات النقل,
Means of Transports,شاحنات النقل,
Means of Transports,شاحنات النقل ,
Vehicles of Transports ,سيارات مواصلات ,
Cars,سيارات ....,
Furniture and Office Equipment,الاثاث والتجهيز ات المكتبية,
Furniture - Wood & Plastic,الاثاث والمفروشات,
Furniture,اثاث ......,
Office Equipments,التجهيزات المكتبية,
Office Equipments,تجهيزات مكتبية ....,
Computers & system,الكمبيوترات والانظمة,
Computers,الكمبيوترات,
Computers,كمبيوترات .....,
Systems,الانظمة ,
Financial Systems,الانظمة المالية,
Tools&Electric Equipments,الاجهزة الكهربائية والعدد والادوات,
Electric Equipments,الاجهزة الكهربائية ,
Electric Equipments,اجهزة كهربائية ....,
Tools & Equipments,العددوالادوات,
Tools & Small Equipments,العدد والادوات الصغيرة,
Work In Progress,مشاريع قيد التنفيذ,
Work in Progress Building ,مشاريع قيد التنفيذ مباني,
Building Projects,مشروع مبنى ....,
Other Non- Current assets,الاصول الغير المتداولة الاخرى,
Current Assets ,الاصول المتداولة,
Inventories,المخزون,
Inventories,المخزون ,
Inventory of Basic Raw Materials main,مخزون المواد الخام الاولية,
Raw Materials num(1) ,مخزون مواد خام رقم (1).. مجموعة فرعية,
Inventory of subsidiary Raw Materials main,مخزون المواد المساعدة مجموعة فرعية,
Inventory of subsidiary Raw Materials sub,مخزون المواد .....,
Producion under Operation Stock,مخزون الانتاج غير الجاهز,
Production under Progress,مخزون الانتاج تحت التشغيل ....,
Ready Manufactured Production,مخزون الانتاج التام ,
Ready Manufactured Production ….,مخزون الانتاج التام ......,
Letters of Credit ,الاعتمادات المستندية ,
Letters of Credit ,الاعتمادات المستندية ,
Credit Number …………                  ,الاعتماد رقم ..... ,
Value of Letter of Credit,قيمة الاعتمادي المستندي (الفاتورة),
Freight -in for L/C,رسوم الشحن,
Coustoms Duties for L/C,الرسوم الجمركية,
Banking Fees and commission,مصاريف بنكية ,
Demestic Transport for L/C,مصاريف النقل,
Other Expenses for L/C,مصاريف اخرى,
Accounts Recievable / Debtors,المدينون,
Accounts Recievable ,العملاء,
Clients,عملاء جملة ,
Customer ……… ,  اسم العميل,
Cash & Cash Equivalents ,النقدية وشبة النقدية,
Cheque Receivables ,شيكات قبض تحت التحصيل,
Cheque Receivables ,شيكات قبض تحت التحصيل,
Cheque Receivables ,شيكات بنك .... تحت التحصيل ,
Cash at Bank,النقدية في البنوك,
Bank Name ……,اسم البنك ..... ,
Yemen Bank Inter. 123 ,بنك اليمن الدولي حساب123,
Cash in Hand,النقدية في الصناديق,
Administration Cash in Hand,صندوق الادارة,
Cash number 1,صندوق رقم 1,
Other Accounts Recievable Balances ,الارصدة المدينة الاخرى,
Worker Imprest,سلف العاملين ,
Worker Imprest,سلف العاملين قسم ,
Employee Name  ……….        ,الموظف .....,
Temporary Imprest,السلف المؤقتة (العهد ),
Temporary Imprest,السلف المؤقتة (العهد ) قسم ,
Employee Name  ……….        ,الموظف .....,
 Debit  Guarantees                ,الضمانات المدينة ,
Letters of Credit  Guarantees              ,ضمانات اعتمادات ,
Guarantee no             ,ضمانات اعتماد رقم ....,
Outstanding  Insuranc,التامينات المدينة .....,
Transitional Debit Accounts,حسابات انتقالية مدينة ,
Transitional Debit Accounts,المصاريف المدفوعة مقدماً,
Prepaid Rents,ايجارات مدفوعة مقدماً,
Accrued Revenues ,الايرادات المستحقة ,
Deferred expenditure,المصاريف الايرادية المؤجلة ,
Organization Cost,مصاريف التاسيس ,
Organization Cost,مصاريف التاسيس ,
Liabilities & Equity,الخصوم ,
Owner's Equity.               ,حقوق الملكية ,
Owner's Equity.               ,حقوق ملكية الشركاء,
Capital,راس المال ,
Capital,راس المال ,
Capital,راس المال ,
Profit And Loss,الارباح والخسائر,
Profit And Loss,الارباح والخسائر,
Profit and Loss Year,الارباح والخسائر للفترة ,
Previous Years Profit and Loss  ,الارباح والخسائر المرحلة,
Reserves,الاحتياطيات ,
Reserves,الاحتياطيات,
Legal Reserve ,احتياطي قانوني ,
Partners' Current Account,جاري الشركاء,
Partners' Current Account,جاري الشركاء,
Partner  Account,جاري الشريك .....,
Provision &Accumulated Depreciation,المخصصات والمجمعات,
Provision,المخصصات,
Provision for Bad Debts,مخصصات الديون المشكوك فيها,
Accumulated Depreciation,مجمعات الاهلاك,
Accumulated Depreciation F….,مجمع اهلاك المباني ,
Accumulated Depreciation F….,مجمع اهلاك الالات ,
Accumulated Depreciation C….,مجمع اهلاك المعدات,
Accumulated Depreciation Vehicles….,مجمع اهلاك السيارات,
Non Current Liabilities ,الخصوم الغير متداولة ,
Long-term Liabilities,الالتزامات طويلة الاجل,
Current Liabilities ,الخصوم المتداولة ,
Account Payables  / Creditors ,الدائنوان,
Trade Creditors ,الموردون,
Local Creditors ,موردون محليون,
Creditor name…..,اسم المورد ......,
Other Account Payables,ذمم دائنة اخرى,
Notes Payable ,اوراق دفع ,
Receipt Cheques by Collection,شيكات دفع تحت التحصيل,
Receipt Cheques by Collection ,شيكات دفع تحت التحصيل,
Receipt Cheques at Bank,شيكات دفع بنك ......تحت التحصيل,
Other Credit Balances ,الارصدة الدئنة الاخرى,
Credit  Insurance,التامينات الدائنة ,
Clients Guarantees,ضمانات العملاء,
client guarantee no,ضمانة العميل ............,
Accrued Expenses,مصاريف مستحقة ,
Accrued Expenses Letter Credit,مصاريف مستحقة اعتمادات,
Accrued Expenses Letter Credit,مصاريف مستحقة اعتماد رقم ...,
Accrued Expenses …,المصاريف المستحقة مصاريف,
Accrued Expenses Salaries,المرتبات والاجور المستحقة ,
Prepiad Revenue ,الايرادات المدفوعة مقدماً,
Expenses ,المصروفات ,
Activity Expenses ,مصاريف  النشاط ,
Expenses of Production under Operation ,المصاريف تحت التشغيل,
Expenses of Production Departments ,مصاريف الاقسام الانتاجية,
Wages & Salaries and Similar,المرتبات والاجور الانتاجية وما في حكمها,
Wages & Salaries ,المرتبات والاجور انتاجي,
Bonuses,المكافات والبدلات,
Compensation,تعويضات,
Daily Wages,الاجور اليومية,
Housing,بدلات السكن,
Fringe Benefits,مزايا عينية ,
Cost of Raw and Help Materials,تكلفة المواد والخام والمساعدة,
Cost of Raw Materials,تكلفة المواد الخام ,
Cost of subsidiary Raw  Materials,تكلفة المواد المساعدة,
Expenses of Services Departments ,مصاريف الأقسام الخدمية,
Wages & Salaries and Similar,المرتبات والاجور الخدمية وما في حكمها,
Wages & Salaries service,المرتبات والاجور خدمي,
Bonuses,المكافات والبدلات,
Maintenance & Repair,مصاريف الصيانة و الاصلاحات,
Maintenance Buildings,مصاريف الصيانة مباني,
Maintenance of Machines & Equipments,مصاريف الصيانة الالات ,
Marketing&Administrative Expense,المصاريف الادارية والتسويقية ,
General &Administrative Expenses ,المصاريف الادارية والعمومية,
Wages & Salaries and Similar,المرتبات والاجور وما في حكمها,
Wages And Salaries,المرتبات والاجور,
Bonuses,المكافات والمزايا,
Compensation,التعويضات,
Fringe Benefits,مزايا عينية,
Housing,السكن,
Food,الغذاء,
Medication,العلاجات,
General Administrative Expenses,المصاريف الادارية العمومية,
Phones,التلفون,
Electricity,الكهرباء,
Rent Office/Depots ,الايجارات ,
Debit Interests,فوائد بنكية,
Taxes,الضرائب,
Zakah,الزكاة,
Depreciations,الاهلاك,
Bad Debt ,الديون المعدومة,
Repairs & Maintenance ,الصيانة والاصلاحات,
Maintenance Buldings,صيانة المباني ,
Maintenance Cars,صيانة السيارات,
Marketing Expenses       ,المصاريف التسويقية,
Sales Expenses,مصاريف البيع والتوزيع,
Wages And Salaries sale,مرتبات واجور البيع,
Propaganda & Advertisement,الدعاية والاعلان ,
Gifts & Donations ,الهدايا والتبرعات ,
Cost of Activity ,تكلفة النشاط,
Cost of sales Inventory,تكلفة البضاعة المباعة ,
Cost of  sales,تكلفة المبيعات ,
Cost of sales Inventory,تكلفة مبيعات المخزون السلعي,
Cost of sales Inventory,تكلفة مبيعات مخزون ......,
Cost of  Sales Return ,تكلفة مردود المبيعات ,
Cost of  Sales Return of the year,تكلفة مردود المبيعات الفترة,
Cost of  Sales Return  Inventory,تكلفة مردود المبيعات مخزون....,
Cost of  Sales Return   Prior Year,تكلفة مردود المبيعات سنوات سابقة,
Cost of  Sales Return   Prior Year,تكلفة مردود مبيعات مخزون ..سنوات,
Cost of Sales of  Free Quantity  ,تكلفة مبيعات الكميات المجانية ,
Cost of Sales of  Free Quantity  Inv,تكلفة مبيعات الكميات المجانية مخزون ....,
Sales Returned ,مردود المبيعات ,
Sales Returned of the year Year,مردود المبيعات للفترة,
Sales Returned Inventory…,مردود مبيعات مخزون .....,
Sales Returned inv of Prior Year,مردود المبيعات سنوات سابقة,
Sales Returned inv of  Prior Year,مردود المبيعات سابقة مخزون ....,
Cost of Free Quantity ,مردود مبيعات الكميات المجانية,
Cost of Free Quantity inventory,مردود مبيعات الكميات المجانية مخزون....,
Revenues,الايرادات,
Activity Of Revenues  ,ايرادات النشاط,
Revenue of Sales,ايرادات المبيعات ,
Revenue of Sales,ايرادات المبيعات ,
Revenues of  Sales Inventory ….,ايرادات مبيعات المخزون السلعي,
Revenues of  Sales Inventory ….,ايرادات مبيعات مخزون ......,
Indirect Revenue Related to Activiy ,ايرادات مرتبطة بالنشاط,
Occasional Revenues,ايرادات عرضية ,
Free Quantity of Purchases Revenues,ايرادات مشتريات الكميات المجانية,
Free quantity of Inventories  Revenues,ايرادات الكميات المجانية مخزون ....,
Acquired Discount Revenues,ايرادات الخصم المكتسب,
Acquired Discount,الخصم المكتسب مخزون,
Other Revenues ,ايرادات النشاط الاخرى,
Various Other Revenues  ,ايرادات اخرى ومتنوعة ,
Investments Revenues,ايردات الاستثمارات ,
Revenue from Investments of Sister company,ايرادات استثمارات مالية في شركات شقيقة,
Revenue from Investments of Sister company,ايرادات استثمارات مالية في شركات شقيقة ..,
Various Other Revenues  ,ايرادات متنوعة اخرى,
Various Revenues,الايرادات المتنوعة,
Securities Revenues,ارباح بيع اوارق مالية,
Different Currency Revenues,ايرادات فروق عملة,
Commissions Revenues,ايرادات عمولات,
Revenues of residual sales,ايرادات بيع مخلفات ,
Capital Revenues ,إيرادات رسمالية,
Rent Revenues,ايرادات ايجارات دائنة,
Enable Onboarding,تفعيل التهيئة,
Journal Entry Template,قالب القيود اليومية,
Sales Order Analysis,تحليل طلبات العملاء,
Purchase Order Analysis,تحليل طلبات الشراء,
Address And Contacts,العناوين وجهات الاتصال,
Enable Perpetual Inventory For Non Stock Items,تفعيل جرد الخدمات,
Show Tags,عرض إشارات,
volunteer,متطوع,
Group same items,مجموعة لنفس الأصناف,
Total Outgoing Bills,اجمالي الفواتير الصادرة,
Total Incoming Bills,اجمالي الفواتير الواردة,
Total Incoming Payment,اجمالي المدفوعات الواردة,
Total Outgoing Payment,اجمالي المدفوعات الصادرة,
Incoming Bills (Purchase Invoice),فواتير واردة(فاتورة شراء),
Automatically Process Deferred Accounting Entry,معالجة القيود المحاسبية المؤجلة تلقائيا,
Book Deferred Entries Via Journal Entry,تسجيل القيود المؤجلة عبر القيود اليومية,
Book Deferred Entries Based On,تسجيل القيود المؤجلة بناء على,
Journal Entry Type,نوع القيود اليومية,
Allow Purchase Invoice Creation Without Purchase Order,السماح بإنشاء فاتورة شراء بدون أمر شراء,
Allow Purchase Invoice Creation Without Purchase Receipt,السماح بإنشاء فاتورة شراء بدون إيصال شراء,
budget list,قائمة الميزانية,
Asset Value Analytics,تحليلات قيمة الأصول,
Depreciatied Amount,قيمة الإهلاك,
create your first asset,قم بإنشاء اول أصل,
Requested Items to Order,الأصناف المطلوبه لتقديم طلب,
Loan information,معلومات القرض,
Income Tax Slab,شريحة ضرائب الدخل,
Allow Tax Exemption,السماح بالإعفاء الضريبي,
Taxable Salary Slabs,شريحة الرواتب الخاضعة للضريبة,
Min Taxable Income,الحد الادني لضريبة الدخل,
Max Taxable Income,الحد الاقصى لضريبة الدخل,
Taxation,تحصيل الضرائب,
Is Recurring,هل هو متكرر,
Salary Payments Based On Payment Mode,دفع الرواتب على أساس طريقة الدفع,
Compensations,التعويضات,
Income Tax Deductions,استقطاعات ضريبة الدخل,
start Timer,بدء العداد الزمني,
Warehouse wise Stock Value,قيمة مخزون  المستودع,
Set Warehouse,تعيين مستودع,
Raw Materials Consumed,المواد الخام المستهلكة,
Accounts Payable Ageing,أعمار حسابات الموردين,
Accounts Receivable Ageing,أعمار حسابات العملاء,
All Customer Group,مجموعة الموطنيين,
Complain about it,المشتكى به,
The Complainant,المشتكي,
Grievance,المظالم,
Grievance Redress Committee,هيئة رفع المظالم,
Cpmplaint Periority,أأولوية الشكاوى,
Cpmplaint Type,انواع الشكاوى,
REPORTS & MASTERS,التقارير والواجهات,
File,الارشيف الالكتروني,
Branch,الفرع,
Note,مراسلة,
Issue,بلاغ,
Complaint,شكوى,
eNote,مذكرة ذكية,
Issues,البلاغات,
Complaint System,منظومة الشكاوى,
Notes,المراسلات,
Electronic Archive,الأرشفة الالكترونية,
Tools,الأدوات,
new,انشاء,
New,انشاء,
Mothakra,مذكرة,
Branchs,الفروع,
Projects,مراقب الخطط التنفيذية,
MODULES,الأنظمة الجزئية,
Email Address,الايميل,
Password,كلمة السر,
Login,تسجيل الدخول,
Video,الفيديو,
Calendar,التقويم,
Assignment Rule,قاعدة الاحالة,
Archive and Secretary,السكرتارية العامة,
Customers,المواطنون,
Customer,المواطن,
Chart Of Accounts,الدليل المحاسبي,
YOUR SHORTCUTS,الاختصارات,
Customize Workspace,اعادة ترتيب الواجهة,
REPORTS & MASTERS,الواجهات والتقارير,
MODULES,الوحدات الاساسية,
DOMAINS,المجالات,
Accounting,الإدارة المالية,
Assets,ادارة التجهيزات والاصول,
Buying,دورة المشتريات,
CRM,ادارة الجمهور,
Quality,ضمان الجودة والأداء,
Loan,إدارة العهد والسلف,
Selling,خدمات عامة,
Stock,إدارة المخازن,
Support,الدعم الفني والصيانة,
Website,الموقع الإلكتروني,

General Ledger Filters,مرشحات دفتر الأستاذ العام,
Customers,العملاء,
Select Customers By,حدد العملاء حسب,
Fetch Customers,جلب العملاء,
Send To Primary Contact,أرسل إلى جهة الاتصال الأساسية,
Print Preferences,تفضيلات الطباعة,
Include Ageing Summary,قم بتضمين ملخص الشيخوخة,
Enable Auto Email,تفعيل البريد الإلكتروني التلقائي,
Filter Duration (Months),مدة الفلتر (شهور),
CC To,CC إلى,
Help Text,نص المساعدة,
Emails Queued,رسائل البريد الإلكتروني في قائمة الانتظار,
Process Statement Of Accounts Customer,بيان العملية لحسابات العملاء,
Billing Email,البريد الالكتروني لقوائم الدفع,
Primary Contact Email,البريد الإلكتروني لجهة الاتصال الأساسية,
PSOA Cost Center,مركز تكلفة PSOA,
PSOA Project,مشروع PSOA,
ACC-PINV-RET-.YYYY.-,ACC-PINV-RET-.YYYY.-,
Supplier GSTIN,المورد GSTIN,
Place of Supply,مكان التوريد,
Select Billing Address,اختر عنوان الفواتير,
GST Details,تفاصيل ضريبة السلع والخدمات,
GST Category,فئة ضريبة السلع والخدمات,
Registered Regular,منتظم مسجل,
Registered Composition,التكوين المسجل,
Unregistered,غير مسجل,
SEZ,المناطق الاقتصادية الخاصة,
Overseas,ما وراء البحار,
UIN Holders,حوامل UIN,
With Payment of Tax,مع دفع الضريبة,
Without Payment of Tax,بدون دفع الضرائب,
Invoice Copy,نسخة الفاتورة,
Original for Recipient,الأصل للمستلم,
Duplicate for Transporter,مكرر للناقل,
Duplicate for Supplier,تكرار للمورد,
Triplicate for Supplier,ثلاث نسخ للمورد,
Reverse Charge,تهمة العكسي,
Y,ص,
N,ن,
E-commerce GSTIN,GSTIN للتجارة الإلكترونية,
Reason For Issuing document,سبب اصدار الوثيقة,
01-Sales Return,01-إرجاع المبيعات,
02-Post Sale Discount,02-خصم ما بعد البيع,
03-Deficiency in services,03- قصور في الخدمات,
04-Correction in Invoice,04- تصحيح الفاتورة,
05-Change in POS,05-التغيير في نقاط البيع,
06-Finalization of Provisional assessment,06- الانتهاء من الربط المؤقت,
07-Others,07-أخرى,
Eligibility For ITC,الأهلية لمركز التجارة الدولية,
Input Service Distributor,موزع خدمة الإدخال,
Import Of Service,استيراد الخدمة,
Import Of Capital Goods,استيراد السلع الرأسمالية,
Ineligible,غير مؤهل,
All Other ITC,جميع مراكز التجارة الدولية الأخرى,
Availed ITC Integrated Tax,الاستفادة من ضريبة ITC المتكاملة,
Availed ITC Central Tax,الاستفادة من ضريبة مركز التجارة الدولية,
Availed ITC State/UT Tax,تم الاستفادة من ضريبة الدولة / ضريبة UT الخاصة بمركز التجارة الدولية,
Availed ITC Cess,ضرائب ITC المتاحة,
Is Nil Rated or Exempted,لا يوجد تصنيف أو معفي,
Is Non GST,غير ضريبة السلع والخدمات,
ACC-SINV-RET-.YYYY.-,ACC-SINV-RET-.YYYY.-,
E-Way Bill No.,إي-واي بيل No.,
Is Consolidated,موحّدة,
Billing Address GSTIN,عنوان إرسال الفواتير GSTIN,
Customer GSTIN,رقم GSTIN للعميل,
GST Transporter ID,معرف ناقل ضريبة السلع والخدمات,
Distance (in km),المسافة (بالكيلومتر),
Road,طريق,
Air,هواء,
Rail,سكة حديدية,
Ship,سفينة,
GST Vehicle Type,نوع المركبة GST,
Over Dimensional Cargo (ODC),الحمولة الزائدة عن الأبعاد (ODC),
Consumer,مستهلك,
Deemed Export,يعتبر التصدير,
Port Code,كود المنفذ,
 Shipping Bill Number,رقم فاتورة الشحن,
Shipping Bill Date,تاريخ فاتورة الشحن,
Subscription End Date,تاريخ انتهاء الاشتراك,
Follow Calendar Months,اتبع التقويم الأشهر,
If this is checked subsequent new invoices will be created on calendar  month and quarter start dates irrespective of current invoice start date,إذا تم التحقق من ذلك ، فسيتم إنشاء فواتير جديدة لاحقة في شهر التقويم وتواريخ بدء ربع السنة بغض النظر عن تاريخ بدء الفاتورة الحالي,
Generate New Invoices Past Due Date,إنشاء فواتير جديدة تجاوز تاريخ الاستحقاق,
New invoices will be generated as per schedule even if current invoices are unpaid or past due date,سيتم إنشاء فواتير جديدة وفقًا للجدول الزمني حتى إذا كانت الفواتير الحالية غير مدفوعة أو تجاوز تاريخ الاستحقاق,
Document Type ,نوع الوثيقة,
Subscription Price Based On,يعتمد سعر الاشتراك على,
Fixed Rate,سعر الصرف الثابت,
Based On Price List,على أساس قائمة الأسعار,
Monthly Rate,المعدل الشهري,
Cancel Subscription After Grace Period,إلغاء الاشتراك بعد فترة السماح,
Source State,دولة المصدر,
Is Inter State,هو Inter State,
Purchase Details,تفاصيل شراء,
Depreciation Posting Date,تاريخ ترحيل الإهلاك,
"By default, the Supplier Name is set as per the Supplier Name entered. If you want Suppliers to be named by a  ",بشكل افتراضي ، يتم تعيين اسم المورد وفقًا لاسم المورد الذي تم إدخاله. إذا كنت تريد تسمية الموردين بواسطة أ,
 choose the 'Naming Series' option.,اختر خيار &quot;سلسلة التسمية&quot;.,
Configure the default Price List when creating a new Purchase transaction. Item prices will be fetched from this Price List.,تكوين قائمة الأسعار الافتراضية عند إنشاء معاملة شراء جديدة. سيتم جلب أسعار العناصر من قائمة الأسعار هذه.,
"If this option is configured 'Yes', ERPNext will prevent you from creating a Purchase Invoice or Receipt without creating a Purchase Order first. This configuration can be overridden for a particular supplier by enabling the 'Allow Purchase Invoice Creation Without Purchase Order' checkbox in the Supplier master.",إذا تم تكوين هذا الخيار &quot;نعم&quot; ، سيمنعك ERPNext من إنشاء فاتورة شراء أو إيصال دون إنشاء أمر شراء أولاً. يمكن تجاوز هذا التكوين لمورد معين عن طريق تمكين مربع الاختيار &quot;السماح بإنشاء فاتورة الشراء بدون أمر شراء&quot; في مدير المورد.,
"If this option is configured 'Yes', ERPNext will prevent you from creating a Purchase Invoice without creating a Purchase Receipt first. This configuration can be overridden for a particular supplier by enabling the 'Allow Purchase Invoice Creation Without Purchase Receipt' checkbox in the Supplier master.",إذا تم تكوين هذا الخيار &quot;نعم&quot; ، سيمنعك ERPNext من إنشاء فاتورة شراء دون إنشاء إيصال شراء أولاً. يمكن تجاوز هذا التكوين لمورد معين عن طريق تمكين مربع الاختيار &quot;السماح بإنشاء فاتورة الشراء بدون إيصال شراء&quot; في مدير المورد.,
Quantity & Stock,الكمية والمخزون,
Call Details,تفاصيل المكالمة,
Authorised By,مرخص بها من,
Signee (Company),التوقيع (شركة),
Signed By (Company),موقع من قبل (الشركة),
First Response Time,وقت الاستجابة الأول,
Request For Quotation,طلب عرض أسعار,
Opportunity Lost Reason Detail,فرصة سبب ضياع التفاصيل,
Access Token Secret,الوصول إلى الرمز السري,
Add to Topics,أضف إلى المواضيع,
...Adding Article to Topics,... إضافة مادة إلى المواضيع,
Add Article to Topics,أضف المادة إلى المواضيع,
This article is already added to the existing topics,تمت إضافة هذه المقالة بالفعل إلى الموضوعات الموجودة,
Add to Programs,أضف إلى البرامج,
Programs,البرامج,
...Adding Course to Programs,... إضافة دورة إلى البرامج,
Add Course to Programs,إضافة دورة إلى البرامج,
This course is already added to the existing programs,تمت إضافة هذه الدورة بالفعل إلى البرامج الحالية,
Learning Management System Settings,إعدادات نظام إدارة التعلم,
Enable Learning Management System,تمكين نظام إدارة التعلم,
Learning Management System Title,عنوان نظام إدارة التعلم,
...Adding Quiz to Topics,... إضافة مسابقة إلى المواضيع,
Add Quiz to Topics,أضف مسابقة إلى المواضيع,
This quiz is already added to the existing topics,تمت إضافة هذا الاختبار بالفعل إلى الموضوعات الموجودة,
Enable Admission Application,تفعيل تطبيق القبول,
EDU-ATT-.YYYY.-,EDU-ATT-.YYYY.-,
Marking attendance,بمناسبة الحضور,
Add Guardians to Email Group,أضف الأوصياء إلى مجموعة البريد الإلكتروني,
Attendance Based On,الحضور على أساس,
Check this to mark the student as present in case the student is not attending the institute to participate or represent the institute in any event.\n\n,حدد هذا لتمييز الطالب على أنه موجود في حالة عدم حضور الطالب للمعهد للمشاركة أو تمثيل المعهد في أي حال.,
Add to Courses,أضف إلى الدورات,
...Adding Topic to Courses,... إضافة موضوع إلى الدورات,
Add Topic to Courses,إضافة موضوع إلى الدورات,
This topic is already added to the existing courses,تمت إضافة هذا الموضوع بالفعل إلى الدورات التدريبية الموجودة,
"If Shopify does not have a customer in the order, then while syncing the orders, the system will consider the default customer for the order",إذا لم يكن لدى Shopify عميل في الطلب ، فعندئذٍ أثناء مزامنة الطلبات ، سيأخذ النظام في الاعتبار العميل الافتراضي للأمر,
The accounts are set by the system automatically but do confirm these defaults,يتم تعيين الحسابات بواسطة النظام تلقائيًا ولكنها تؤكد هذه الإعدادات الافتراضية,
Default Round Off Account,حساب التقريب الافتراضي,
Failed Import Log,فشل سجل الاستيراد,
Fixed Error Log,سجل خطأ ثابت,
Company {0} already exists. Continuing will overwrite the Company and Chart of Accounts,الشركة {0} موجودة بالفعل. سيؤدي الاستمرار إلى الكتابة فوق الشركة ومخطط الحسابات,
Meta Data,البيانات الوصفية,
Unresolve,لم يحسم,
Create Document,إنشاء وثيقة,
Mark as unresolved,وضع علامة لم يتم حلها,
TaxJar Settings,إعدادات TaxJar,
Sandbox Mode,وضع الحماية,
Enable Tax Calculation,تمكين حساب الضريبة,
Create TaxJar Transaction,إنشاء معاملة TaxJar,
Credentials,شهاداته,
Live API Key,مفتاح API المباشر,
Sandbox API Key,مفتاح API Sandbox,
Configuration,ترتيب,
Tax Account Head,رئيس حساب الضرائب,
Shipping Account Head,رئيس حساب الشحن,
Practitioner Name,اسم الممارس,
Enter a name for the Clinical Procedure Template,أدخل اسمًا لنموذج الإجراءات السريرية,
Set the Item Code which will be used for billing the Clinical Procedure.,قم بتعيين رمز العنصر الذي سيتم استخدامه لفوترة الإجراء السريري.,
Select an Item Group for the Clinical Procedure Item.,حدد مجموعة عناصر لعنصر الإجراء السريري.,
Clinical Procedure Rate,معدل الإجراءات السريرية,
Check this if the Clinical Procedure is billable and also set the rate.,تحقق من هذا إذا كان الإجراء السريري قابل للفوترة وقم أيضًا بتعيين السعر.,
Check this if the Clinical Procedure utilises consumables. Click ,تحقق من هذا إذا كان الإجراء السريري يستخدم المواد الاستهلاكية. انقر,
 to know more,لمعرفة المزيد,
"You can also set the Medical Department for the template. After saving the document, an Item will automatically be created for billing this Clinical Procedure. You can then use this template while creating Clinical Procedures for Patients. Templates save you from filling up redundant data every single time. You can also create templates for other operations like Lab Tests, Therapy Sessions, etc.",يمكنك أيضًا تعيين القسم الطبي للقالب. بعد حفظ المستند ، سيتم إنشاء عنصر تلقائيًا لفواتير هذا الإجراء السريري. يمكنك بعد ذلك استخدام هذا النموذج أثناء إنشاء الإجراءات السريرية للمرضى. توفر لك القوالب من ملء البيانات الزائدة في كل مرة. يمكنك أيضًا إنشاء قوالب لعمليات أخرى مثل الاختبارات المعملية وجلسات العلاج وما إلى ذلك.,
Descriptive Test Result,نتيجة الاختبار الوصفي,
Allow Blank,السماح بالفراغ,
Descriptive Test Template,نموذج اختبار وصفي,
"If you want to track Payroll and other HRMS operations for a Practitoner, create an Employee and link it here.",إذا كنت ترغب في تتبع كشوف المرتبات وعمليات HRMS الأخرى لممارس ، فأنشئ موظفًا واربطه هنا.,
Set the Practitioner Schedule you just created. This will be used while booking appointments.,قم بتعيين جدول الممارس الذي أنشأته للتو. سيتم استخدام هذا أثناء حجز المواعيد.,
Create a service item for Out Patient Consulting.,قم بإنشاء عنصر خدمة لاستشارات المرضى الخارجيين.,
"If this Healthcare Practitioner works for the In-Patient Department, create a service item for Inpatient Visits.",إذا كان ممارس الرعاية الصحية هذا يعمل في قسم المرضى الداخليين ، فقم بإنشاء عنصر خدمة لزيارات المرضى الداخليين.,
Set the Out Patient Consulting Charge for this Practitioner.,حدد رسوم استشارة المريض الخارجي لهذا الممارس.,
"If this Healthcare Practitioner also works for the In-Patient Department, set the inpatient visit charge for this Practitioner.",إذا كان ممارس الرعاية الصحية هذا يعمل أيضًا في قسم المرضى الداخليين ، فقم بتعيين رسوم زيارة المرضى الداخليين لهذا الممارس.,
"If checked, a customer will be created for every Patient. Patient Invoices will be created against this Customer. You can also select existing Customer while creating a Patient. This field is checked by default.",إذا تم تحديده ، فسيتم إنشاء عميل لكل مريض. سيتم إنشاء فواتير المريض مقابل هذا العميل. يمكنك أيضًا تحديد العميل الحالي أثناء إنشاء مريض. يتم فحص هذا الحقل افتراضيًا.,
Collect Registration Fee,تحصيل رسوم التسجيل,
"If your Healthcare facility bills registrations of Patients, you can check this and set the Registration Fee in the field below. Checking this will create new Patients with a Disabled status by default and will only be enabled after invoicing the Registration Fee.",إذا كانت منشأة الرعاية الصحية الخاصة بك تقوم بفواتير تسجيلات المرضى ، فيمكنك التحقق من ذلك وتعيين رسوم التسجيل في الحقل أدناه. سيؤدي التحقق من ذلك إلى إنشاء مرضى جدد بحالة &quot;معطل&quot; بشكل افتراضي ولن يتم تمكينهم إلا بعد فوترة رسوم التسجيل.,
Checking this will automatically create a Sales Invoice whenever an appointment is booked for a Patient.,سيؤدي التحقق من هذا إلى إنشاء فاتورة مبيعات تلقائيًا كلما تم حجز موعد لمريض.,
Healthcare Service Items,عناصر خدمة الرعاية الصحية,
"You can create a service item for Inpatient Visit Charge and set it here. Similarly, you can set up other Healthcare Service Items for billing in this section. Click ",يمكنك إنشاء عنصر خدمة لرسم زيارة المرضى الداخليين وتعيينه هنا. وبالمثل ، يمكنك إعداد عناصر خدمة رعاية صحية أخرى للفوترة في هذا القسم. انقر,
Set up default Accounts for the Healthcare Facility,قم بإعداد حسابات افتراضية لمنشأة الرعاية الصحية,
"If you wish to override default accounts settings and configure the Income and Receivable accounts for Healthcare, you can do so here.",إذا كنت ترغب في تجاوز إعدادات الحسابات الافتراضية وتكوين حسابات الدخل والمدينين للرعاية الصحية ، يمكنك القيام بذلك هنا.,
Out Patient SMS alerts,تنبيهات الرسائل القصيرة للمرضى الخارجيين,
"If you want to send SMS alert on Patient Registration, you can enable this option. Similary, you can set up Out Patient SMS alerts for other functionalities in this section. Click ",إذا كنت تريد إرسال تنبيه عبر الرسائل القصيرة على تسجيل المريض ، فيمكنك تمكين هذا الخيار. وبالمثل ، يمكنك إعداد تنبيهات الرسائل القصيرة للمرضى الخارجيين للوظائف الأخرى في هذا القسم. انقر,
Admission Order Details,تفاصيل أمر القبول,
Admission Ordered For,أمر القبول ل,
Expected Length of Stay,المدة المتوقعة للإقامة,
Admission Service Unit Type,نوع وحدة خدمة القبول,
Healthcare Practitioner (Primary),ممارس رعاية صحية (ابتدائي),
Healthcare Practitioner (Secondary),ممارس رعاية صحية (ثانوي),
Admission Instruction,تعليمات القبول,
Chief Complaint,الشكوى الرئيسية,
Medications,الأدوية,
Investigations,التحقيقات,
Discharge Detials,ديتيالس التفريغ,
Discharge Ordered Date,تاريخ أمر التفريغ,
Discharge Instructions,تعليمات التفريغ,
Follow Up Date,متابعة التاريخ,
Discharge Notes,ملاحظات التفريغ,
Processing Inpatient Discharge,معالجة خروج المرضى الداخليين,
Processing Patient Admission,معالجة قبول المريض,
Check-in time cannot be greater than the current time,لا يمكن أن يكون وقت تسجيل الوصول أكبر من الوقت الحالي,
Process Transfer,نقل العملية,
HLC-LAB-.YYYY.-,HLC-LAB-.YYYY.-,
Expected Result Date,تاريخ النتيجة المتوقع,
Expected Result Time,وقت النتيجة المتوقع,
Printed on,طبع على,
Requesting Practitioner,طالب ممارس,
Requesting Department,طلب القسم,
Employee (Lab Technician),موظف (فني مختبر),
Lab Technician Name,اسم فني المعمل,
Lab Technician Designation,تعيين فني مختبر,
Compound Test Result,نتيجة الاختبار المركب,
Organism Test Result,نتيجة اختبار الكائن الحي,
Sensitivity Test Result,نتيجة اختبار الحساسية,
Worksheet Print,طباعة ورقة العمل,
Worksheet Instructions,تعليمات ورقة العمل,
Result Legend Print,نتيجة طباعة وسيلة الإيضاح,
Print Position,موقف الطباعة,
Bottom,الأسفل,
Top,أعلى,
Both,على حد سواء,
Result Legend,أسطورة النتيجة,
Lab Tests,فحوصات مخبرية,
No Lab Tests found for the Patient {0},لم يتم العثور على اختبارات معملية للمريض {0},
"Did not send SMS, missing patient mobile number or message content.",لم ترسل رسالة نصية أو رقم جوال المريض مفقودًا أو محتوى الرسالة.,
No Lab Tests created,لم يتم إنشاء اختبارات معملية,
Creating Lab Tests...,إنشاء الاختبارات المعملية ...,
Lab Test Group Template,نموذج مجموعة الاختبار المعملي,
Add New Line,أضف سطر جديد,
Secondary UOM,UOM الثانوية,
"<b>Single</b>: Results which require only a single input.\n<br>\n<b>Compound</b>: Results which require multiple event inputs.\n<br>\n<b>Descriptive</b>: Tests which have multiple result components with manual result entry.\n<br>\n<b>Grouped</b>: Test templates which are a group of other test templates.\n<br>\n<b>No Result</b>: Tests with no results, can be ordered and billed but no Lab Test will be created. e.g.. Sub Tests for Grouped results",<b>مفرد</b> : النتائج التي تتطلب مدخلاً واحدًا فقط.<br> <b>المركب</b> : النتائج التي تتطلب مدخلات متعددة للحدث.<br> <b>وصفية</b> : الاختبارات التي تحتوي على مكونات نتائج متعددة مع إدخال يدوي للنتائج.<br> <b>مجمعة</b> : قوالب الاختبار وهي مجموعة من قوالب الاختبار الأخرى.<br> <b>لا توجد نتيجة</b> : الاختبارات التي ليس لها نتائج ، يمكن طلبها وفواتيرها ولكن لن يتم إنشاء اختبار معمل. على سبيل المثال الاختبارات الفرعية لنتائج مجمعة,
"If unchecked, the item will not be available in Sales Invoices for billing but can be used in group test creation. ",إذا لم يتم تحديده ، فلن يكون العنصر متاحًا في فواتير المبيعات للفوترة ولكن يمكن استخدامه في إنشاء اختبار المجموعة.,
Description ,وصف,
Descriptive Test,اختبار وصفي,
Group Tests,اختبارات المجموعة,
Instructions to be printed on the worksheet,التعليمات المطلوب طباعتها على ورقة العمل,
"Information to help easily interpret the test report, will be printed as part of the Lab Test result.",ستتم طباعة المعلومات التي تساعد في تفسير تقرير الاختبار بسهولة كجزء من نتيجة الاختبار المعملي.,
Normal Test Result,نتيجة الاختبار العادية,
Secondary UOM Result,نتيجة وحدة القياس الثانوية,
Italic,مائل,
Underline,تسطير,
Organism,الكائن الحي,
Organism Test Item,عنصر اختبار الكائن الحي,
Colony Population,سكان المستعمرة,
Colony UOM,مستعمرة UOM,
Tobacco Consumption (Past),استهلاك التبغ (الماضي),
Tobacco Consumption (Present),استهلاك التبغ (في الوقت الحاضر),
Alcohol Consumption (Past),استهلاك الكحول (الماضي),
Alcohol Consumption (Present),استهلاك الكحول (الحاضر),
Billing Item,عنصر الفواتير,
Medical Codes,الرموز الطبية,
Clinical Procedures,الإجراءات السريرية,
Order Admission,طلب القبول,
Scheduling Patient Admission,جدولة قبول المريض,
Order Discharge,طلب التفريغ,
Sample Details,تفاصيل العينة,
Collected On,جمعت في,
No. of prints,عدد المطبوعات,
Number of prints required for labelling the samples,عدد المطبوعات المطلوبة لتسمية العينات,
HLC-VTS-.YYYY.-,HLC-VTS-.YYYY.-,
In Time,في الوقت المناسب,
Out Time,وقت خروج,
Payroll Cost Center,مركز تكلفة الرواتب,
Approvers,الموافقون,
The first Approver in the list will be set as the default Approver.,سيتم تعيين الموافق الأول في القائمة باعتباره الموافق الافتراضي.,
Shift Request Approver,الموافق على طلب التحول,
PAN Number,رقم PAN,
Provident Fund Account,حساب صندوق الادخار,
MICR Code,كود MICR,
Repay unclaimed amount from salary,سداد المبلغ غير المطالب به من الراتب,
Deduction from salary,خصم من الراتب,
Expired Leaves,أوراق منتهية الصلاحية,
Reference No,رقم المرجع,
Haircut percentage is the percentage difference between market value of the Loan Security and the value ascribed to that Loan Security when used as collateral for that loan.,نسبة الحلاقة هي النسبة المئوية للفرق بين القيمة السوقية لسند القرض والقيمة المنسوبة إلى ضمان القرض هذا عند استخدامها كضمان لهذا القرض.,
Loan To Value Ratio expresses the ratio of the loan amount to the value of the security pledged. A loan security shortfall will be triggered if this falls below the specified value for any loan ,تعبر نسبة القرض إلى القيمة عن نسبة مبلغ القرض إلى قيمة الضمان المرهون. سيحدث عجز في تأمين القرض إذا انخفض عن القيمة المحددة لأي قرض,
If this is not checked the loan by default will be considered as a Demand Loan,إذا لم يتم التحقق من ذلك ، فسيتم اعتبار القرض بشكل افتراضي كقرض تحت الطلب,
This account is used for booking loan repayments from the borrower and also disbursing loans to the borrower,يستخدم هذا الحساب لحجز أقساط سداد القرض من المقترض وأيضًا صرف القروض للمقترض,
This account is capital account which is used to allocate capital for loan disbursal account ,هذا الحساب هو حساب رأس المال الذي يستخدم لتخصيص رأس المال لحساب صرف القرض,
This account will be used for booking loan interest accruals,سيتم استخدام هذا الحساب لحجز استحقاقات الفائدة على القروض,
This account will be used for booking penalties levied due to delayed repayments,سيتم استخدام هذا الحساب في غرامات الحجز المفروضة بسبب تأخر السداد,
Variant BOM,المتغير BOM,
Template Item,عنصر القالب,
Select template item,حدد عنصر القالب,
Select variant item code for the template item {0},حدد رمز عنصر متغير لعنصر النموذج {0},
Downtime Entry,دخول وقت التوقف,
DT-,DT-,
Workstation / Machine,محطة العمل / الآلة,
Operator,المشغل أو العامل,
In Mins,في دقائق,
Downtime Reason,سبب التوقف,
Stop Reason,توقف السبب,
Excessive machine set up time,وقت إعداد الماكينة المفرط,
Unplanned machine maintenance,صيانة الآلة غير المخطط لها,
On-machine press checks,الشيكات الصحفية على الجهاز,
Machine operator errors,أخطاء مشغل الآلة,
Machine malfunction,عطل الآلة,
Electricity down,انقطاع الكهرباء,
Operation Row Number,رقم صف العملية,
Operation {0} added multiple times in the work order {1},تمت إضافة العملية {0} عدة مرات في أمر العمل {1},
"If ticked, multiple materials can be used for a single Work Order. This is useful if one or more time consuming products are being manufactured.",إذا تم تحديده ، يمكن استخدام مواد متعددة لطلب عمل واحد. يكون هذا مفيدًا إذا تم تصنيع منتج أو أكثر من المنتجات التي تستغرق وقتًا طويلاً.,
Backflush Raw Materials,المواد الخام Backflush,
"The Stock Entry of type 'Manufacture' is known as backflush. Raw materials being consumed to manufacture finished goods is known as backflushing. <br><br> When creating Manufacture Entry, raw-material items are backflushed based on BOM of production item. If you want raw-material items to be backflushed based on Material Transfer entry made against that Work Order instead, then you can set it under this field.",يُعرف إدخال المخزون من نوع &quot;التصنيع&quot; باسم التدفق الرجعي. تُعرف المواد الخام التي يتم استهلاكها لتصنيع السلع التامة الصنع بالتدفق العكسي.<br><br> عند إنشاء إدخال التصنيع ، يتم إجراء مسح تلقائي لعناصر المواد الخام استنادًا إلى قائمة مكونات الصنف الخاصة بصنف الإنتاج. إذا كنت تريد إعادة تسريح أصناف المواد الخام استنادًا إلى إدخال نقل المواد الذي تم إجراؤه مقابل طلب العمل هذا بدلاً من ذلك ، فيمكنك تعيينه ضمن هذا الحقل.,
Work In Progress Warehouse,مستودع قيد الإنجاز,
This Warehouse will be auto-updated in the Work In Progress Warehouse field of Work Orders.,سيتم تحديث هذا المستودع تلقائيًا في حقل &quot;مستودع العمل قيد التقدم&quot; الخاص بأوامر العمل.,
Finished Goods Warehouse,مستودع البضائع الجاهزة,
This Warehouse will be auto-updated in the Target Warehouse field of Work Order.,سيتم تحديث هذا المستودع تلقائيًا في حقل &quot;المستودع الهدف&quot; الخاص بأمر العمل.,
"If ticked, the BOM cost will be automatically updated based on Valuation Rate / Price List Rate / last purchase rate of raw materials.",إذا تم تحديدها ، فسيتم تحديث تكلفة قائمة مكونات الصنف تلقائيًا استنادًا إلى معدل التقييم / سعر قائمة الأسعار / معدل الشراء الأخير للمواد الخام.,
Source Warehouses (Optional),مستودعات المصدر (اختياري),
"System will pickup the materials from the selected warehouses. If not specified, system will create material request for purchase.",سيستلم النظام المواد من المستودعات المختارة. إذا لم يتم تحديده ، فسيقوم النظام بإنشاء طلب مواد للشراء.,
Lead Time,المهلة,
PAN Details,تفاصيل PAN,
Create Customer,إنشاء العميل,
Invoicing,الفواتير,
Enable Auto Invoicing,قم بتمكين الفواتير التلقائية,
Send Membership Acknowledgement,إرسال إقرار العضوية,
Send Invoice with Email,إرسال الفاتورة بالبريد الإلكتروني,
Membership Print Format,تنسيق طباعة العضوية,
Invoice Print Format,تنسيق طباعة الفاتورة,
Revoke <Key></Key>,سحب او إبطال&lt;Key&gt;&lt;/Key&gt;,
You can learn more about memberships in the manual. ,يمكنك معرفة المزيد عن العضويات في الدليل.,
ERPNext Docs,مستندات ERPNext,
Regenerate Webhook Secret,إعادة إنشاء Webhook Secret,
Generate Webhook Secret,إنشاء Webhook Secret,
Copy Webhook URL,نسخ عنوان URL للويب هوك,
Linked Item,عنصر مرتبط,
Is Recurring,متكرر,
HRA Exemption,إعفاء HRA,
Monthly House Rent,الإيجار الشهري للمنزل,
Rented in Metro City,مستأجرة في مترو سيتي,
HRA as per Salary Structure,HRA حسب هيكل الرواتب,
Annual HRA Exemption,إعفاء HRA السنوي,
Monthly HRA Exemption,إعفاء HRA الشهري,
House Rent Payment Amount,مبلغ دفع إيجار المنزل,
Rented From Date,مؤجر من تاريخ,
Rented To Date,مؤجر حتى تاريخه,
Monthly Eligible Amount,المبلغ الشهري المؤهل,
Total Eligible HRA Exemption,إجمالي إعفاء HRA المؤهل,
Validating Employee Attendance...,التحقق من صحة حضور الموظف ...,
Submitting Salary Slips and creating Journal Entry...,تقديم قسائم الرواتب وإنشاء قيد دفتر اليومية ...,
Calculate Payroll Working Days Based On,حساب أيام عمل الرواتب على أساس,
Consider Unmarked Attendance As,ضع في اعتبارك الحضور غير المحدد باسم,
Fraction of Daily Salary for Half Day,جزء من الراتب اليومي لنصف يوم,
Component Type,نوع المكون,
Provident Fund,صندوق الادخار,
Additional Provident Fund,صندوق ادخار إضافي,
Provident Fund Loan,قرض صندوق الادخار,
Professional Tax,الضريبة المهنية,
Is Income Tax Component,هو مكون ضريبة الدخل,
Component properties and references ,خصائص المكونات والمراجع,
Additional Salary ,الراتب الإضافي,
Unmarked days,أيام غير محددة,
Absent Days,أيام الغياب,
Conditions and Formula variable and example,متغير الشروط والصيغة والمثال,
Feedback By,ردود الفعل من,
Manufacturing Section,قسم التصنيع,
"By default, the Customer Name is set as per the Full Name entered. If you want Customers to be named by a ",بشكل افتراضي ، يتم تعيين اسم العميل وفقًا للاسم الكامل الذي تم إدخاله. إذا كنت تريد تسمية العملاء بواسطة أ,
Configure the default Price List when creating a new Sales transaction. Item prices will be fetched from this Price List.,تكوين قائمة الأسعار الافتراضية عند إنشاء معاملة مبيعات جديدة. سيتم جلب أسعار العناصر من قائمة الأسعار هذه.,
"If this option is configured 'Yes', ERPNext will prevent you from creating a Sales Invoice or Delivery Note without creating a Sales Order first. This configuration can be overridden for a particular Customer by enabling the 'Allow Sales Invoice Creation Without Sales Order' checkbox in the Customer master.",إذا تم تكوين هذا الخيار &quot;نعم&quot; ، سيمنعك ERPNext من إنشاء فاتورة مبيعات أو مذكرة تسليم دون إنشاء أمر مبيعات أولاً. يمكن تجاوز هذا التكوين لعميل معين عن طريق تمكين مربع الاختيار &quot;السماح بإنشاء فاتورة المبيعات بدون طلب مبيعات&quot; في مدير العميل.,
"If this option is configured 'Yes', ERPNext will prevent you from creating a Sales Invoice without creating a Delivery Note first. This configuration can be overridden for a particular Customer by enabling the 'Allow Sales Invoice Creation Without Delivery Note' checkbox in the Customer master.",إذا تم تكوين هذا الخيار &quot;نعم&quot; ، سيمنعك ERPNext من إنشاء فاتورة مبيعات دون إنشاء مذكرة تسليم أولاً. يمكن تجاوز هذا التكوين لعميل معين عن طريق تمكين مربع الاختيار &quot;السماح بإنشاء فاتورة المبيعات بدون إشعار التسليم&quot; في مدير العميل.,
Default Warehouse for Sales Return,المستودع الافتراضي لعائد المبيعات,
Default In Transit Warehouse,افتراضي في مستودع النقل,
Enable Perpetual Inventory For Non Stock Items,تمكين الجرد الدائم للبنود غير المخزنة,
HRA Settings,إعدادات HRA,
Basic Component,المكون الأساسي,
HRA Component,مكون HRA,
Arrear Component,مكون المتأخر,
Please enter the company name to confirm,الرجاء إدخال اسم الشركة للتأكيد,
Quotation Lost Reason Detail,اقتباس تفاصيل سبب فقد,
Enable Variants,تمكين المتغيرات,
Save Quotations as Draft,احفظ الاقتباسات كمسودة,
MAT-DN-RET-.YYYY.-,MAT-DN-RET-.YYYY.-,
Please Select a Customer,الرجاء تحديد عميل,
Against Delivery Note Item,ضد بند مذكرة التسليم,
Is Non GST ,غير ضريبة السلع والخدمات,
Image Description,وصف الصورة,
Transfer Status,حالة نقل,
MAT-PR-RET-.YYYY.-,MAT-PR-RET-.YYYY.-,
Track this Purchase Receipt against any Project,تتبع إيصال الشراء هذا مقابل أي مشروع,
Please Select a Supplier,الرجاء تحديد مورد,
Add to Transit,أضف إلى Transit,
Set Basic Rate Manually,قم بتعيين السعر الأساسي يدويًا,
"By default, the Item Name is set as per the Item Code entered. If you want Items to be named by a ",بشكل افتراضي ، يتم تعيين اسم العنصر وفقًا لرمز العنصر الذي تم إدخاله. إذا كنت تريد تسمية العناصر بواسطة أ,
Set a Default Warehouse for Inventory Transactions. This will be fetched into the Default Warehouse in the Item master.,تعيين مستودع افتراضي لمعاملات المخزون. سيتم جلب هذا إلى المستودع الافتراضي في مدير السلعة.,
"This will allow stock items to be displayed in negative values. Using this option depends on your use case. With this option unchecked, the system warns before obstructing a transaction that is causing negative stock.",سيسمح هذا بعرض عناصر المخزون بقيم سالبة. استخدام هذا الخيار يعتمد على حالة الاستخدام الخاصة بك. مع عدم تحديد هذا الخيار ، يحذر النظام قبل إعاقة معاملة تتسبب في مخزون سالب.,
Choose between FIFO and Moving Average Valuation Methods. Click ,اختر بين أساليب التقييم أولاً يصرف أولاً (FIFO) وطريقة تقييم المتوسط المتحرك. انقر,
 to know more about them.,لمعرفة المزيد عنها.,
Show 'Scan Barcode' field above every child table to insert Items with ease.,اعرض حقل &quot;مسح الرمز الشريطي&quot; فوق كل جدول فرعي لإدراج العناصر بسهولة.,
"Serial numbers for stock will be set automatically based on the Items entered based on first in first out in transactions like Purchase/Sales Invoices, Delivery Notes, etc.",سيتم تعيين الأرقام التسلسلية للمخزون تلقائيًا بناءً على العناصر التي تم إدخالها بناءً على ما يرد أولاً في المعاملات مثل فواتير الشراء / المبيعات ، وإشعارات التسليم ، وما إلى ذلك.,
"If blank, parent Warehouse Account or company default will be considered in transactions",إذا كان فارغًا ، فسيتم اعتبار حساب المستودع الأصلي أو حساب الشركة الافتراضي في المعاملات,
Service Level Agreement Details,تفاصيل اتفاقية مستوى الخدمة,
Service Level Agreement Status,حالة اتفاقية مستوى الخدمة,
On Hold Since,معلق منذ,
Total Hold Time,إجمالي وقت الانتظار,
Response Details,تفاصيل الرد,
Average Response Time,متوسط وقت الاستجابة,
User Resolution Time,وقت قرار المستخدم,
SLA is on hold since {0},اتفاقية مستوى الخدمة معلقة منذ {0},
Pause SLA On Status,إيقاف مؤقت لحالة SLA,
Pause SLA On,إيقاف تشغيل SLA مؤقتًا,
Greetings Section,قسم التحيات,
Greeting Title,عنوان الترحيب,
Greeting Subtitle,الترجمة التحية,
Youtube ID,معرف يوتيوب,
Youtube Statistics,إحصاءات يوتيوب,
Views,الآراء,
Dislikes,يكره,
Video Settings,اعدادات الفيديو,
Enable YouTube Tracking,تمكين تتبع يوتيوب,
30 mins,30 دقيقة,
1 hr,1 ساعة,
6 hrs,6 ساعات,
Patient Progress,تقدم المريض,
Targetted,مستهدف,
Score Obtained,تم الحصول على النتيجة,
Sessions,الجلسات,
Average Score,متوسط درجة,
Select Assessment Template,حدد نموذج التقييم,
 out of ,بعيدا عن المكان,
Select Assessment Parameter,حدد معلمة التقييم,
Gender: ,جنس:,
Contact: ,اتصل:,
Total Therapy Sessions: ,إجمالي جلسات العلاج:,
Monthly Therapy Sessions: ,الجلسات العلاجية الشهرية:,
Patient Profile,الملف الشخصي للمريض,
Point Of Sale,نقطة البيع,
Email sent successfully.,تم إرسال البريد الإلكتروني بنجاح.,
Search by invoice id or customer name,البحث عن طريق معرف الفاتورة أو اسم العميل,
Invoice Status,حالة الفاتورة,
Filter by invoice status,تصفية حسب حالة الفاتورة,
Select item group,حدد مجموعة العناصر,
No items found. Scan barcode again.,لم يتم العثور على العناصر. امسح الباركود ضوئيًا مرة أخرى.,
"Search by customer name, phone, email.",البحث عن طريق اسم العميل ، الهاتف ، البريد الإلكتروني.,
Enter discount percentage.,أدخل نسبة الخصم.,
Discount cannot be greater than 100%,لا يمكن أن يكون الخصم أكبر من 100٪,
Enter customer's email,أدخل البريد الإلكتروني الخاص بالعميل,
Enter customer's phone number,أدخل رقم هاتف العميل,
Customer contact updated successfully.,تم تحديث جهة اتصال العميل بنجاح.,
Item will be removed since no serial / batch no selected.,ستتم إزالة العنصر نظرًا لعدم تحديد أي مسلسل / دفعة.,
Discount (%),خصم (٪),
You cannot submit the order without payment.,لا يمكنك تقديم الطلب بدون دفع.,
You cannot submit empty order.,لا يمكنك تقديم طلب فارغ.,
To Be Paid,لكي تدفع,
Create POS Opening Entry,إنشاء مدخل فتح نقطة البيع,
Please add Mode of payments and opening balance details.,الرجاء إضافة طريقة الدفع وتفاصيل الرصيد الافتتاحي.,
Toggle Recent Orders,تبديل الطلبات الأخيرة,
Save as Draft,حفظ كمسودة,
You must add atleast one item to save it as draft.,يجب إضافة عنصر واحد على الأقل لحفظه كمسودة.,
There was an error saving the document.,حدث خطأ أثناء حفظ المستند.,
You must select a customer before adding an item.,يجب عليك تحديد عميل قبل إضافة عنصر.,
Please Select a Company,الرجاء تحديد شركة,
Active Leads,العروض النشطة,
Please Select a Company.,الرجاء تحديد شركة.,
BOM Operations Time,وقت عمليات BOM,
BOM ID,معرف BOM,
BOM Item Code,رمز عنصر BOM,
Time (In Mins),الوقت (بالدقائق),
Sub-assembly BOM Count,التجميع الفرعي BOM Count,
View Type,نوع العرض,
Total Delivered Amount,إجمالي المبلغ الذي تم تسليمه,
Downtime Analysis,تحليل وقت التعطل,
Machine,آلة,
Downtime (In Hours),التوقف (بالساعات),
Employee Analytics,تحليلات الموظف,
"""From date"" can not be greater than or equal to ""To date""",لا يمكن أن يكون &quot;من تاريخ&quot; أكبر من أو يساوي &quot;حتى الآن&quot;,
Exponential Smoothing Forecasting,تنبؤ تجانس أسي,
First Response Time for Issues,وقت الاستجابة الأول للمشكلات,
First Response Time for Opportunity,وقت الاستجابة الأول للفرصة,
Depreciatied Amount,المبلغ الموقوف,
Period Based On,الفترة على أساس,
Date Based On,تاريخ بناء على,
{0} and {1} are mandatory,{0} و {1} إلزاميان,
Consider Accounting Dimensions,ضع في اعتبارك أبعاد المحاسبة,
Income Tax Deductions,استقطاعات ضريبة الدخل,
Income Tax Component,مكون ضريبة الدخل,
Income Tax Amount,مبلغ ضريبة الدخل,
Reserved Quantity for Production,الكمية المحجوزة للإنتاج,
Projected Quantity,الكمية المتوقعة,
 Total Sales Amount,إجمالي مبلغ المبيعات,
Job Card Summary,ملخص بطاقة العمل,
Id,هوية شخصية,
Time Required (In Mins),الوقت المطلوب (بالدقائق),
From Posting Date,من تاريخ النشر,
To Posting Date,إلى تاريخ الإرسال,
No records found,لا توجد سجلات,
Customer/Lead Name,اسم العميل / العميل المتوقع,
Unmarked Days,أيام غير محددة,
Jan,يناير,
Feb,فبراير,
Mar,مارس,
Apr,أبريل,
Aug,أغسطس,
Sep,سبتمبر,
Oct,أكتوبر,
Nov,نوفمبر,
Dec,ديسمبر,
Summarized View,عرض موجز,
Production Planning Report,تقرير تخطيط الإنتاج,
Order Qty,الكمية النظام,
Raw Material Code,كود المواد الخام,
Raw Material Name,اسم المادة الخام,
Allotted Qty,الكمية المخصصة,
Expected Arrival Date,وصول التاريخ المتوقع,
Arrival Quantity,كمية الوصول,
Raw Material Warehouse,مستودع المواد الخام,
Order By,ترتيب حسب,
Include Sub-assembly Raw Materials,قم بتضمين المواد الخام التجميعية الفرعية,
Professional Tax Deductions,الخصومات الضريبية المهنية,
Program wise Fee Collection,تحصيل رسوم البرنامج,
Fees Collected,الرسوم المحصلة,
Project Summary,ملخص المشروع,
Total Tasks,إجمالي المهام,
Tasks Completed,اكتملت المهام,
Tasks Overdue,المهام المتأخرة,
Completion,إكمال,
Provident Fund Deductions,خصومات صندوق الادخار,
Purchase Order Analysis,تحليل أوامر الشراء,
From and To Dates are required.,مطلوب من وإلى التواريخ.,
To Date cannot be before From Date.,لا يمكن أن يكون &quot;إلى&quot; قبل &quot;من تاريخ&quot;.,
Qty to Bill,الكمية للفاتورة,
Group by Purchase Order,تجميع حسب أمر الشراء,
 Purchase Value,قيمة الشراء,
Total Received Amount,إجمالي المبلغ المستلم,
Quality Inspection Summary,ملخص فحص الجودة,
 Quoted Amount,المبلغ المقتبس,
Lead Time (Days),ايام القيادة),
Include Expired,تشمل منتهية الصلاحية,
Recruitment Analytics,تحليلات التوظيف,
Applicant name,اسم التطبيق,
Job Offer status,حالة عرض العمل,
On Date,في تاريخ,
Requested Items to Order and Receive,العناصر المطلوبة للطلب والاستلام,
Salary Payments Based On Payment Mode,دفع الرواتب على أساس طريقة الدفع,
Salary Payments via ECS,دفع الرواتب عبر ECS,
Account No,رقم الحساب,
IFSC,IFSC,
MICR,MICR,
Sales Order Analysis,تحليل أوامر المبيعات,
Amount Delivered,المبلغ الذي تم تسليمه,
Delay (in Days),التأخير (بالأيام),
Group by Sales Order,التجميع حسب طلب المبيعات,
 Sales Value,قيمة المبيعات,
Stock Qty vs Serial No Count,كمية المخزون مقابل الرقم التسلسلي,
Serial No Count,المسلسل لا عد,
Work Order Summary,ملخص أمر العمل,
Produce Qty,إنتاج الكمية,
Lead Time (in mins),المهلة (بالدقائق),
Charts Based On,الرسوم البيانية على أساس,
YouTube Interactions,تفاعلات YouTube,
Published Date,تاريخ النشر,
Barnch,بارنش,
Select a Company,حدد شركة,
Opportunity {0} created,تم إنشاء الفرصة {0},
Kindly select the company first,يرجى اختيار الشركة أولا,
Please enter From Date and To Date to generate JSON,الرجاء إدخال من تاريخ وإلى تاريخ لإنشاء JSON,
PF Account,حساب PF,
PF Amount,مبلغ PF,
Additional PF,PF إضافية,
PF Loan,قرض PF,
Download DATEV File,تنزيل ملف DATEV,
Numero has not set in the XML file,لم يتم تعيين نوميرو في ملف XML,
Inward Supplies(liable to reverse charge),التوريدات الواردة (عرضة للرسوم العكسية),
This is based on the course schedules of this Instructor,يعتمد هذا على جداول الدورات التدريبية لهذا المدرب,
Course and Assessment,الدورة والتقييم,
Course {0} has been added to all the selected programs successfully.,تمت إضافة الدورة التدريبية {0} إلى جميع البرامج المحددة بنجاح.,
Programs updated,تم تحديث البرامج,
Program and Course,البرنامج والدورة,
{0} or {1} is mandatory,{0} أو {1} إلزامي,
Mandatory Fields,الحقول الإلزامية,
Student {0}: {1} does not belong to Student Group {2},الطالب {0}: {1} لا ينتمي إلى مجموعة الطلاب {2},
Student Attendance record {0} already exists against the Student {1},سجل حضور الطالب {0} موجود بالفعل ضد الطالب {1},
Duplicate Entry,إدخال مكرر,
Course and Fee,الدورة والرسوم,
Not eligible for the admission in this program as per Date Of Birth,غير مؤهل للقبول في هذا البرنامج حسب تاريخ الميلاد,
Topic {0} has been added to all the selected courses successfully.,تمت إضافة الموضوع {0} إلى جميع الدورات المحددة بنجاح.,
Courses updated,تم تحديث الدورات,
{0} {1} has been added to all the selected topics successfully.,تمت إضافة {0} {1} إلى كافة الموضوعات المحددة بنجاح.,
Topics updated,تم تحديث المواضيع,
Academic Term and Program,الفصل الدراسي والبرنامج,
Please remove this item and try to submit again or update the posting time.,يرجى إزالة هذا العنصر ومحاولة الإرسال مرة أخرى أو تحديث وقت النشر.,
Failed to Authenticate the API key.,فشل مصادقة مفتاح API.,
Invalid Credentials,بيانات الاعتماد غير صالحة,
URL can only be a string,يمكن أن يكون عنوان URL عبارة عن سلسلة فقط,
"Here is your webhook secret, this will be shown to you only once.",إليك سر الويب هوك الخاص بك ، وسيظهر لك مرة واحدة فقط.,
The payment for this membership is not paid. To generate invoice fill the payment details,لم يتم دفع الدفع لهذه العضوية. لإنشاء فاتورة ، قم بتعبئة تفاصيل الدفع,
An invoice is already linked to this document,الفاتورة مرتبطة بالفعل بهذا المستند,
No customer linked to member {},لا يوجد عميل مرتبط بالعضو {},
You need to set <b>Debit Account</b> in Membership Settings,تحتاج إلى تعيين <b>حساب الخصم</b> في إعدادات العضوية,
You need to set <b>Default Company</b> for invoicing in Membership Settings,تحتاج إلى تعيين <b>الشركة الافتراضية</b> للفواتير في إعدادات العضوية,
You need to enable <b>Send Acknowledge Email</b> in Membership Settings,تحتاج إلى تمكين <b>إرسال رسالة تأكيد بالبريد الإلكتروني</b> في إعدادات العضوية,
Error creating membership entry for {0},خطأ في إنشاء إدخال عضوية لـ {0},
A customer is already linked to this Member,عميل مرتبط بالفعل بهذا العضو,
End Date must not be lesser than Start Date,يجب ألا يكون تاريخ الانتهاء أقل من تاريخ البدء,
Employee {0} already has Active Shift {1}: {2},الموظف {0} لديه بالفعل وردية نشطة {1}: {2},
 from {0},من {0},
 to {0},إلى {0},
Please select Employee first.,الرجاء تحديد الموظف أولاً.,
Please set {0} for the Employee or for Department: {1},الرجاء تعيين {0} للموظف أو للإدارة: {1},
To Date should be greater than From Date,يجب أن يكون إلى تاريخ أكبر من من تاريخ,
Employee Onboarding: {0} is already for Job Applicant: {1},تأهيل الموظف: {0} هو مقدم الطلب بالفعل: {1},
Job Offer: {0} is already for Job Applicant: {1},عرض الوظيفة: {0} مقدم بالفعل لمقدم طلب وظيفة: {1},
Only Shift Request with status 'Approved' and 'Rejected' can be submitted,يمكن فقط تقديم طلب التحول بالحالة &quot;موافق عليه&quot; و &quot;مرفوض&quot;,
Shift Assignment: {0} created for Employee: {1},واجب التحول: {0} تم إنشاؤه للموظف: {1},
You can not request for your Default Shift: {0},لا يمكنك طلب التحول الافتراضي الخاص بك: {0},
Only Approvers can Approve this Request.,الموافقون فقط هم من يمكنهم الموافقة على هذا الطلب.,
Asset Value Analytics,تحليلات قيمة الأصول,
Category-wise Asset Value,قيمة الأصول حسب الفئة,
Total Assets,إجمالي الأصول,
New Assets (This Year),الأصول الجديدة (هذا العام),
Row #{}: Depreciation Posting Date should not be equal to Available for Use Date.,الصف رقم {}: يجب ألا يكون تاريخ ترحيل الإهلاك مساويًا لتاريخ المتاح للاستخدام.,
Incorrect Date,تاريخ غير صحيح,
Invalid Gross Purchase Amount,مبلغ الشراء الإجمالي غير صالح,
There are active maintenance or repairs against the asset. You must complete all of them before cancelling the asset.,هناك صيانة نشطة أو إصلاحات ضد الأصل. يجب عليك إكمالها جميعًا قبل إلغاء الأصل.,
% Complete,٪ اكتمال,
Back to Course,العودة إلى الدورة,
Finish Topic,إنهاء الموضوع,
Mins,دقيقة,
by,بواسطة,
Back to,ارجع الى,
Enrolling...,التسجيل ...,
You have successfully enrolled for the program ,لقد قمت بالتسجيل بنجاح في البرنامج,
Enrolled,المقيدين,
Watch Intro,شاهد مقدمة,
We're here to help!,نحن هنا للمساعدة!,
Frequently Read Articles,اقرأ المقالات بشكل متكرر,
Please set a default company address,يرجى تعيين عنوان افتراضي للشركة,
{0} is not a valid state! Check for typos or enter the ISO code for your state.,{0} ليست حالة صالحة! تحقق من وجود أخطاء إملائية أو أدخل رمز ISO لولايتك.,
Error occured while parsing Chart of Accounts: Please make sure that no two accounts have the same name,حدث خطأ أثناء تحليل مخطط الحسابات: الرجاء التأكد من عدم وجود حسابين لهما نفس الاسم,
Plaid invalid request error,خطأ طلب غير صالح منقوشة,
Please check your Plaid client ID and secret values,يرجى التحقق من معرّف عميل Plaid والقيم السرية,
Bank transaction creation error,خطأ في إنشاء معاملة البنك,
Unit of Measurement,وحدة قياس,
Fiscal Year {0} Does Not Exist,السنة المالية {0} غير موجودة,
Row # {0}: Returned Item {1} does not exist in {2} {3},الصف رقم {0}: العنصر الذي تم إرجاعه {1} غير موجود في {2} {3},
Valuation type charges can not be marked as Inclusive,لا يمكن تحديد رسوم نوع التقييم على أنها شاملة,
You do not have permissions to {} items in a {}.,ليس لديك أذونات لـ {} من العناصر في {}.,
Insufficient Permissions,أذونات غير كافية,
You are not allowed to update as per the conditions set in {} Workflow.,غير مسموح لك بالتحديث وفقًا للشروط المحددة في {} سير العمل.,
Expense Account Missing,حساب المصاريف مفقود,
{0} is not a valid Value for Attribute {1} of Item {2}.,{0} ليست قيمة صالحة للسمة {1} للعنصر {2}.,
Invalid Value,قيمة غير صالحة,
The value {0} is already assigned to an existing Item {1}.,تم تعيين القيمة {0} بالفعل لعنصر موجود {1}.,
"To still proceed with editing this Attribute Value, enable {0} in Item Variant Settings.",للاستمرار في تعديل قيمة السمة هذه ، قم بتمكين {0} في إعدادات متغير العنصر.,
Edit Not Allowed,تحرير غير مسموح به,
Row #{0}: Item {1} is already fully received in Purchase Order {2},الصف رقم {0}: تم استلام العنصر {1} بالكامل بالفعل في أمر الشراء {2},
You cannot create or cancel any accounting entries with in the closed Accounting Period {0},لا يمكنك إنشاء أو إلغاء أي قيود محاسبية في فترة المحاسبة المغلقة {0},
POS Invoice should have {} field checked.,يجب أن يتم فحص الحقل {} فاتورة نقاط البيع.,
Invalid Item,عنصر غير صالح,
Row #{}: You cannot add postive quantities in a return invoice. Please remove item {} to complete the return.,الصف # {}: لا يمكنك إضافة كميات ترحيل في فاتورة الإرجاع. الرجاء إزالة العنصر {} لإكمال الإرجاع.,
The selected change account {} doesn't belongs to Company {}.,حساب التغيير المحدد {} لا ينتمي إلى الشركة {}.,
Atleast one invoice has to be selected.,يجب تحديد فاتورة واحدة على الأقل.,
Payment methods are mandatory. Please add at least one payment method.,طرق الدفع إلزامية. الرجاء إضافة طريقة دفع واحدة على الأقل.,
Please select a default mode of payment,الرجاء تحديد طريقة الدفع الافتراضية,
You can only select one mode of payment as default,يمكنك تحديد طريقة دفع واحدة فقط كطريقة افتراضية,
Missing Account,حساب مفقود,
Customers not selected.,العملاء لم يتم اختيارهم.,
Statement of Accounts,كشف الحسابات,
Ageing Report Based On ,تقرير الشيخوخة على أساس,
Please enter distributed cost center,الرجاء إدخال مركز التكلفة الموزعة,
Total percentage allocation for distributed cost center should be equal to 100,يجب أن يكون إجمالي تخصيص النسبة المئوية لمركز التكلفة الموزع مساويًا لـ 100,
Cannot enable Distributed Cost Center for a Cost Center already allocated in another Distributed Cost Center,لا يمكن تمكين مركز التكلفة الموزعة لمركز التكلفة المخصص بالفعل في مركز تكلفة موزعة آخر,
Parent Cost Center cannot be added in Distributed Cost Center,لا يمكن إضافة مركز التكلفة الأصل في مركز التكلفة الموزعة,
A Distributed Cost Center cannot be added in the Distributed Cost Center allocation table.,لا يمكن إضافة مركز التكلفة الموزعة في جدول تخصيص مركز التكلفة الموزعة.,
Cost Center with enabled distributed cost center can not be converted to group,لا يمكن تحويل مركز التكلفة مع مركز التكلفة الموزع الممكّن إلى مجموعة,
Cost Center Already Allocated in a Distributed Cost Center cannot be converted to group,لا يمكن تحويل مركز التكلفة المخصص بالفعل في مركز التكلفة الموزعة إلى مجموعة,
Trial Period Start date cannot be after Subscription Start Date,لا يمكن أن يكون تاريخ بدء الفترة التجريبية بعد تاريخ بدء الاشتراك,
Subscription End Date must be after {0} as per the subscription plan,يجب أن يكون تاريخ انتهاء الاشتراك بعد {0} وفقًا لخطة الاشتراك,
Subscription End Date is mandatory to follow calendar months,تاريخ انتهاء الاشتراك إلزامي لمتابعة الأشهر التقويمية,
Row #{}: POS Invoice {} is not against customer {},الصف رقم {}: فاتورة نقاط البيع {} ليست ضد العميل {},
Row #{}: POS Invoice {} is not submitted yet,الصف رقم {}: فاتورة نقاط البيع {} لم يتم تقديمها بعد,
Row #{}: POS Invoice {} has been {},الصف رقم {}: فاتورة نقاط البيع {} كانت {},
No Supplier found for Inter Company Transactions which represents company {0},لم يتم العثور على مورد للمعاملات بين الشركات التي تمثل الشركة {0},
No Customer found for Inter Company Transactions which represents company {0},لم يتم العثور على زبون للمعاملات بين الشركات التي تمثل الشركة {0},
Invalid Period,فترة غير صالحة,
Selected POS Opening Entry should be open.,يجب أن يكون الإدخال الافتتاحي المحدد لنقاط البيع مفتوحًا.,
Invalid Opening Entry,إدخال فتح غير صالح,
Please set a Company,الرجاء تعيين شركة,
"Sorry, this coupon code's validity has not started",عذرًا ، لم تبدأ صلاحية رمز القسيمة,
"Sorry, this coupon code's validity has expired",عذرا ، لقد انتهت صلاحية رمز القسيمة,
"Sorry, this coupon code is no longer valid",عذرا ، رمز القسيمة هذا لم يعد صالحًا,
For the 'Apply Rule On Other' condition the field {0} is mandatory,بالنسبة لشرط &quot;تطبيق القاعدة على أخرى&quot; ، يكون الحقل {0} إلزاميًا,
{1} Not in Stock,{1} غير متوفر,
Only {0} in Stock for item {1},فقط {0} متوفر للعنصر {1},
Please enter a coupon code,الرجاء إدخال رمز القسيمة,
Please enter a valid coupon code,الرجاء إدخال رمز قسيمة صالح,
Invalid Child Procedure,إجراء الطفل غير صالح,
Import Italian Supplier Invoice.,فاتورة استيراد المورد الإيطالي.,
"Valuation Rate for the Item {0}, is required to do accounting entries for {1} {2}.",معدل التقييم للعنصر {0} ، مطلوب لإجراء إدخالات محاسبية لـ {1} {2}.,
 Here are the options to proceed:,فيما يلي خيارات المتابعة:,
"If the item is transacting as a Zero Valuation Rate item in this entry, please enable 'Allow Zero Valuation Rate' in the {0} Item table.",إذا كان العنصر يتعامل كعنصر سعر تقييم صفري في هذا الإدخال ، فالرجاء تمكين &quot;السماح بمعدل تقييم صفري&quot; في جدول العناصر {0}.,
"If not, you can Cancel / Submit this entry ",إذا لم يكن كذلك ، يمكنك إلغاء / إرسال هذا الإدخال,
 performing either one below:,يؤدي أحدهما أدناه:,
Create an incoming stock transaction for the Item.,قم بإنشاء حركة مخزون واردة للصنف.,
Mention Valuation Rate in the Item master.,اذكر معدل التقييم في مدير السلعة.,
Valuation Rate Missing,معدل التقييم مفقود,
Serial Nos Required,الرقم المسلسل مطلوب,
Quantity Mismatch,عدم تطابق الكمية,
"Please Restock Items and Update the Pick List to continue. To discontinue, cancel the Pick List.",يرجى إعادة تخزين العناصر وتحديث قائمة الاختيار للمتابعة. للتوقف ، قم بإلغاء قائمة الاختيار.,
Out of Stock,إنتهى من المخزن,
{0} units of Item {1} is not available.,{0} من وحدات العنصر {1} غير متوفرة.,
Item for row {0} does not match Material Request,عنصر الصف {0} لا يتطابق مع طلب المواد,
Warehouse for row {0} does not match Material Request,المستودع للصف {0} لا يتطابق مع طلب المواد,
Accounting Entry for Service,القيد المحاسبي للخدمة,
All items have already been Invoiced/Returned,تم بالفعل تحرير / إرجاع جميع العناصر,
All these items have already been Invoiced/Returned,تم بالفعل إصدار فاتورة / إرجاع جميع هذه العناصر,
Stock Reconciliations,تسويات المخزون,
Merge not allowed,الدمج غير مسموح به,
The following deleted attributes exist in Variants but not in the Template. You can either delete the Variants or keep the attribute(s) in template.,توجد السمات المحذوفة التالية في المتغيرات ولكن ليس في القالب. يمكنك إما حذف المتغيرات أو الاحتفاظ بالسمة (السمات) في القالب.,
Variant Items,العناصر المتغيرة,
Variant Attribute Error,خطأ في سمة المتغير,
The serial no {0} does not belong to item {1},الرقم التسلسلي {0} لا ينتمي إلى العنصر {1},
There is no batch found against the {0}: {1},لم يتم العثور على دفعة بالمقابلة مع {0}: {1},
Completed Operation,العملية المكتملة,
Work Order Analysis,تحليل أمر العمل,
Quality Inspection Analysis,تحليل فحص الجودة,
Pending Work Order,أمر عمل معلق,
Last Month Downtime Analysis,تحليل وقت التوقف في الشهر الماضي,
Work Order Qty Analysis,تحليل كمية أمر العمل,
Job Card Analysis,تحليل بطاقة العمل,
Monthly Total Work Orders,إجمالي أوامر العمل الشهرية,
Monthly Completed Work Orders,أوامر العمل المكتملة شهريًا,
Ongoing Job Cards,بطاقات العمل الجارية,
Monthly Quality Inspections,فحوصات الجودة الشهرية,
(Forecast),(توقعات),
Total Demand (Past Data),إجمالي الطلب (البيانات السابقة),
Total Forecast (Past Data),إجمالي التوقعات (البيانات السابقة),
Total Forecast (Future Data),إجمالي التوقعات (البيانات المستقبلية),
Based On Document,بناء على المستند,
Based On Data ( in years ),على أساس البيانات (بالسنوات),
Smoothing Constant,تجانس ثابت,
Please fill the Sales Orders table,يرجى ملء جدول أوامر المبيعات,
Sales Orders Required,أوامر المبيعات مطلوبة,
Please fill the Material Requests table,يرجى ملء جدول طلبات المواد,
Material Requests Required,طلبات المواد المطلوبة,
Items to Manufacture are required to pull the Raw Materials associated with it.,العناصر المطلوب تصنيعها لسحب المواد الخام المرتبطة بها.,
Items Required,العناصر المطلوبة,
Operation {0} does not belong to the work order {1},العملية {0} لا تنتمي إلى أمر العمل {1},
Print UOM after Quantity,اطبع UOM بعد الكمية,
Set default {0} account for perpetual inventory for non stock items,تعيين حساب {0} الافتراضي للمخزون الدائم للعناصر غير المخزنة,
Loan Security {0} added multiple times,تمت إضافة ضمان القرض {0} عدة مرات,
Loan Securities with different LTV ratio cannot be pledged against one loan,لا يمكن رهن سندات القرض ذات نسبة القيمة الدائمة المختلفة لقرض واحد,
Qty or Amount is mandatory for loan security!,الكمية أو المبلغ إلزامي لضمان القرض!,
Only submittted unpledge requests can be approved,يمكن الموافقة على طلبات إلغاء التعهد المقدمة فقط,
Interest Amount or Principal Amount is mandatory,مبلغ الفائدة أو المبلغ الأساسي إلزامي,
Disbursed Amount cannot be greater than {0},لا يمكن أن يكون المبلغ المصروف أكبر من {0},
Row {0}: Loan Security {1} added multiple times,الصف {0}: تمت إضافة ضمان القرض {1} عدة مرات,
Row #{0}: Child Item should not be a Product Bundle. Please remove Item {1} and Save,الصف رقم {0}: يجب ألا يكون العنصر الفرعي عبارة عن حزمة منتج. يرجى إزالة العنصر {1} وحفظه,
Credit limit reached for customer {0},تم بلوغ حد الائتمان للعميل {0},
Could not auto create Customer due to the following missing mandatory field(s):,تعذر إنشاء العميل تلقائيًا بسبب الحقول الإلزامية التالية المفقودة:,
Please create Customer from Lead {0}.,الرجاء إنشاء عميل من العميل المحتمل {0}.,
Mandatory Missing,إلزامي مفقود,
Please set Payroll based on in Payroll settings,يرجى تعيين كشوف المرتبات على أساس إعدادات الرواتب,
Additional Salary: {0} already exist for Salary Component: {1} for period {2} and {3},الراتب الإضافي: {0} موجود بالفعل لمكون الراتب: {1} للفترة {2} و {3},
From Date can not be greater than To Date.,لا يمكن أن يكون من تاريخ أكبر من تاريخ.,
Payroll date can not be less than employee's joining date.,لا يمكن أن يكون تاريخ كشوف المرتبات أقل من تاريخ انضمام الموظف.,
From date can not be less than employee's joining date.,من التاريخ لا يمكن أن يكون أقل من تاريخ انضمام الموظف.,
To date can not be greater than employee's relieving date.,حتى الآن لا يمكن أن يكون أكبر من تاريخ إعفاء الموظف.,
Payroll date can not be greater than employee's relieving date.,لا يمكن أن يكون تاريخ كشوف المرتبات أكبر من تاريخ إعفاء الموظف.,
Row #{0}: Please enter the result value for {1},الصف # {0}: الرجاء إدخال قيمة النتيجة لـ {1},
Mandatory Results,النتائج الإلزامية,
Sales Invoice or Patient Encounter is required to create Lab Tests,فاتورة المبيعات أو مقابلة المريض مطلوبة لإنشاء الاختبارات المعملية,
Insufficient Data,البيانات غير كافية,
Lab Test(s) {0} created successfully,تم إنشاء الاختبارات المعملية {0} بنجاح,
Test :,اختبار :,
Sample Collection {0} has been created,تم إنشاء مجموعة العينات {0},
Normal Range: ,المعدل الطبيعي:,
Row #{0}: Check Out datetime cannot be less than Check In datetime,الصف رقم {0}: لا يمكن أن يكون تاريخ المغادرة والوقت أقل من تاريخ الإيداع والوقت,
"Missing required details, did not create Inpatient Record",التفاصيل المطلوبة مفقودة ، لم يتم إنشاء سجل المرضى الداخليين,
Unbilled Invoices,الفواتير غير المفوترة,
Standard Selling Rate should be greater than zero.,يجب أن يكون معدل البيع القياسي أكبر من الصفر.,
Conversion Factor is mandatory,عامل التحويل إلزامي,
Row #{0}: Conversion Factor is mandatory,الصف # {0}: عامل التحويل إلزامي,
Sample Quantity cannot be negative or 0,لا يمكن أن تكون كمية العينة سالبة أو 0,
Invalid Quantity,كمية غير صحيحة,
"Please set defaults for Customer Group, Territory and Selling Price List in Selling Settings",يرجى تعيين الإعدادات الافتراضية لمجموعة العملاء والإقليم وقائمة أسعار البيع في إعدادات البيع,
{0} on {1},{0} في {1},
{0} with {1},{0} مع {1},
Appointment Confirmation Message Not Sent,لم يتم إرسال رسالة تأكيد الموعد,
"SMS not sent, please check SMS Settings",لم يتم إرسال الرسائل القصيرة ، يرجى التحقق من إعدادات الرسائل القصيرة,
Healthcare Service Unit Type cannot have both {0} and {1},لا يمكن أن يحتوي نوع وحدة خدمة الرعاية الصحية على كل من {0} و {1},
Healthcare Service Unit Type must allow atleast one among {0} and {1},يجب أن يسمح نوع وحدة خدمة الرعاية الصحية بواحد على الأقل من بين {0} و {1},
Set Response Time and Resolution Time for Priority {0} in row {1}.,عيّن وقت الاستجابة ووقت الحل للأولوية {0} في الصف {1}.,
Response Time for {0} priority in row {1} can't be greater than Resolution Time.,لا يمكن أن يكون وقت الاستجابة {0} للأولوية في الصف {1} أكبر من وقت الحل.,
{0} is not enabled in {1},{0} غير ممكّن في {1},
Group by Material Request,تجميع حسب طلب المواد,
Email Sent to Supplier {0},تم إرسال بريد إلكتروني إلى المورد {0},
"The Access to Request for Quotation From Portal is Disabled. To Allow Access, Enable it in Portal Settings.",تم تعطيل الوصول إلى طلب عرض الأسعار من البوابة. للسماح بالوصول ، قم بتمكينه في إعدادات البوابة.,
Supplier Quotation {0} Created,تم إنشاء عرض أسعار المورد {0},
Valid till Date cannot be before Transaction Date,صالح حتى التاريخ لا يمكن أن يكون قبل تاريخ المعاملة,
Unlink Advance Payment on Cancellation of Order,إلغاء ربط الدفع المسبق عند إلغاء الطلب,
"Simple Python Expression, Example: territory != 'All Territories'",تعبير بايثون بسيط ، مثال: إقليم! = &quot;كل الأقاليم&quot;,
Sales Contributions and Incentives,مساهمات وحوافز المبيعات,
Sourced by Supplier,مصدرها المورد,
Total weightage assigned should be 100%.<br>It is {0},يجب أن يكون الوزن الإجمالي المخصص 100٪.<br> إنه {0},
Account {0} exists in parent company {1}.,الحساب {0} موجود في الشركة الأم {1}.,
"To overrule this, enable '{0}' in company {1}",لإلغاء هذا ، قم بتمكين &quot;{0}&quot; في الشركة {1},
Invalid condition expression,تعبير شرط غير صالح,
Please Select a Company First,الرجاء تحديد شركة أولاً,
Please Select Both Company and Party Type First,الرجاء تحديد نوع الشركة والحزب أولاً,
Provide the invoice portion in percent,قم بتوفير جزء الفاتورة بالنسبة المئوية,
Give number of days according to prior selection,أعط عدد الأيام حسب الاختيار المسبق,
Email Details,تفاصيل البريد الإلكتروني,
"Select a greeting for the receiver. E.g. Mr., Ms., etc.",حدد تحية للمتلقي. على سبيل المثال السيد ، السيدة ، إلخ.,
Preview Email,معاينة البريد الإلكتروني,
Please select a Supplier,الرجاء اختيار مورد,
Supplier Lead Time (days),مهلة المورد (أيام),
"Home, Work, etc.",المنزل والعمل وما إلى ذلك.,
Exit Interview Held On,أجريت مقابلة الخروج,
Condition and formula,الشرط والصيغة,
Sets 'Target Warehouse' in each row of the Items table.,يعيّن &quot;المستودع المستهدف&quot; في كل صف من جدول السلع.,
Sets 'Source Warehouse' in each row of the Items table.,يعيّن &quot;مستودع المصدر&quot; في كل صف من جدول السلع.,
POS Register,سجل نقاط البيع,
"Can not filter based on POS Profile, if grouped by POS Profile",لا يمكن التصفية بناءً على ملف تعريف نقطة البيع ، إذا تم تجميعها حسب ملف تعريف نقطة البيع,
"Can not filter based on Customer, if grouped by Customer",لا يمكن التصفية بناءً على العميل ، إذا تم تجميعه بواسطة العميل,
"Can not filter based on Cashier, if grouped by Cashier",لا يمكن التصفية على أساس Cashier ، إذا تم تجميعها بواسطة Cashier,
Payment Method,طريقة الدفع او السداد,
"Can not filter based on Payment Method, if grouped by Payment Method",لا يمكن التصفية بناءً على طريقة الدفع ، إذا تم تجميعها حسب طريقة الدفع,
Supplier Quotation Comparison,مقارنة عروض أسعار الموردين,
Price per Unit (Stock UOM),السعر لكل وحدة (المخزون UOM),
Group by Supplier,تجميع حسب المورد,
Group by Item,تجميع حسب البند,
Remember to set {field_label}. It is required by {regulation}.,تذكر أن تقوم بتعيين {field_label}. مطلوب بموجب {لائحة}.,
Enrollment Date cannot be before the Start Date of the Academic Year {0},لا يمكن أن يكون تاريخ التسجيل قبل تاريخ بدء العام الأكاديمي {0},
Enrollment Date cannot be after the End Date of the Academic Term {0},لا يمكن أن يكون تاريخ التسجيل بعد تاريخ انتهاء الفصل الدراسي {0},
Enrollment Date cannot be before the Start Date of the Academic Term {0},لا يمكن أن يكون تاريخ التسجيل قبل تاريخ بدء الفصل الدراسي {0},
Future Posting Not Allowed,النشر في المستقبل غير مسموح به,
"To enable Capital Work in Progress Accounting, ",لتمكين محاسبة الأعمال الرأسمالية الجارية ،,
you must select Capital Work in Progress Account in accounts table,يجب عليك تحديد حساب رأس المال قيد التقدم في جدول الحسابات,
You can also set default CWIP account in Company {},يمكنك أيضًا تعيين حساب CWIP الافتراضي في الشركة {},
The Request for Quotation can be accessed by clicking on the following button,يمكن الوصول إلى طلب عرض الأسعار من خلال النقر على الزر التالي,
Regards,مع تحياتي,
Please click on the following button to set your new password,الرجاء النقر فوق الزر التالي لتعيين كلمة المرور الجديدة,
Update Password,تطوير كلمة السر,
Row #{}: Selling rate for item {} is lower than its {}. Selling {} should be atleast {},Row # {}: معدل بيع العنصر {} أقل من {}. يجب بيع {} على الأقل {},
You can alternatively disable selling price validation in {} to bypass this validation.,يمكنك بدلاً من ذلك تعطيل التحقق من سعر البيع في {} لتجاوز هذا التحقق.,
Invalid Selling Price,سعر البيع غير صالح,
Address needs to be linked to a Company. Please add a row for Company in the Links table.,يجب ربط العنوان بشركة. الرجاء إضافة صف للشركة في جدول الروابط.,
Company Not Linked,شركة غير مرتبطة,
Import Chart of Accounts from CSV / Excel files,استيراد مخطط الحسابات من ملفات CSV / Excel,
Completed Qty cannot be greater than 'Qty to Manufacture',لا يمكن أن تكون الكمية المكتملة أكبر من &quot;الكمية إلى التصنيع&quot;,
"Row {0}: For Supplier {1}, Email Address is Required to send an email",الصف {0}: للمورد {1} ، مطلوب عنوان البريد الإلكتروني لإرسال بريد إلكتروني,
"If enabled, the system will post accounting entries for inventory automatically",في حالة التمكين ، سيقوم النظام بترحيل إدخالات المحاسبة للمخزون تلقائيًا,
Accounts Frozen Till Date,الحسابات المجمدة حتى تاريخ,
Accounting entries are frozen up to this date. Nobody can create or modify entries except users with the role specified below,تم تجميد قيود المحاسبة حتى هذا التاريخ. لا يمكن لأي شخص إنشاء أو تعديل الإدخالات باستثناء المستخدمين الذين لديهم الدور المحدد أدناه,
Role Allowed to Set Frozen Accounts and Edit Frozen Entries,الدور مسموح به لتعيين حسابات مجمدة وتعديل الإدخالات المجمدة,
Address used to determine Tax Category in transactions,العنوان المستخدم لتحديد فئة الضريبة في المعاملات,
"The percentage you are allowed to bill more against the amount ordered. For example, if the order value is $100 for an item and tolerance is set as 10%, then you are allowed to bill up to $110 ",النسبة المئوية المسموح لك بدفعها مقابل المبلغ المطلوب. على سبيل المثال ، إذا كانت قيمة الأمر 100 دولار أمريكي لأحد العناصر ، وتم تعيين التفاوت بنسبة 10٪ ، فيُسمح لك بدفع ما يصل إلى 110 دولارات أمريكية.,
This role is allowed to submit transactions that exceed credit limits,يُسمح لهذا الدور بإرسال المعاملات التي تتجاوز حدود الائتمان,
"If ""Months"" is selected, a fixed amount will be booked as deferred revenue or expense for each month irrespective of the number of days in a month. It will be prorated if deferred revenue or expense is not booked for an entire month",إذا تم تحديد &quot;الأشهر&quot; ، فسيتم حجز مبلغ ثابت كإيرادات أو مصروفات مؤجلة لكل شهر بغض النظر عن عدد الأيام في الشهر. سيتم تقسيمها إذا لم يتم حجز الإيرادات أو المصاريف المؤجلة لمدة شهر كامل,
"If this is unchecked, direct GL entries will be created to book deferred revenue or expense",إذا لم يتم تحديد ذلك ، فسيتم إنشاء إدخالات دفتر الأستاذ العام المباشرة لحجز الإيرادات أو المصاريف المؤجلة,
Show Inclusive Tax in Print,عرض الضرائب الشاملة في المطبوعات,
Only select this if you have set up the Cash Flow Mapper documents,حدد هذا فقط إذا كنت قد قمت بإعداد مستندات مخطط التدفق النقدي,
Payment Channel,قناة الدفع,
Is Purchase Order Required for Purchase Invoice & Receipt Creation?,هل طلب الشراء مطلوب لإنشاء فاتورة الشراء والإيصال؟,
Is Purchase Receipt Required for Purchase Invoice Creation?,هل إيصال الشراء مطلوب لإنشاء فاتورة الشراء؟,
Maintain Same Rate Throughout the Purchase Cycle,حافظ على نفس السعر طوال دورة الشراء,
Allow Item To Be Added Multiple Times in a Transaction,السماح بإضافة العنصر عدة مرات في المعاملة,
Suppliers,الموردين,
Send Emails to Suppliers,إرسال رسائل البريد الإلكتروني إلى الموردين,
Select a Supplier,حدد المورد,
Cannot mark attendance for future dates.,لا يمكن تحديد الحضور للتواريخ المستقبلية.,
Do you want to update attendance? <br> Present: {0} <br> Absent: {1},هل تريد تحديث الحضور؟<br> الحاضر: {0}<br> غائب: {1},
Mpesa Settings,إعدادات Mpesa,
Initiator Name,اسم البادئ,
Till Number,حتى رقم,
Sandbox,صندوق الرمل,
 Online PassKey,مفتاح المرور عبر الإنترنت,
Security Credential,الاعتماد الأمني,
Get Account Balance,احصل على رصيد الحساب,
Please set the initiator name and the security credential,يرجى تعيين اسم البادئ وبيانات اعتماد الأمان,
Inpatient Medication Entry,إدخال الأدوية للمرضى الداخليين,
HLC-IME-.YYYY.-,HLC-IME-.YYYY.-,
Item Code (Drug),كود البند (المخدرات),
Medication Orders,أوامر الدواء,
Get Pending Medication Orders,احصل على طلبات الأدوية المعلقة,
Inpatient Medication Orders,طلبات الأدوية للمرضى الداخليين,
Medication Warehouse,مستودع الأدوية,
Warehouse from where medication stock should be consumed,المستودع الذي يجب استهلاك مخزون الأدوية منه,
Fetching Pending Medication Orders,إحضار أوامر الأدوية المعلقة,
Inpatient Medication Entry Detail,تفاصيل إدخال الأدوية للمرضى الداخليين,
Medication Details,تفاصيل الدواء,
Drug Code,كود الدواء,
Drug Name,اسم الدواء,
Against Inpatient Medication Order,ضد طلب الأدوية للمرضى الداخليين,
Against Inpatient Medication Order Entry,ضد إدخال طلب الأدوية للمرضى الداخليين,
Inpatient Medication Order,طلب الأدوية للمرضى الداخليين,
HLC-IMO-.YYYY.-,HLC-IMO-.YYYY.-,
Total Orders,إجمالي الطلبات,
Completed Orders,الطلبات المكتملة,
Add Medication Orders,أضف طلبات الأدوية,
Adding Order Entries,إضافة إدخالات الطلب,
{0} medication orders completed,تم إكمال {0} من طلبات الأدوية,
{0} medication order completed,اكتمل طلب الدواء {0},
Inpatient Medication Order Entry,إدخال طلب الأدوية للمرضى الداخليين,
Is Order Completed,هل اكتمل الطلب,
Employee Records to Be Created By,سجلات الموظفين التي سيتم إنشاؤها بواسطة,
Employee records are created using the selected field,يتم إنشاء سجلات الموظفين باستخدام الحقل المحدد,
Don't send employee birthday reminders,لا ترسل تذكيرات عيد ميلاد الموظف,
Restrict Backdated Leave Applications,تقييد طلبات الإجازة القديمة,
Sequence ID,معرف التسلسل,
Sequence Id,معرف التسلسل,
Allow multiple material consumptions against a Work Order,السماح باستهلاكات متعددة للمواد مقابل طلب العمل,
Plan time logs outside Workstation working hours,سجلات وقت الخطة خارج ساعات عمل محطة العمل,
Plan operations X days in advance,خطط العمليات قبل X من الأيام,
Time Between Operations (Mins),الوقت بين العمليات (بالدقائق),
Default: 10 mins,الافتراضي: 10 دقائق,
Overproduction for Sales and Work Order,زيادة الإنتاج للمبيعات وطلب العمل,
"Update BOM cost automatically via scheduler, based on the latest Valuation Rate/Price List Rate/Last Purchase Rate of raw materials",قم بتحديث تكلفة قائمة المواد تلقائيًا عبر المجدول ، استنادًا إلى أحدث معدل تقييم / سعر قائمة الأسعار / آخر سعر شراء للمواد الخام,
Purchase Order already created for all Sales Order items,تم إنشاء أمر الشراء بالفعل لجميع بنود أوامر المبيعات,
Select Items,اختيار العناصر,
Against Default Supplier,ضد المورد الافتراضي,
Auto close Opportunity after the no. of days mentioned above,فرصة الإغلاق التلقائي بعد لا. من الأيام المذكورة أعلاه,
Is Sales Order Required for Sales Invoice & Delivery Note Creation?,هل طلب المبيعات مطلوب لإنشاء فاتورة المبيعات ومذكرة التسليم؟,
Is Delivery Note Required for Sales Invoice Creation?,هل مطلوب مذكرة التسليم لإنشاء فاتورة المبيعات؟,
How often should Project and Company be updated based on Sales Transactions?,كم مرة يجب تحديث المشروع والشركة بناءً على معاملات المبيعات؟,
Allow User to Edit Price List Rate in Transactions,السماح للمستخدم بتحرير سعر قائمة الأسعار في المعاملات,
Allow Item to Be Added Multiple Times in a Transaction,السماح بإضافة العنصر عدة مرات في المعاملة,
Allow Multiple Sales Orders Against a Customer's Purchase Order,السماح بأوامر مبيعات متعددة مقابل طلب الشراء الخاص بالعميل,
Validate Selling Price for Item Against Purchase Rate or Valuation Rate,تحقق من صحة سعر البيع للسلعة مقابل معدل الشراء أو معدل التقييم,
Hide Customer's Tax ID from Sales Transactions,إخفاء المعرّف الضريبي للعميل من معاملات المبيعات,
"The percentage you are allowed to receive or deliver more against the quantity ordered. For example, if you have ordered 100 units, and your Allowance is 10%, then you are allowed to receive 110 units.",النسبة المئوية المسموح لك باستلامها أو تسليم المزيد مقابل الكمية المطلوبة. على سبيل المثال ، إذا كنت قد طلبت 100 وحدة ، وكان مخصصك 10٪ ، فيُسمح لك باستلام 110 وحدة.,
Action If Quality Inspection Is Not Submitted,الإجراء إذا لم يتم تقديم استقصاء الجودة,
Auto Insert Price List Rate If Missing,إدراج سعر قائمة الأسعار تلقائيًا إذا كان مفقودًا,
Automatically Set Serial Nos Based on FIFO,قم بتعيين الأرقام التسلسلية تلقائيًا استنادًا إلى ما يرد أولاً يصرف أولاً,
Set Qty in Transactions Based on Serial No Input,قم بتعيين الكمية في المعاملات بناءً على عدم إدخال تسلسلي,
Raise Material Request When Stock Reaches Re-order Level,رفع طلب المواد عندما يصل المخزون إلى مستوى إعادة الطلب,
Notify by Email on Creation of Automatic Material Request,الإخطار عن طريق البريد الإلكتروني عند إنشاء طلب المواد تلقائيًا,
Allow Material Transfer from Delivery Note to Sales Invoice,السماح بنقل المواد من مذكرة التسليم إلى فاتورة المبيعات,
Allow Material Transfer from Purchase Receipt to Purchase Invoice,السماح بنقل المواد من إيصال الشراء إلى فاتورة الشراء,
Freeze Stocks Older Than (Days),تجميد المخزونات أقدم من (أيام),
Role Allowed to Edit Frozen Stock,الدور المسموح به لتحرير المخزون المجمد,
The unallocated amount of Payment Entry {0} is greater than the Bank Transaction's unallocated amount,المبلغ غير المخصص لإدخال الدفع {0} أكبر من المبلغ غير المخصص للمعاملة المصرفية,
Payment Received,تم استلام الدفعة,
Attendance cannot be marked outside of Academic Year {0},لا يمكن وضع علامة على الحضور خارج العام الدراسي {0},
Student is already enrolled via Course Enrollment {0},تم تسجيل الطالب بالفعل عن طريق التسجيل في الدورة التدريبية {0},
Attendance cannot be marked for future dates.,لا يمكن تحديد الحضور للتواريخ المستقبلية.,
Please add programs to enable admission application.,الرجاء إضافة برامج لتمكين تطبيق القبول.,
The following employees are currently still reporting to {0}:,لا يزال الموظفون التالي ذكرهم يتبعون حاليًا {0}:,
Please make sure the employees above report to another Active employee.,يرجى التأكد من أن الموظفين أعلاه يقدمون تقارير إلى موظف نشط آخر.,
Cannot Relieve Employee,لا يمكن إعفاء الموظف,
Please enter {0},الرجاء إدخال {0},
Please select another payment method. Mpesa does not support transactions in currency '{0}',الرجاء تحديد طريقة دفع أخرى. لا تدعم Mpesa المعاملات بالعملة &quot;{0}&quot;,
Transaction Error,خطأ في المعاملة,
Mpesa Express Transaction Error,خطأ معاملة Mpesa Express,
"Issue detected with Mpesa configuration, check the error logs for more details",تم اكتشاف مشكلة في تكوين Mpesa ، تحقق من سجلات الأخطاء لمزيد من التفاصيل,
Mpesa Express Error,خطأ Mpesa Express,
Account Balance Processing Error,خطأ في معالجة رصيد الحساب,
Please check your configuration and try again,يرجى التحقق من التكوين الخاص بك وحاول مرة أخرى,
Mpesa Account Balance Processing Error,خطأ في معالجة رصيد حساب Mpesa,
Balance Details,تفاصيل الرصيد,
Current Balance,الرصيد الحالي,
Available Balance,الرصيد المتوفر,
Reserved Balance,رصيد محجوز,
Uncleared Balance,رصيد غير مصفى,
Payment related to {0} is not completed,الدفع المتعلق بـ {0} لم يكتمل,
Row #{}: Item Code: {} is not available under warehouse {}.,الصف # {}: رمز العنصر: {} غير متوفر ضمن المستودع {}.,
Row #{}: Stock quantity not enough for Item Code: {} under warehouse {}. Available quantity {}.,الصف # {}: كمية المخزون غير كافية لرمز الصنف: {} تحت المستودع {}. الكمية المتوفرة {}.,
Row #{}: Please select a serial no and batch against item: {} or remove it to complete transaction.,الصف # {}: الرجاء تحديد رقم تسلسلي ودفعة مقابل العنصر: {} أو إزالته لإكمال المعاملة.,
Row #{}: No serial number selected against item: {}. Please select one or remove it to complete transaction.,الصف # {}: لم يتم تحديد رقم تسلسلي مقابل العنصر: {}. يرجى تحديد واحد أو إزالته لإكمال الصفقة.,
Row #{}: No batch selected against item: {}. Please select a batch or remove it to complete transaction.,الصف رقم {}: لم يتم تحديد دُفعة مقابل العنصر: {}. يرجى تحديد دفعة أو إزالتها لإكمال المعاملة.,
Payment amount cannot be less than or equal to 0,لا يمكن أن يكون مبلغ الدفعة أقل من أو يساوي 0,
Please enter the phone number first,الرجاء إدخال رقم الهاتف أولاً,
Row #{}: {} {} does not exist.,الصف رقم {}: {} {} غير موجود.,
Row #{0}: {1} is required to create the Opening {2} Invoices,الصف رقم {0}: {1} مطلوب لإنشاء فواتير الافتتاح {2},
You had {} errors while creating opening invoices. Check {} for more details,كان لديك {} من الأخطاء أثناء إنشاء الفواتير الافتتاحية. تحقق من {} لمزيد من التفاصيل,
Error Occured,حدث خطأ,
Opening Invoice Creation In Progress,جاري إنشاء الفاتورة الافتتاحية,
Creating {} out of {} {},إنشاء {} من {} {},
(Serial No: {0}) cannot be consumed as it's reserverd to fullfill Sales Order {1}.,(الرقم التسلسلي: {0}) لا يمكن استهلاكه لأنه محجوز لملء طلب المبيعات {1}.,
Item {0} {1},العنصر {0} {1},
Last Stock Transaction for item {0} under warehouse {1} was on {2}.,كانت آخر معاملة مخزون للبند {0} تحت المستودع {1} في {2}.,
Stock Transactions for Item {0} under warehouse {1} cannot be posted before this time.,لا يمكن ترحيل معاملات المخزون للبند {0} تحت المستودع {1} قبل هذا الوقت.,
Posting future stock transactions are not allowed due to Immutable Ledger,لا يُسمح بترحيل معاملات الأسهم المستقبلية بسبب دفتر الأستاذ غير القابل للتغيير,
A BOM with name {0} already exists for item {1}.,يوجد BOM بالاسم {0} بالفعل للعنصر {1}.,
{0}{1} Did you rename the item? Please contact Administrator / Tech support,{0} {1} هل أعدت تسمية العنصر؟ يرجى الاتصال بالدعم الفني / المسؤول,
At row #{0}: the sequence id {1} cannot be less than previous row sequence id {2},في الصف # {0}: لا يمكن أن يكون معرف التسلسل {1} أقل من معرف تسلسل الصف السابق {2},
The {0} ({1}) must be equal to {2} ({3}),يجب أن يكون {0} ({1}) مساويًا لـ {2} ({3}),
"{0}, complete the operation {1} before the operation {2}.",{0} ، أكمل العملية {1} قبل العملية {2}.,
Cannot ensure delivery by Serial No as Item {0} is added with and without Ensure Delivery by Serial No.,لا يمكن ضمان التسليم بواسطة Serial No حيث أن العنصر {0} مضاف مع وبدون ضمان التسليم بواسطة Serial No.,
Item {0} has no Serial No. Only serilialized items can have delivery based on Serial No,لا يحتوي العنصر {0} على رقم مسلسل. يمكن فقط تسليم العناصر المسلسلة بناءً على الرقم التسلسلي,
No active BOM found for item {0}. Delivery by Serial No cannot be ensured,لم يتم العثور على BOM نشط للعنصر {0}. لا يمكن ضمان التسليم عن طريق الرقم التسلسلي,
No pending medication orders found for selected criteria,لم يتم العثور على طلبات الأدوية المعلقة للمعايير المحددة,
From Date cannot be after the current date.,لا يمكن أن يكون من تاريخ بعد التاريخ الحالي.,
To Date cannot be after the current date.,لا يمكن أن يكون &quot;To Date&quot; بعد التاريخ الحالي.,
From Time cannot be after the current time.,من وقت لا يمكن أن يكون بعد الوقت الحالي.,
To Time cannot be after the current time.,لا يمكن أن يكون الوقت بعد الوقت الحالي.,
Stock Entry {0} created and ,تم إنشاء إدخال المخزون {0} و,
Inpatient Medication Orders updated successfully,تم تحديث طلبات الأدوية للمرضى الداخليين بنجاح,
Row {0}: Cannot create Inpatient Medication Entry against cancelled Inpatient Medication Order {1},الصف {0}: لا يمكن إنشاء إدخال دواء للمرضى الداخليين مقابل طلب دواء للمرضى الداخليين تم إلغاؤه {1},
Row {0}: This Medication Order is already marked as completed,الصف {0}: تم بالفعل وضع علامة على طلب الدواء هذا على أنه مكتمل,
Quantity not available for {0} in warehouse {1},الكمية غير متوفرة لـ {0} في المستودع {1},
Please enable Allow Negative Stock in Stock Settings or create Stock Entry to proceed.,يرجى تمكين السماح بالمخزون السلبي في إعدادات المخزون أو إنشاء إدخال المخزون للمتابعة.,
No Inpatient Record found against patient {0},لم يتم العثور على سجل للمرضى الداخليين للمريض {0},
An Inpatient Medication Order {0} against Patient Encounter {1} already exists.,يوجد بالفعل طلب دواء للمرضى الداخليين {0} ضد مقابلة المريض {1}.,
Allow In Returns,السماح في المرتجعات,
Hide Unavailable Items,إخفاء العناصر غير المتوفرة,
Apply Discount on Discounted Rate,تطبيق الخصم على السعر المخفض,
Therapy Plan Template,نموذج خطة العلاج,
Fetching Template Details,إحضار تفاصيل النموذج,
Linked Item Details,تفاصيل العنصر المرتبط,
Therapy Types,أنواع العلاج,
Therapy Plan Template Detail,تفاصيل نموذج خطة العلاج,
Non Conformance,غير مطابقة,
Process Owner,صاحب العملية,
Corrective Action,اجراء تصحيحي,
Preventive Action,إجراءات وقائية,
Problem,مشكلة,
Responsible,مسؤول,
Completion By,اكتمال بواسطة,
Process Owner Full Name,الاسم الكامل لصاحب العملية,
Right Index,الفهرس الأيمن,
Left Index,الفهرس الأيسر,
Sub Procedure,الإجراء الفرعي,
Passed,تم الاجتياز بنجاح,
Print Receipt,اطبع الايصال,
Edit Receipt,تحرير الإيصال,
Focus on search input,ركز على إدخال البحث,
Focus on Item Group filter,التركيز على عامل تصفية مجموعة العناصر,
Checkout Order / Submit Order / New Order,طلب الخروج / إرسال الطلب / طلب جديد,
Add Order Discount,أضف خصم الطلب,
Item Code: {0} is not available under warehouse {1}.,رمز العنصر: {0} غير متوفر ضمن المستودع {1}.,
Serial numbers unavailable for Item {0} under warehouse {1}. Please try changing warehouse.,الأرقام التسلسلية غير متاحة للعنصر {0} تحت المستودع {1}. يرجى محاولة تغيير المستودع.,
Fetched only {0} available serial numbers.,تم جلب {0} من الأرقام التسلسلية المتوفرة فقط.,
Switch Between Payment Modes,التبديل بين طرق الدفع,
Enter {0} amount.,أدخل مبلغ {0}.,
You don't have enough points to redeem.,ليس لديك ما يكفي من النقاط لاستردادها.,
You can redeem upto {0}.,يمكنك استرداد ما يصل إلى {0}.,
Enter amount to be redeemed.,أدخل المبلغ المراد استرداده.,
You cannot redeem more than {0}.,لا يمكنك استرداد أكثر من {0}.,
Open Form View,افتح طريقة عرض النموذج,
POS invoice {0} created succesfully,تم إنشاء فاتورة نقاط البيع {0} بنجاح,
Stock quantity not enough for Item Code: {0} under warehouse {1}. Available quantity {2}.,كمية المخزون غير كافية لرمز الصنف: {0} تحت المستودع {1}. الكمية المتوفرة {2}.,
Serial No: {0} has already been transacted into another POS Invoice.,الرقم التسلسلي: تم بالفعل معاملة {0} في فاتورة نقطة بيع أخرى.,
Balance Serial No,الرقم التسلسلي للميزان,
Warehouse: {0} does not belong to {1},المستودع: {0} لا ينتمي إلى {1},
Please select batches for batched item {0},الرجاء تحديد دفعات للصنف المجمّع {0},
Please select quantity on row {0},الرجاء تحديد الكمية في الصف {0},
Please enter serial numbers for serialized item {0},الرجاء إدخال الأرقام التسلسلية للعنصر المسلسل {0},
Batch {0} already selected.,الدفعة {0} محددة بالفعل.,
Please select a warehouse to get available quantities,الرجاء تحديد مستودع للحصول على الكميات المتاحة,
"For transfer from source, selected quantity cannot be greater than available quantity",للتحويل من المصدر ، لا يمكن أن تكون الكمية المحددة أكبر من الكمية المتاحة,
Cannot find Item with this Barcode,لا يمكن العثور على عنصر بهذا الرمز الشريطي,
{0} is mandatory. Maybe Currency Exchange record is not created for {1} to {2},{0} إلزامي. ربما لم يتم إنشاء سجل صرف العملات من {1} إلى {2},
{} has submitted assets linked to it. You need to cancel the assets to create purchase return.,قام {} بتقديم أصول مرتبطة به. تحتاج إلى إلغاء الأصول لإنشاء عائد شراء.,
Cannot cancel this document as it is linked with submitted asset {0}. Please cancel it to continue.,لا يمكن إلغاء هذا المستند لأنه مرتبط بالأصل المقدم {0}. من فضلك قم بإلغائها للمتابعة.,
Row #{}: Serial No. {} has already been transacted into another POS Invoice. Please select valid serial no.,الصف # {}: الرقم التسلسلي {} تم بالفعل التعامل معه في فاتورة نقطة بيع أخرى. الرجاء تحديد رقم تسلسلي صالح.,
Row #{}: Serial Nos. {} has already been transacted into another POS Invoice. Please select valid serial no.,الصف # {}: تم بالفعل التعامل مع الأرقام التسلسلية. {} في فاتورة نقطة بيع أخرى. الرجاء تحديد رقم تسلسلي صالح.,
Item Unavailable,العنصر غير متوفر,
Row #{}: Serial No {} cannot be returned since it was not transacted in original invoice {},الصف # {}: لا يمكن إرجاع الرقم التسلسلي {} لأنه لم يتم التعامل معه في الفاتورة الأصلية {},
Please set default Cash or Bank account in Mode of Payment {},الرجاء تعيين حساب نقدي أو مصرفي افتراضي في طريقة الدفع {},
Please set default Cash or Bank account in Mode of Payments {},الرجاء تعيين حساب نقدي أو مصرفي افتراضي في طريقة الدفع {},
Please ensure {} account is a Balance Sheet account. You can change the parent account to a Balance Sheet account or select a different account.,يرجى التأكد من أن حساب {} هو حساب الميزانية العمومية. يمكنك تغيير الحساب الرئيسي إلى حساب الميزانية العمومية أو تحديد حساب مختلف.,
Please ensure {} account is a Payable account. Change the account type to Payable or select a different account.,الرجاء التأكد من أن حساب {} حساب قابل للدفع. قم بتغيير نوع الحساب إلى &quot;مستحق الدفع&quot; أو حدد حسابًا مختلفًا.,
Row {}: Expense Head changed to {} ,الصف {}: تم تغيير رأس المصاريف إلى {},
because account {} is not linked to warehouse {} ,لأن الحساب {} غير مرتبط بالمستودع {},
or it is not the default inventory account,أو أنه ليس حساب المخزون الافتراضي,
Expense Head Changed,تغيير رأس المصاريف,
because expense is booked against this account in Purchase Receipt {},لأنه تم حجز المصروفات مقابل هذا الحساب في إيصال الشراء {},
as no Purchase Receipt is created against Item {}. ,حيث لم يتم إنشاء إيصال شراء مقابل العنصر {}.,
This is done to handle accounting for cases when Purchase Receipt is created after Purchase Invoice,يتم إجراء ذلك للتعامل مع محاسبة الحالات التي يتم فيها إنشاء إيصال الشراء بعد فاتورة الشراء,
Purchase Order Required for item {},طلب الشراء مطلوب للعنصر {},
To submit the invoice without purchase order please set {} ,لإرسال الفاتورة بدون أمر شراء ، يرجى تعيين {},
as {} in {},كـ {} في {},
Mandatory Purchase Order,أمر شراء إلزامي,
Purchase Receipt Required for item {},إيصال الشراء مطلوب للعنصر {},
To submit the invoice without purchase receipt please set {} ,لإرسال الفاتورة بدون إيصال شراء ، يرجى تعيين {},
Mandatory Purchase Receipt,إيصال الشراء الإلزامي,
POS Profile {} does not belongs to company {},الملف الشخصي لنقاط البيع {} لا ينتمي إلى الشركة {},
User {} is disabled. Please select valid user/cashier,المستخدم {} معطل. الرجاء تحديد مستخدم / أمين صندوق صالح,
Row #{}: Original Invoice {} of return invoice {} is {}. ,الصف رقم {}: الفاتورة الأصلية {} فاتورة الإرجاع {} هي {}.,
Original invoice should be consolidated before or along with the return invoice.,يجب دمج الفاتورة الأصلية قبل أو مع فاتورة الإرجاع.,
You can add original invoice {} manually to proceed.,يمكنك إضافة الفاتورة الأصلية {} يدويًا للمتابعة.,
Please ensure {} account is a Balance Sheet account. ,يرجى التأكد من أن حساب {} هو حساب الميزانية العمومية.,
You can change the parent account to a Balance Sheet account or select a different account.,يمكنك تغيير الحساب الرئيسي إلى حساب الميزانية العمومية أو تحديد حساب مختلف.,
Please ensure {} account is a Receivable account. ,يرجى التأكد من أن حساب {} هو حساب مدينة.,
Change the account type to Receivable or select a different account.,قم بتغيير نوع الحساب إلى &quot;ذمم مدينة&quot; أو حدد حسابًا مختلفًا.,
{} can't be cancelled since the Loyalty Points earned has been redeemed. First cancel the {} No {},لا يمكن إلغاء {} نظرًا لاسترداد نقاط الولاء المكتسبة. قم أولاً بإلغاء {} لا {},
already exists,موجود أصلا,
POS Closing Entry {} against {} between selected period,دخول إغلاق نقطة البيع {} مقابل {} بين الفترة المحددة,
POS Invoice is {},فاتورة نقاط البيع {},
POS Profile doesn't matches {},الملف الشخصي لنقطة البيع لا يتطابق مع {},
POS Invoice is not {},فاتورة نقاط البيع ليست {},
POS Invoice isn't created by user {},لم ينشئ المستخدم فاتورة نقاط البيع {},
Row #{}: {},رقم الصف {}: {},
Invalid POS Invoices,فواتير نقاط البيع غير صالحة,
Please add the account to root level Company - {},الرجاء إضافة الحساب إلى شركة على مستوى الجذر - {},
"While creating account for Child Company {0}, parent account {1} not found. Please create the parent account in corresponding COA",أثناء إنشاء حساب Child Company {0} ، لم يتم العثور على الحساب الرئيسي {1}. الرجاء إنشاء الحساب الرئيسي في شهادة توثيق البرامج المقابلة,
Account Not Found,الحساب غير موجود,
"While creating account for Child Company {0}, parent account {1} found as a ledger account.",أثناء إنشاء حساب الشركة الفرعية {0} ، تم العثور على الحساب الرئيسي {1} كحساب دفتر أستاذ.,
Please convert the parent account in corresponding child company to a group account.,الرجاء تحويل الحساب الرئيسي في الشركة الفرعية المقابلة إلى حساب مجموعة.,
Invalid Parent Account,حساب الوالد غير صالح,
"Renaming it is only allowed via parent company {0}, to avoid mismatch.",يُسمح بإعادة تسميته فقط عبر الشركة الأم {0} ، لتجنب عدم التطابق.,
"If you {0} {1} quantities of the item {2}, the scheme {3} will be applied on the item.",إذا قمت {0} {1} بكميات العنصر {2} ، فسيتم تطبيق المخطط {3} على العنصر.,
"If you {0} {1} worth item {2}, the scheme {3} will be applied on the item.",إذا كنت {0} {1} تستحق العنصر {2} ، فسيتم تطبيق النظام {3} على العنصر.,
"As the field {0} is enabled, the field {1} is mandatory.",نظرًا لتمكين الحقل {0} ، يكون الحقل {1} إلزاميًا.,
"As the field {0} is enabled, the value of the field {1} should be more than 1.",أثناء تمكين الحقل {0} ، يجب أن تكون قيمة الحقل {1} أكثر من 1.,
Cannot deliver Serial No {0} of item {1} as it is reserved to fullfill Sales Order {2},لا يمكن تسليم الرقم التسلسلي {0} للصنف {1} لأنه محجوز لملء طلب المبيعات {2},
"Sales Order {0} has reservation for the item {1}, you can only deliver reserved {1} against {0}.",طلب المبيعات {0} لديه حجز للعنصر {1} ، يمكنك فقط تسليم {1} محجوز مقابل {0}.,
{0} Serial No {1} cannot be delivered,لا يمكن تسليم {0} الرقم التسلسلي {1},
Row {0}: Subcontracted Item is mandatory for the raw material {1},الصف {0}: العنصر المتعاقد عليه من الباطن إلزامي للمادة الخام {1},
"As there are sufficient raw materials, Material Request is not required for Warehouse {0}.",نظرًا لوجود مواد خام كافية ، فإن طلب المواد ليس مطلوبًا للمستودع {0}.,
" If you still want to proceed, please enable {0}.",إذا كنت لا تزال تريد المتابعة ، فيرجى تمكين {0}.,
The item referenced by {0} - {1} is already invoiced,العنصر المشار إليه بواسطة {0} - {1} تم تحرير فاتورة به بالفعل,
Therapy Session overlaps with {0},تتداخل جلسة العلاج مع {0},
Therapy Sessions Overlapping,جلسات العلاج متداخلة,
Therapy Plans,خطط العلاج,
"Item Code, warehouse, quantity are required on row {0}",مطلوب رمز الصنف والمستودع والكمية في الصف {0},
Get Items from Material Requests against this Supplier,الحصول على عناصر من طلبات المواد ضد هذا المورد,
Enable European Access,تمكين الوصول الأوروبي,
Creating Purchase Order ...,إنشاء أمر شراء ...,
"Select a Supplier from the Default Suppliers of the items below. On selection, a Purchase Order will be made against items belonging to the selected Supplier only.",حدد موردًا من الموردين الافتراضيين للعناصر أدناه. عند التحديد ، سيتم إجراء طلب الشراء مقابل العناصر التي تنتمي إلى المورد المحدد فقط.,
Row #{}: You must select {} serial numbers for item {}.,الصف # {}: يجب تحديد {} الأرقام التسلسلية للعنصر {}.,
Madam,مدام,
